Bank of India,Top 3000 as per webometrics.info ,Data not available,,,
,,,,,
Lender name,University,Country / Main Campus,Criteria,Source,Courses
Bank of India,Massachusetts Institute of Technology,United States of America,Top 1000 as per QS Rankings 2026,https://www.topuniversities.com/world-university-rankings,
Bank of India,Imperial College London,United Kingdom,Top 1000 as per QS Rankings 2026,https://www.topuniversities.com/world-university-rankings,
Bank of India,Stanford University,United States of America,Top 1000 as per QS Rankings 2026,https://www.topuniversities.com/world-university-rankings,
Bank of India,University of Oxford,United Kingdom,Top 1000 as per QS Rankings 2026,https://www.topuniversities.com/world-university-rankings,
Bank of India,Harvard University,United States of America,Top 1000 as per QS Rankings 2026,https://www.topuniversities.com/world-university-rankings,
Bank of India,University of Cambridge,United Kingdom,Top 1000 as per QS Rankings 2026,https://www.topuniversities.com/world-university-rankings,
Bank of India,ETH Zurich,Switzerland,Top 1000 as per QS Rankings 2026,https://www.topuniversities.com/world-university-rankings,
Bank of India,National University of Singapore,Singapore,Top 1000 as per QS Rankings 2026,https://www.topuniversities.com/world-university-rankings,
Bank of India,University College London,United Kingdom,Top 1000 as per QS Rankings 2026,https://www.topuniversities.com/world-university-rankings,
Bank of India,California Institute of Technology,United States of America,Top 1000 as per QS Rankings 2026,https://www.topuniversities.com/world-university-rankings,
Bank of India,University of Hong Kong,China,Top 1000 as per QS Rankings 2026,https://www.topuniversities.com/world-university-rankings,
Bank of India,Nanyang Technological University,Singapore,Top 1000 as per QS Rankings 2026,https://www.topuniversities.com/world-university-rankings,
Bank of India,University of Chicago,United States of America,Top 1000 as per QS Rankings 2026,https://www.topuniversities.com/world-university-rankings,
Bank of India,Peking University,China,Top 1000 as per QS Rankings 2026,https://www.topuniversities.com/world-university-rankings,
Bank of India,University of Pennsylvania,United States of America,Top 1000 as per QS Rankings 2026,https://www.topuniversities.com/world-university-rankings,
Bank of India,Cornell University,United States of America,Top 1000 as per QS Rankings 2026,https://www.topuniversities.com/world-university-rankings,
Bank of India,Tsinghua University,China,Top 1000 as per QS Rankings 2026,https://www.topuniversities.com/world-university-rankings,
Bank of India,"University of California, Berkeley",United States of America,Top 1000 as per QS Rankings 2026,https://www.topuniversities.com/world-university-rankings,
Bank of India,University of Melbourne,Australia,Top 1000 as per QS Rankings 2026,https://www.topuniversities.com/world-university-rankings,
Bank of India,University of New South Wales,Australia,Top 1000 as per QS Rankings 2026,https://www.topuniversities.com/world-university-rankings,
Bank of India,Yale University,United States of America,Top 1000 as per QS Rankings 2026,https://www.topuniversities.com/world-university-rankings,
Bank of India,Ecole Polytechnique Federale de Lausanne,Switzerland,Top 1000 as per QS Rankings 2026,https://www.topuniversities.com/world-university-rankings,
Bank of India,Technical University of Munich,Germany,Top 1000 as per QS Rankings 2026,https://www.topuniversities.com/world-university-rankings,
Bank of India,Johns Hopkins University,United States of America,Top 1000 as per QS Rankings 2026,https://www.topuniversities.com/world-university-rankings,
Bank of India,Princeton University,United States of America,Top 1000 as per QS Rankings 2026,https://www.topuniversities.com/world-university-rankings,
Bank of India,University of Sydney,Australia,Top 1000 as per QS Rankings 2026,https://www.topuniversities.com/world-university-rankings,
Bank of India,McGill University,Canada,Top 1000 as per QS Rankings 2026,https://www.topuniversities.com/world-university-rankings,
Bank of India,PSL University,France,Top 1000 as per QS Rankings 2026,https://www.topuniversities.com/world-university-rankings,
Bank of India,University of Toronto,Canada,Top 1000 as per QS Rankings 2026,https://www.topuniversities.com/world-university-rankings,
Bank of India,Fudan University,China,Top 1000 as per QS Rankings 2026,https://www.topuniversities.com/world-university-rankings,
Bank of India,Kings College London,United Kingdom,Top 1000 as per QS Rankings 2026,https://www.topuniversities.com/world-university-rankings,
Bank of India,Australian National University,Australia,Top 1000 as per QS Rankings 2026,https://www.topuniversities.com/world-university-rankings,
Bank of India,Chinese University of Hong Kong,China,Top 1000 as per QS Rankings 2026,https://www.topuniversities.com/world-university-rankings,
Bank of India,University of Edinburgh,United Kingdom,Top 1000 as per QS Rankings 2026,https://www.topuniversities.com/world-university-rankings,
Bank of India,University of Manchester,United Kingdom,Top 1000 as per QS Rankings 2026,https://www.topuniversities.com/world-university-rankings,
Bank of India,Monash University,Australia,Top 1000 as per QS Rankings 2026,https://www.topuniversities.com/world-university-rankings,
Bank of India,University of Tokyo,Japan,Top 1000 as per QS Rankings 2026,https://www.topuniversities.com/world-university-rankings,
Bank of India,Columbia University,United States of America,Top 1000 as per QS Rankings 2026,https://www.topuniversities.com/world-university-rankings,
Bank of India,Seoul National University,South Korea,Top 1000 as per QS Rankings 2026,https://www.topuniversities.com/world-university-rankings,
Bank of India,University of British Columbia,Canada,Top 1000 as per QS Rankings 2026,https://www.topuniversities.com/world-university-rankings,
Bank of India,Institut Polytechnique de Paris,France,Top 1000 as per QS Rankings 2026,https://www.topuniversities.com/world-university-rankings,
Bank of India,Northwestern University,United States of America,Top 1000 as per QS Rankings 2026,https://www.topuniversities.com/world-university-rankings,
Bank of India,University of Queensland,Australia,Top 1000 as per QS Rankings 2026,https://www.topuniversities.com/world-university-rankings,
Bank of India,Hong Kong University of Science and Technology,China,Top 1000 as per QS Rankings 2026,https://www.topuniversities.com/world-university-rankings,
Bank of India,University of Michigan,United States of America,Top 1000 as per QS Rankings 2026,https://www.topuniversities.com/world-university-rankings,
Bank of India,"University of California, Los Angeles",United States of America,Top 1000 as per QS Rankings 2026,https://www.topuniversities.com/world-university-rankings,
Bank of India,Delft University of Technology,Netherlands,Top 1000 as per QS Rankings 2026,https://www.topuniversities.com/world-university-rankings,
Bank of India,Shanghai Jiao Tong University,China,Top 1000 as per QS Rankings 2026,https://www.topuniversities.com/world-university-rankings,
Bank of India,Zhejiang University,China,Top 1000 as per QS Rankings 2026,https://www.topuniversities.com/world-university-rankings,
Bank of India,Yonsei University,South Korea,Top 1000 as per QS Rankings 2026,https://www.topuniversities.com/world-university-rankings,
Bank of India,University of Bristol,United Kingdom,Top 1000 as per QS Rankings 2026,https://www.topuniversities.com/world-university-rankings,
Bank of India,Carnegie Mellon University,United States of America,Top 1000 as per QS Rankings 2026,https://www.topuniversities.com/world-university-rankings,
Bank of India,University of Amsterdam,Netherlands,Top 1000 as per QS Rankings 2026,https://www.topuniversities.com/world-university-rankings,
Bank of India,Hong Kong Polytechnic University,China,Top 1000 as per QS Rankings 2026,https://www.topuniversities.com/world-university-rankings,
Bank of India,New York University,United States of America,Top 1000 as per QS Rankings 2026,https://www.topuniversities.com/world-university-rankings,
Bank of India,London School of Economics and Political Science,United Kingdom,Top 1000 as per QS Rankings 2026,https://www.topuniversities.com/world-university-rankings,
Bank of India,Kyoto University,Japan,Top 1000 as per QS Rankings 2026,https://www.topuniversities.com/world-university-rankings,
Bank of India,Ludwig Maximilians University Munich,Germany,Top 1000 as per QS Rankings 2026,https://www.topuniversities.com/world-university-rankings,
Bank of India,Universiti Malaya,Malaysia,Top 1000 as per QS Rankings 2026,https://www.topuniversities.com/world-university-rankings,
Bank of India,KU Leuven,Belgium,Top 1000 as per QS Rankings 2026,https://www.topuniversities.com/world-university-rankings,
Bank of India,Korea University,South Korea,Top 1000 as per QS Rankings 2026,https://www.topuniversities.com/world-university-rankings,
Bank of India,Duke University,United States of America,Top 1000 as per QS Rankings 2026,https://www.topuniversities.com/world-university-rankings,
Bank of India,City University of Hong Kong,China,Top 1000 as per QS Rankings 2026,https://www.topuniversities.com/world-university-rankings,
Bank of India,National Taiwan University,Taiwan,Top 1000 as per QS Rankings 2026,https://www.topuniversities.com/world-university-rankings,
Bank of India,University of Auckland,New Zealand,Top 1000 as per QS Rankings 2026,https://www.topuniversities.com/world-university-rankings,
Bank of India,"University of California, San Diego",United States of America,Top 1000 as per QS Rankings 2026,https://www.topuniversities.com/world-university-rankings,
Bank of India,King Fahd University of Petroleum & Minerals,Saudi Arabia,Top 1000 as per QS Rankings 2026,https://www.topuniversities.com/world-university-rankings,
Bank of India,University of Texas at Austin,United States of America,Top 1000 as per QS Rankings 2026,https://www.topuniversities.com/world-university-rankings,
Bank of India,Brown University,United States of America,Top 1000 as per QS Rankings 2026,https://www.topuniversities.com/world-university-rankings,
Bank of India,University Paris-Saclay,France,Top 1000 as per QS Rankings 2026,https://www.topuniversities.com/world-university-rankings,
Bank of India,University of Illinois at Urbana-Champaign,United States of America,Top 1000 as per QS Rankings 2026,https://www.topuniversities.com/world-university-rankings,
Bank of India,Lund University,Sweden,Top 1000 as per QS Rankings 2026,https://www.topuniversities.com/world-university-rankings,
Bank of India,Sorbonne University,France,Top 1000 as per QS Rankings 2026,https://www.topuniversities.com/world-university-rankings,
Bank of India,University of Warwick,United Kingdom,Top 1000 as per QS Rankings 2026,https://www.topuniversities.com/world-university-rankings,
Bank of India,Trinity College Dublin,Ireland,Top 1000 as per QS Rankings 2026,https://www.topuniversities.com/world-university-rankings,
Bank of India,University of Birmingham,United Kingdom,Top 1000 as per QS Rankings 2026,https://www.topuniversities.com/world-university-rankings,
Bank of India,University of Western Australia,Australia,Top 1000 as per QS Rankings 2026,https://www.topuniversities.com/world-university-rankings,
Bank of India,KTH Royal Institute of Technology,Sweden,Top 1000 as per QS Rankings 2026,https://www.topuniversities.com/world-university-rankings,
Bank of India,University of Glasgow,United Kingdom,Top 1000 as per QS Rankings 2026,https://www.topuniversities.com/world-university-rankings,
Bank of India,Heidelberg University,Germany,Top 1000 as per QS Rankings 2026,https://www.topuniversities.com/world-university-rankings,
Bank of India,University of Washington,United States of America,Top 1000 as per QS Rankings 2026,https://www.topuniversities.com/world-university-rankings,
Bank of India,University of Adelaide,Australia,Top 1000 as per QS Rankings 2026,https://www.topuniversities.com/world-university-rankings,
Bank of India,Pennsylvania State University,United States of America,Top 1000 as per QS Rankings 2026,https://www.topuniversities.com/world-university-rankings,
Bank of India,Universidad de Buenos Aires,Argentina,Top 1000 as per QS Rankings 2026,https://www.topuniversities.com/world-university-rankings,
Bank of India,Tokyo Institute of Technology,Japan,Top 1000 as per QS Rankings 2026,https://www.topuniversities.com/world-university-rankings,
Bank of India,University of Leeds,United Kingdom,Top 1000 as per QS Rankings 2026,https://www.topuniversities.com/world-university-rankings,
Bank of India,University of Southampton,United Kingdom,Top 1000 as per QS Rankings 2026,https://www.topuniversities.com/world-university-rankings,
Bank of India,Boston University,United States of America,Top 1000 as per QS Rankings 2026,https://www.topuniversities.com/world-university-rankings,
Bank of India,Freie Universitat Berlin,Germany,Top 1000 as per QS Rankings 2026,https://www.topuniversities.com/world-university-rankings,
Bank of India,Purdue University,United States of America,Top 1000 as per QS Rankings 2026,https://www.topuniversities.com/world-university-rankings,
Bank of India,Osaka University,Japan,Top 1000 as per QS Rankings 2026,https://www.topuniversities.com/world-university-rankings,
Bank of India,University of Sheffield,United Kingdom,Top 1000 as per QS Rankings 2026,https://www.topuniversities.com/world-university-rankings,
Bank of India,Uppsala University,Sweden,Top 1000 as per QS Rankings 2026,https://www.topuniversities.com/world-university-rankings,
Bank of India,Durham University,United Kingdom,Top 1000 as per QS Rankings 2026,https://www.topuniversities.com/world-university-rankings,
Bank of India,University of Alberta,Canada,Top 1000 as per QS Rankings 2026,https://www.topuniversities.com/world-university-rankings,
Bank of India,University of Technology Sydney,Australia,Top 1000 as per QS Rankings 2026,https://www.topuniversities.com/world-university-rankings,
Bank of India,University of Nottingham,United Kingdom,Top 1000 as per QS Rankings 2026,https://www.topuniversities.com/world-university-rankings,
Bank of India,Karlsruhe Institute of Technology (KIT),Germany,Top 1000 as per QS Rankings 2026,https://www.topuniversities.com/world-university-rankings,
Bank of India,Politecnico di Milano,Italy,Top 1000 as per QS Rankings 2026,https://www.topuniversities.com/world-university-rankings,
Bank of India,University of Zurich (UZH),Switzerland,Top 1000 as per QS Rankings 2026,https://www.topuniversities.com/world-university-rankings,
Bank of India,University of Copenhagen,Denmark,Top 1000 as per QS Rankings 2026,https://www.topuniversities.com/world-university-rankings,
Bank of India,Pohang University of Science And Technology (POSTECH),South Korea,Top 1000 as per QS Rankings 2026,https://www.topuniversities.com/world-university-rankings,
Bank of India,Nanjing University,China,Top 1000 as per QS Rankings 2026,https://www.topuniversities.com/world-university-rankings,
Bank of India,Utrecht University,Netherlands,Top 1000 as per QS Rankings 2026,https://www.topuniversities.com/world-university-rankings,
Bank of India,Lomonosov Moscow State University,Russian Federation,Top 1000 as per QS Rankings 2026,https://www.topuniversities.com/world-university-rankings,
Bank of India,Rheinisch-Westfalische Technische Hochschule Aachen,Germany,Top 1000 as per QS Rankings 2026,https://www.topuniversities.com/world-university-rankings,
Bank of India,Technical University of Denmark,Denmark,Top 1000 as per QS Rankings 2026,https://www.topuniversities.com/world-university-rankings,
Bank of India,Universidade de Sao Paulo (USP),Brazil,Top 1000 as per QS Rankings 2026,https://www.topuniversities.com/world-university-rankings,
Bank of India,Tohoku University,Japan,Top 1000 as per QS Rankings 2026,https://www.topuniversities.com/world-university-rankings,
Bank of India,Queen Mary University of London (QMUL),United Kingdom,Top 1000 as per QS Rankings 2026,https://www.topuniversities.com/world-university-rankings,
Bank of India,University of Wisconsin-Madison,United States of America,Top 1000 as per QS Rankings 2026,https://www.topuniversities.com/world-university-rankings,
Bank of India,Qatar University,Qatar,Top 1000 as per QS Rankings 2026,https://www.topuniversities.com/world-university-rankings,
Bank of India,University of St Andrews,United Kingdom,Top 1000 as per QS Rankings 2026,https://www.topuniversities.com/world-university-rankings,
Bank of India,Aalto University,Finland,Top 1000 as per QS Rankings 2026,https://www.topuniversities.com/world-university-rankings,
Bank of India,"University of California, Davis",United States of America,Top 1000 as per QS Rankings 2026,https://www.topuniversities.com/world-university-rankings,
Bank of India,Pontificia Universidad Catolica de Chile,Chile,Top 1000 as per QS Rankings 2026,https://www.topuniversities.com/world-university-rankings,
Bank of India,University of Helsinki,Finland,Top 1000 as per QS Rankings 2026,https://www.topuniversities.com/world-university-rankings,
Bank of India,University College Dublin,Ireland,Top 1000 as per QS Rankings 2026,https://www.topuniversities.com/world-university-rankings,
Bank of India,Leiden University,Netherlands,Top 1000 as per QS Rankings 2026,https://www.topuniversities.com/world-university-rankings,
Bank of India,Rice University,United States of America,Top 1000 as per QS Rankings 2026,https://www.topuniversities.com/world-university-rankings,
Bank of India,University of Oslo,Norway,Top 1000 as per QS Rankings 2026,https://www.topuniversities.com/world-university-rankings,
Bank of India,University of Waterloo,Canada,Top 1000 as per QS Rankings 2026,https://www.topuniversities.com/world-university-rankings,
Bank of India,Georgia Institute of Technology,United States of America,Top 1000 as per QS Rankings 2026,https://www.topuniversities.com/world-university-rankings,
Bank of India,Indian Institute of Technology Delhi (IITD),India,Top 1000 as per QS Rankings 2026,https://www.topuniversities.com/world-university-rankings,
Bank of India,RMIT University,Australia,Top 1000 as per QS Rankings 2026,https://www.topuniversities.com/world-university-rankings,
Bank of India,Sungkyunkwan University,South Korea,Top 1000 as per QS Rankings 2026,https://www.topuniversities.com/world-university-rankings,
Bank of India,Universiti Kebangsaan Malaysia (UKM),Malaysia,Top 1000 as per QS Rankings 2026,https://www.topuniversities.com/world-university-rankings,
Bank of India,Sapienza University of Rome,Italy,Top 1000 as per QS Rankings 2026,https://www.topuniversities.com/world-university-rankings,
Bank of India,Indian Institute of Technology Bombay (IITB),India,Top 1000 as per QS Rankings 2026,https://www.topuniversities.com/world-university-rankings,
Bank of India,Humboldt-Universitat zu Berlin,Germany,Top 1000 as per QS Rankings 2026,https://www.topuniversities.com/world-university-rankings,
Bank of India,Aarhus University,Denmark,Top 1000 as per QS Rankings 2026,https://www.topuniversities.com/world-university-rankings,
Bank of India,University of Bath,United Kingdom,Top 1000 as per QS Rankings 2026,https://www.topuniversities.com/world-university-rankings,
Bank of India,University of Science and Technology of China,China,Top 1000 as per QS Rankings 2026,https://www.topuniversities.com/world-university-rankings,
Bank of India,Universiti Putra Malaysia (UPM),Malaysia,Top 1000 as per QS Rankings 2026,https://www.topuniversities.com/world-university-rankings,
Bank of India,Universiti Sains Malaysia (USM),Malaysia,Top 1000 as per QS Rankings 2026,https://www.topuniversities.com/world-university-rankings,
Bank of India,Universidad Nacional Autonoma de Mexico (UNAM),Mexico,Top 1000 as per QS Rankings 2026,https://www.topuniversities.com/world-university-rankings,
Bank of India,Newcastle University,United Kingdom,Top 1000 as per QS Rankings 2026,https://www.topuniversities.com/world-university-rankings,
Bank of India,Alma Mater Studiorum - University of Bologna,Italy,Top 1000 as per QS Rankings 2026,https://www.topuniversities.com/world-university-rankings,
Bank of India,Macquarie University,Australia,Top 1000 as per QS Rankings 2026,https://www.topuniversities.com/world-university-rankings,
Bank of India,Eindhoven University of Technology,Netherlands,Top 1000 as per QS Rankings 2026,https://www.topuniversities.com/world-university-rankings,
Bank of India,Erasmus University Rotterdam,Netherlands,Top 1000 as per QS Rankings 2026,https://www.topuniversities.com/world-university-rankings,
Bank of India,"University of North Carolina, Chapel Hill",United States of America,Top 1000 as per QS Rankings 2026,https://www.topuniversities.com/world-university-rankings,
Bank of India,King Saud University,Saudi Arabia,Top 1000 as per QS Rankings 2026,https://www.topuniversities.com/world-university-rankings,
Bank of India,Texas A&M University,United States of America,Top 1000 as per QS Rankings 2026,https://www.topuniversities.com/world-university-rankings,
Bank of India,Technische Universitat Berlin,Germany,Top 1000 as per QS Rankings 2026,https://www.topuniversities.com/world-university-rankings,
Bank of India,University of Southern California,United States of America,Top 1000 as per QS Rankings 2026,https://www.topuniversities.com/world-university-rankings,
Bank of India,Stockholm University,Sweden,Top 1000 as per QS Rankings 2026,https://www.topuniversities.com/world-university-rankings,
Bank of India,University of Groningen,Netherlands,Top 1000 as per QS Rankings 2026,https://www.topuniversities.com/world-university-rankings,
Bank of India,University of Liverpool,United Kingdom,Top 1000 as per QS Rankings 2026,https://www.topuniversities.com/world-university-rankings,
Bank of India,University of Cape Town,South Africa,Top 1000 as per QS Rankings 2026,https://www.topuniversities.com/world-university-rankings,
Bank of India,Western University,Canada,Top 1000 as per QS Rankings 2026,https://www.topuniversities.com/world-university-rankings,
Bank of India,University of Vienna,Austria,Top 1000 as per QS Rankings 2026,https://www.topuniversities.com/world-university-rankings,
Bank of India,Universiti Teknologi Malaysia (UTM),Malaysia,Top 1000 as per QS Rankings 2026,https://www.topuniversities.com/world-university-rankings,
Bank of India,Wageningen University & Research,Netherlands,Top 1000 as per QS Rankings 2026,https://www.topuniversities.com/world-university-rankings,
Bank of India,University of Exeter,United Kingdom,Top 1000 as per QS Rankings 2026,https://www.topuniversities.com/world-university-rankings,
Bank of India,University of Geneva,Switzerland,Top 1000 as per QS Rankings 2026,https://www.topuniversities.com/world-university-rankings,
Bank of India,Lancaster University,United Kingdom,Top 1000 as per QS Rankings 2026,https://www.topuniversities.com/world-university-rankings,
Bank of India,University of Basel,Switzerland,Top 1000 as per QS Rankings 2026,https://www.topuniversities.com/world-university-rankings,
Bank of India,Hanyang University,South Korea,Top 1000 as per QS Rankings 2026,https://www.topuniversities.com/world-university-rankings,
Bank of India,University of Barcelona,Spain,Top 1000 as per QS Rankings 2026,https://www.topuniversities.com/world-university-rankings,
Bank of India,Michigan State University,United States of America,Top 1000 as per QS Rankings 2026,https://www.topuniversities.com/world-university-rankings,
Bank of India,Ghent University,Belgium,Top 1000 as per QS Rankings 2026,https://www.topuniversities.com/world-university-rankings,
Bank of India,King Abdul Aziz University (KAU),Saudi Arabia,Top 1000 as per QS Rankings 2026,https://www.topuniversities.com/world-university-rankings,
Bank of India,Nagoya University,Japan,Top 1000 as per QS Rankings 2026,https://www.topuniversities.com/world-university-rankings,
Bank of India,Chalmers University of Technology,Sweden,Top 1000 as per QS Rankings 2026,https://www.topuniversities.com/world-university-rankings,
Bank of India,Al-Farabi Kazakh National University,Kazakhstan,Top 1000 as per QS Rankings 2026,https://www.topuniversities.com/world-university-rankings,
Bank of India,Washington University in St. Louis,United States of America,Top 1000 as per QS Rankings 2026,https://www.topuniversities.com/world-university-rankings,
Bank of India,University of Montreal,Canada,Top 1000 as per QS Rankings 2026,https://www.topuniversities.com/world-university-rankings,
Bank of India,University of York,United Kingdom,Top 1000 as per QS Rankings 2026,https://www.topuniversities.com/world-university-rankings,
Bank of India,Hokkaido University,Japan,Top 1000 as per QS Rankings 2026,https://www.topuniversities.com/world-university-rankings,
Bank of India,Kyushu University,Japan,Top 1000 as per QS Rankings 2026,https://www.topuniversities.com/world-university-rankings,
Bank of India,Universitat Autonoma de Barcelona,Spain,Top 1000 as per QS Rankings 2026,https://www.topuniversities.com/world-university-rankings,
Bank of India,Arizona State University,United States of America,Top 1000 as per QS Rankings 2026,https://www.topuniversities.com/world-university-rankings,
Bank of India,McMaster University,Canada,Top 1000 as per QS Rankings 2026,https://www.topuniversities.com/world-university-rankings,
Bank of India,Universidad de Chile,Chile,Top 1000 as per QS Rankings 2026,https://www.topuniversities.com/world-university-rankings,
Bank of India,National Tsing Hua University,Taiwan,Top 1000 as per QS Rankings 2026,https://www.topuniversities.com/world-university-rankings,
Bank of India,Khalifa University of Science and Technology,United Arab Emirates,Top 1000 as per QS Rankings 2026,https://www.topuniversities.com/world-university-rankings,
Bank of India,Tongji University,China,Top 1000 as per QS Rankings 2026,https://www.topuniversities.com/world-university-rankings,
Bank of India,"University of California, Santa Barbara",United States of America,Top 1000 as per QS Rankings 2026,https://www.topuniversities.com/world-university-rankings,
Bank of India,Indian Institute of Technology Madras (IITM),India,Top 1000 as per QS Rankings 2026,https://www.topuniversities.com/world-university-rankings,
Bank of India,Cardiff University,United Kingdom,Top 1000 as per QS Rankings 2026,https://www.topuniversities.com/world-university-rankings,
Bank of India,Emory University,United States of America,Top 1000 as per QS Rankings 2026,https://www.topuniversities.com/world-university-rankings,
Bank of India,Curtin University,Australia,Top 1000 as per QS Rankings 2026,https://www.topuniversities.com/world-university-rankings,
Bank of India,University of Bern,Switzerland,Top 1000 as per QS Rankings 2026,https://www.topuniversities.com/world-university-rankings,
Bank of India,University of Wollongong,Australia,Top 1000 as per QS Rankings 2026,https://www.topuniversities.com/world-university-rankings,
Bank of India,Wuhan University,China,Top 1000 as per QS Rankings 2026,https://www.topuniversities.com/world-university-rankings,
Bank of India,Tecnologico de Monterrey (ITESM),Mexico,Top 1000 as per QS Rankings 2026,https://www.topuniversities.com/world-university-rankings,
Bank of India,University Complutense Madrid,Spain,Top 1000 as per QS Rankings 2026,https://www.topuniversities.com/world-university-rankings,
Bank of India,UNIVERSITAS INDONESIA,Indonesia,Top 1000 as per QS Rankings 2026,https://www.topuniversities.com/world-university-rankings,
Bank of India,Ohio State University,United States of America,Top 1000 as per QS Rankings 2026,https://www.topuniversities.com/world-university-rankings,
Bank of India,"Queens University, Ontario",Canada,Top 1000 as per QS Rankings 2026,https://www.topuniversities.com/world-university-rankings,
Bank of India,University Catholique de Louvain (UCL),Belgium,Top 1000 as per QS Rankings 2026,https://www.topuniversities.com/world-university-rankings,
Bank of India,Universitat Hamburg,Germany,Top 1000 as per QS Rankings 2026,https://www.topuniversities.com/world-university-rankings,
Bank of India,University of Reading,United Kingdom,Top 1000 as per QS Rankings 2026,https://www.topuniversities.com/world-university-rankings,
Bank of India,Vrije Universiteit Amsterdam,Netherlands,Top 1000 as per QS Rankings 2026,https://www.topuniversities.com/world-university-rankings,
Bank of India,Waseda University,Japan,Top 1000 as per QS Rankings 2026,https://www.topuniversities.com/world-university-rankings,
Bank of India,University of Otago,New Zealand,Top 1000 as per QS Rankings 2026,https://www.topuniversities.com/world-university-rankings,
Bank of India,Vienna University of Technology,Austria,Top 1000 as per QS Rankings 2026,https://www.topuniversities.com/world-university-rankings,
Bank of India,National Yang Ming Chiao Tung University,Taiwan,Top 1000 as per QS Rankings 2026,https://www.topuniversities.com/world-university-rankings,
Bank of India,Queens University Belfast,United Kingdom,Top 1000 as per QS Rankings 2026,https://www.topuniversities.com/world-university-rankings,
Bank of India,Universitat Freiburg,Germany,Top 1000 as per QS Rankings 2026,https://www.topuniversities.com/world-university-rankings,
Bank of India,University of Gothenburg,Sweden,Top 1000 as per QS Rankings 2026,https://www.topuniversities.com/world-university-rankings,
Bank of India,National Cheng Kung University (NCKU),Taiwan,Top 1000 as per QS Rankings 2026,https://www.topuniversities.com/world-university-rankings,
Bank of India,University of Twente,Netherlands,Top 1000 as per QS Rankings 2026,https://www.topuniversities.com/world-university-rankings,
Bank of India,Ecole Normale Superieure de Lyon,France,Top 1000 as per QS Rankings 2026,https://www.topuniversities.com/world-university-rankings,
Bank of India,Universidad Autonoma de Madrid,Spain,Top 1000 as per QS Rankings 2026,https://www.topuniversities.com/world-university-rankings,
Bank of India,Deakin University,Australia,Top 1000 as per QS Rankings 2026,https://www.topuniversities.com/world-university-rankings,
Bank of India,Rheinische Friedrich-Wilhelms-Universitat Bonn,Germany,Top 1000 as per QS Rankings 2026,https://www.topuniversities.com/world-university-rankings,
Bank of India,"University of Maryland, College Park",United States of America,Top 1000 as per QS Rankings 2026,https://www.topuniversities.com/world-university-rankings,
Bank of India,University of Minnesota (System),United States of America,Top 1000 as per QS Rankings 2026,https://www.topuniversities.com/world-university-rankings,
Bank of India,University of Calgary,Canada,Top 1000 as per QS Rankings 2026,https://www.topuniversities.com/world-university-rankings,
Bank of India,Universidad de Los Andes Colombia,Colombia,Top 1000 as per QS Rankings 2026,https://www.topuniversities.com/world-university-rankings,
Bank of India,University of Florida,United States of America,Top 1000 as per QS Rankings 2026,https://www.topuniversities.com/world-university-rankings,
Bank of India,University of Lausanne,Switzerland,Top 1000 as per QS Rankings 2026,https://www.topuniversities.com/world-university-rankings,
Bank of India,Eberhard Karls Universitat Tubingen,Germany,Top 1000 as per QS Rankings 2026,https://www.topuniversities.com/world-university-rankings,
Bank of India,Indian Institute of Technology Kharagpur (IITKGP),India,Top 1000 as per QS Rankings 2026,https://www.topuniversities.com/world-university-rankings,
Bank of India,Keio University,Japan,Top 1000 as per QS Rankings 2026,https://www.topuniversities.com/world-university-rankings,
Bank of India,Technische Universitat Dresden,Germany,Top 1000 as per QS Rankings 2026,https://www.topuniversities.com/world-university-rankings,
Bank of India,Indian Institute of Science (IISc) Bangalore,India,Top 1000 as per QS Rankings 2026,https://www.topuniversities.com/world-university-rankings,
Bank of India,University of Ottawa,Canada,Top 1000 as per QS Rankings 2026,https://www.topuniversities.com/world-university-rankings,
Bank of India,Chulalongkorn University,Thailand,Top 1000 as per QS Rankings 2026,https://www.topuniversities.com/world-university-rankings,
Bank of India,Indian Institute of Technology Kanpur (IITK),India,Top 1000 as per QS Rankings 2026,https://www.topuniversities.com/world-university-rankings,
Bank of India,Tel Aviv University,Israel,Top 1000 as per QS Rankings 2026,https://www.topuniversities.com/world-university-rankings,
Bank of India,Universitas Gadjah Mada,Indonesia,Top 1000 as per QS Rankings 2026,https://www.topuniversities.com/world-university-rankings,
Bank of India,Loughborough University,United Kingdom,Top 1000 as per QS Rankings 2026,https://www.topuniversities.com/world-university-rankings,
Bank of India,Queensland University of Technology,Australia,Top 1000 as per QS Rankings 2026,https://www.topuniversities.com/world-university-rankings,
Bank of India,The University of Newcastle,Australia,Top 1000 as per QS Rankings 2026,https://www.topuniversities.com/world-university-rankings,
Bank of India,University Libre de Bruxelles (ULB),Belgium,Top 1000 as per QS Rankings 2026,https://www.topuniversities.com/world-university-rankings,
Bank of India,United Arab Emirates University,United Arab Emirates,Top 1000 as per QS Rankings 2026,https://www.topuniversities.com/world-university-rankings,
Bank of India,Massey University,New Zealand,Top 1000 as per QS Rankings 2026,https://www.topuniversities.com/world-university-rankings,
Bank of India,University of Lisbon,Portugal,Top 1000 as per QS Rankings 2026,https://www.topuniversities.com/world-university-rankings,
Bank of India,Universitat Erlangen-Nurnberg,Germany,Top 1000 as per QS Rankings 2026,https://www.topuniversities.com/world-university-rankings,
Bank of India,La Trobe University,Australia,Top 1000 as per QS Rankings 2026,https://www.topuniversities.com/world-university-rankings,
Bank of India,Universidade Estadual de Campinas (Unicamp),Brazil,Top 1000 as per QS Rankings 2026,https://www.topuniversities.com/world-university-rankings,
Bank of India,University of Padova,Italy,Top 1000 as per QS Rankings 2026,https://www.topuniversities.com/world-university-rankings,
Bank of India,University of Rochester,United States of America,Top 1000 as per QS Rankings 2026,https://www.topuniversities.com/world-university-rankings,
Bank of India,American University of Beirut (AUB),Lebanon,Top 1000 as per QS Rankings 2026,https://www.topuniversities.com/world-university-rankings,
Bank of India,University of Porto,Portugal,Top 1000 as per QS Rankings 2026,https://www.topuniversities.com/world-university-rankings,
Bank of India,Maastricht University,Netherlands,Top 1000 as per QS Rankings 2026,https://www.topuniversities.com/world-university-rankings,
Bank of India,Hebrew University of Jerusalem,Israel,Top 1000 as per QS Rankings 2026,https://www.topuniversities.com/world-university-rankings,
Bank of India,Victoria University of Wellington,New Zealand,Top 1000 as per QS Rankings 2026,https://www.topuniversities.com/world-university-rankings,
Bank of India,Politecnico di Torino,Italy,Top 1000 as per QS Rankings 2026,https://www.topuniversities.com/world-university-rankings,
Bank of India,Georg-August-Universitat Gottingen,Germany,Top 1000 as per QS Rankings 2026,https://www.topuniversities.com/world-university-rankings,
Bank of India,Hamad Bin Khalifa University,Qatar,Top 1000 as per QS Rankings 2026,https://www.topuniversities.com/world-university-rankings,
Bank of India,Hong Kong Baptist University,China,Top 1000 as per QS Rankings 2026,https://www.topuniversities.com/world-university-rankings,
Bank of India,University College Cork,Ireland,Top 1000 as per QS Rankings 2026,https://www.topuniversities.com/world-university-rankings,
Bank of India,Beijing Normal University,China,Top 1000 as per QS Rankings 2026,https://www.topuniversities.com/world-university-rankings,
Bank of India,Dartmouth College,United States of America,Top 1000 as per QS Rankings 2026,https://www.topuniversities.com/world-university-rankings,
Bank of India,University of Massachusetts Amherst,United States of America,Top 1000 as per QS Rankings 2026,https://www.topuniversities.com/world-university-rankings,
Bank of India,Vanderbilt University,United States of America,Top 1000 as per QS Rankings 2026,https://www.topuniversities.com/world-university-rankings,
Bank of India,Universiti Teknologi Petronas (UTP),Malaysia,Top 1000 as per QS Rankings 2026,https://www.topuniversities.com/world-university-rankings,
Bank of India,University of Strathclyde,United Kingdom,Top 1000 as per QS Rankings 2026,https://www.topuniversities.com/world-university-rankings,
Bank of India,Taylors University (Malaysia),Malaysia,Top 1000 as per QS Rankings 2026,https://www.topuniversities.com/world-university-rankings,
Bank of India,Technische Universitat Darmstadt,Germany,Top 1000 as per QS Rankings 2026,https://www.topuniversities.com/world-university-rankings,
Bank of India,Bandung Institute of Technology (ITB),Indonesia,Top 1000 as per QS Rankings 2026,https://www.topuniversities.com/world-university-rankings,
Bank of India,Harbin Institute of Technology,China,Top 1000 as per QS Rankings 2026,https://www.topuniversities.com/world-university-rankings,
Bank of India,Tianjin University,China,Top 1000 as per QS Rankings 2026,https://www.topuniversities.com/world-university-rankings,
Bank of India,University Paris 1 Pantheon-Sorbonne,France,Top 1000 as per QS Rankings 2026,https://www.topuniversities.com/world-university-rankings,
Bank of India,Beijing Institute of Technology,China,Top 1000 as per QS Rankings 2026,https://www.topuniversities.com/world-university-rankings,
Bank of India,Universidad Nacional de Colombia,Colombia,Top 1000 as per QS Rankings 2026,https://www.topuniversities.com/world-university-rankings,
Bank of India,University of Canterbury,New Zealand,Top 1000 as per QS Rankings 2026,https://www.topuniversities.com/world-university-rankings,
Bank of India,University of Aberdeen,United Kingdom,Top 1000 as per QS Rankings 2026,https://www.topuniversities.com/world-university-rankings,
Bank of India,University of Navarra,Spain,Top 1000 as per QS Rankings 2026,https://www.topuniversities.com/world-university-rankings,
Bank of India,University of Surrey,United Kingdom,Top 1000 as per QS Rankings 2026,https://www.topuniversities.com/world-university-rankings,
Bank of India,Charles University,Czechia,Top 1000 as per QS Rankings 2026,https://www.topuniversities.com/world-university-rankings,
Bank of India,Universitat Pompeu Fabra,Spain,Top 1000 as per QS Rankings 2026,https://www.topuniversities.com/world-university-rankings,
Bank of India,Norwegian University of Science And Technology,Norway,Top 1000 as per QS Rankings 2026,https://www.topuniversities.com/world-university-rankings,
Bank of India,Griffith University,Australia,Top 1000 as per QS Rankings 2026,https://www.topuniversities.com/world-university-rankings,
Bank of India,Middle East Technical University,Türkiye,Top 1000 as per QS Rankings 2026,https://www.topuniversities.com/world-university-rankings,
Bank of India,UCSI University,Malaysia,Top 1000 as per QS Rankings 2026,https://www.topuniversities.com/world-university-rankings,
Bank of India,University of Warsaw,Poland,Top 1000 as per QS Rankings 2026,https://www.topuniversities.com/world-university-rankings,
Bank of India,American University of Sharjah (AUS),United Arab Emirates,Top 1000 as per QS Rankings 2026,https://www.topuniversities.com/world-university-rankings,
Bank of India,North Carolina State University,United States of America,Top 1000 as per QS Rankings 2026,https://www.topuniversities.com/world-university-rankings,
Bank of India,Universitat zu Koln,Germany,Top 1000 as per QS Rankings 2026,https://www.topuniversities.com/world-university-rankings,
Bank of India,University of Virginia,United States of America,Top 1000 as per QS Rankings 2026,https://www.topuniversities.com/world-university-rankings,
Bank of India,Sun Yat-sen University,China,Top 1000 as per QS Rankings 2026,https://www.topuniversities.com/world-university-rankings,
Bank of India,University of Milan,Italy,Top 1000 as per QS Rankings 2026,https://www.topuniversities.com/world-university-rankings,
Bank of India,University of Sussex,United Kingdom,Top 1000 as per QS Rankings 2026,https://www.topuniversities.com/world-university-rankings,
Bank of India,Radboud University Nijmegen,Netherlands,Top 1000 as per QS Rankings 2026,https://www.topuniversities.com/world-university-rankings,
Bank of India,University of Antwerp,Belgium,Top 1000 as per QS Rankings 2026,https://www.topuniversities.com/world-university-rankings,
Bank of India,University of Pittsburgh,United States of America,Top 1000 as per QS Rankings 2026,https://www.topuniversities.com/world-university-rankings,
Bank of India,University of Waikato,New Zealand,Top 1000 as per QS Rankings 2026,https://www.topuniversities.com/world-university-rankings,
Bank of India,Dalhousie University,Canada,Top 1000 as per QS Rankings 2026,https://www.topuniversities.com/world-university-rankings,
Bank of India,University of Galway / Ollscoil na Gaillimhe,Ireland,Top 1000 as per QS Rankings 2026,https://www.topuniversities.com/world-university-rankings,
Bank of India,Georgetown University,United States of America,Top 1000 as per QS Rankings 2026,https://www.topuniversities.com/world-university-rankings,
Bank of India,University of Macau,China,Top 1000 as per QS Rankings 2026,https://www.topuniversities.com/world-university-rankings,
Bank of India,Heriot-Watt University,United Kingdom,Top 1000 as per QS Rankings 2026,https://www.topuniversities.com/world-university-rankings,
Bank of India,Universitas Airlangga,Indonesia,Top 1000 as per QS Rankings 2026,https://www.topuniversities.com/world-university-rankings,
Bank of India,University of Arizona,United States of America,Top 1000 as per QS Rankings 2026,https://www.topuniversities.com/world-university-rankings,
Bank of India,University of Bergen,Norway,Top 1000 as per QS Rankings 2026,https://www.topuniversities.com/world-university-rankings,
Bank of India,University of The Witwatersrand,South Africa,Top 1000 as per QS Rankings 2026,https://www.topuniversities.com/world-university-rankings,
Bank of India,Swansea University,United Kingdom,Top 1000 as per QS Rankings 2026,https://www.topuniversities.com/world-university-rankings,
Bank of India,"University of California, Irvine",United States of America,Top 1000 as per QS Rankings 2026,https://www.topuniversities.com/world-university-rankings,
Bank of India,Case Western Reserve University,United States of America,Top 1000 as per QS Rankings 2026,https://www.topuniversities.com/world-university-rankings,
Bank of India,Swinburne University of Technology,Australia,Top 1000 as per QS Rankings 2026,https://www.topuniversities.com/world-university-rankings,
Bank of India,University of Notre Dame,United States of America,Top 1000 as per QS Rankings 2026,https://www.topuniversities.com/world-university-rankings,
Bank of India,Vrije Universiteit Brussel (VUB),Belgium,Top 1000 as per QS Rankings 2026,https://www.topuniversities.com/world-university-rankings,
Bank of India,Istanbul Technical University,Türkiye,Top 1000 as per QS Rankings 2026,https://www.topuniversities.com/world-university-rankings,
Bank of India,University of Colorado Boulder,United States of America,Top 1000 as per QS Rankings 2026,https://www.topuniversities.com/world-university-rankings,
Bank of India,University Paris Cite,France,Top 1000 as per QS Rankings 2026,https://www.topuniversities.com/world-university-rankings,
Bank of India,Universidad Carlos 3 de Madrid,Spain,Top 1000 as per QS Rankings 2026,https://www.topuniversities.com/world-university-rankings,
Bank of India,Stellenbosch University,South Africa,Top 1000 as per QS Rankings 2026,https://www.topuniversities.com/world-university-rankings,
Bank of India,Jagiellonian University,Poland,Top 1000 as per QS Rankings 2026,https://www.topuniversities.com/world-university-rankings,
Bank of India,University of Southern Denmark,Denmark,Top 1000 as per QS Rankings 2026,https://www.topuniversities.com/world-university-rankings,
Bank of India,Xian Jiaotong University,China,Top 1000 as per QS Rankings 2026,https://www.topuniversities.com/world-university-rankings,
Bank of India,Aalborg University,Denmark,Top 1000 as per QS Rankings 2026,https://www.topuniversities.com/world-university-rankings,
Bank of India,Indiana University Bloomington,United States of America,Top 1000 as per QS Rankings 2026,https://www.topuniversities.com/world-university-rankings,
Bank of India,Simon Fraser University,Canada,Top 1000 as per QS Rankings 2026,https://www.topuniversities.com/world-university-rankings,
Bank of India,University of Johannesburg,South Africa,Top 1000 as per QS Rankings 2026,https://www.topuniversities.com/world-university-rankings,
Bank of India,"City St Georges, University of London",United Kingdom,Top 1000 as per QS Rankings 2026,https://www.topuniversities.com/world-university-rankings,
Bank of India,Linkoping University,Sweden,Top 1000 as per QS Rankings 2026,https://www.topuniversities.com/world-university-rankings,
Bank of India,Ulsan National Institute of Science and Technology,South Korea,Top 1000 as per QS Rankings 2026,https://www.topuniversities.com/world-university-rankings,
Bank of India,Universitat Stuttgart,Germany,Top 1000 as per QS Rankings 2026,https://www.topuniversities.com/world-university-rankings,
Bank of India,University of Miami,United States of America,Top 1000 as per QS Rankings 2026,https://www.topuniversities.com/world-university-rankings,
Bank of India,University of Tasmania,Australia,Top 1000 as per QS Rankings 2026,https://www.topuniversities.com/world-university-rankings,
Bank of India,Goethe Universitat Frankfurt am Main,Germany,Top 1000 as per QS Rankings 2026,https://www.topuniversities.com/world-university-rankings,
Bank of India,L.N. Gumilyov Eurasian National University,Kazakhstan,Top 1000 as per QS Rankings 2026,https://www.topuniversities.com/world-university-rankings,
Bank of India,Universidade Federal do Rio de Janeiro,Brazil,Top 1000 as per QS Rankings 2026,https://www.topuniversities.com/world-university-rankings,
Bank of India,Huazhong University of Science and Technology,China,Top 1000 as per QS Rankings 2026,https://www.topuniversities.com/world-university-rankings,
Bank of India,Bauman Moscow State Technical University,Russian Federation,Top 1000 as per QS Rankings 2026,https://www.topuniversities.com/world-university-rankings,
Bank of India,University Grenoble Alpes,France,Top 1000 as per QS Rankings 2026,https://www.topuniversities.com/world-university-rankings,
Bank of India,University of Tehran,Iran,Top 1000 as per QS Rankings 2026,https://www.topuniversities.com/world-university-rankings,
Bank of India,Koc University,Türkiye,Top 1000 as per QS Rankings 2026,https://www.topuniversities.com/world-university-rankings,
Bank of India,Sichuan University,China,Top 1000 as per QS Rankings 2026,https://www.topuniversities.com/world-university-rankings,
Bank of India,University of Jordan,Jordan,Top 1000 as per QS Rankings 2026,https://www.topuniversities.com/world-university-rankings,
Bank of India,University of Leicester,United Kingdom,Top 1000 as per QS Rankings 2026,https://www.topuniversities.com/world-university-rankings,
Bank of India,Universidade Nova de Lisboa,Portugal,Top 1000 as per QS Rankings 2026,https://www.topuniversities.com/world-university-rankings,
Bank of India,Rutgers University – New Brunswick,United States of America,Top 1000 as per QS Rankings 2026,https://www.topuniversities.com/world-university-rankings,
Bank of India,University of Delhi,India,Top 1000 as per QS Rankings 2026,https://www.topuniversities.com/world-university-rankings,
Bank of India,University of Sharjah,United Arab Emirates,Top 1000 as per QS Rankings 2026,https://www.topuniversities.com/world-university-rankings,
Bank of India,Kyung Hee University,South Korea,Top 1000 as per QS Rankings 2026,https://www.topuniversities.com/world-university-rankings,
Bank of India,Satbayev University (previously Kazakh Technical University named after K.I. Satpaev),Kazakhstan,Top 1000 as per QS Rankings 2026,https://www.topuniversities.com/world-university-rankings,
Bank of India,York University,Canada,Top 1000 as per QS Rankings 2026,https://www.topuniversities.com/world-university-rankings,
Bank of India,Indian Institute of Technology Guwahati (IITG),India,Top 1000 as per QS Rankings 2026,https://www.topuniversities.com/world-university-rankings,
Bank of India,Sultan Qaboos University,Oman,Top 1000 as per QS Rankings 2026,https://www.topuniversities.com/world-university-rankings,
Bank of India,Tufts University,United States of America,Top 1000 as per QS Rankings 2026,https://www.topuniversities.com/world-university-rankings,
Bank of India,Universidad Politecnica de Madrid,Spain,Top 1000 as per QS Rankings 2026,https://www.topuniversities.com/world-university-rankings,
Bank of India,University of Illinois Chicago (UIC),United States of America,Top 1000 as per QS Rankings 2026,https://www.topuniversities.com/world-university-rankings,
Bank of India,Indian Institute of Technology Roorkee (IITR),India,Top 1000 as per QS Rankings 2026,https://www.topuniversities.com/world-university-rankings,
Bank of India,Shandong University,China,Top 1000 as per QS Rankings 2026,https://www.topuniversities.com/world-university-rankings,
Bank of India,Xiamen University,China,Top 1000 as per QS Rankings 2026,https://www.topuniversities.com/world-university-rankings,
Bank of India,University of Oulu,Finland,Top 1000 as per QS Rankings 2026,https://www.topuniversities.com/world-university-rankings,
Bank of India,Southern University of Science and Technology (SUSTech),China,Top 1000 as per QS Rankings 2026,https://www.topuniversities.com/world-university-rankings,
Bank of India,University of Pisa,Italy,Top 1000 as per QS Rankings 2026,https://www.topuniversities.com/world-university-rankings,
Bank of India,National Taiwan University of Science and Technology (Taiwan Tech),Taiwan,Top 1000 as per QS Rankings 2026,https://www.topuniversities.com/world-university-rankings,
Bank of India,Pontificia Universidad Catolica del Peru (PUCP),Peru,Top 1000 as per QS Rankings 2026,https://www.topuniversities.com/world-university-rankings,
Bank of India,Cairo University,Egypt,Top 1000 as per QS Rankings 2026,https://www.topuniversities.com/world-university-rankings,
Bank of India,Tilburg University,Netherlands,Top 1000 as per QS Rankings 2026,https://www.topuniversities.com/world-university-rankings,
Bank of India,University of Coimbra,Portugal,Top 1000 as per QS Rankings 2026,https://www.topuniversities.com/world-university-rankings,
Bank of India,Technion - Israel Institute of Technology,Israel,Top 1000 as per QS Rankings 2026,https://www.topuniversities.com/world-university-rankings,
Bank of India,Universitat Innsbruck,Austria,Top 1000 as per QS Rankings 2026,https://www.topuniversities.com/world-university-rankings,
Bank of India,University of Munster,Germany,Top 1000 as per QS Rankings 2026,https://www.topuniversities.com/world-university-rankings,
Bank of India,University of Tsukuba,Japan,Top 1000 as per QS Rankings 2026,https://www.topuniversities.com/world-university-rankings,
Bank of India,Quaid-i-azam University,Pakistan,Top 1000 as per QS Rankings 2026,https://www.topuniversities.com/world-university-rankings,
Bank of India,Nankai University,China,Top 1000 as per QS Rankings 2026,https://www.topuniversities.com/world-university-rankings,
Bank of India,National Technical University of Athens,Greece,Top 1000 as per QS Rankings 2026,https://www.topuniversities.com/world-university-rankings,
Bank of India,University of Roma - Tor Vergata,Italy,Top 1000 as per QS Rankings 2026,https://www.topuniversities.com/world-university-rankings,
Bank of India,George Washington University,United States of America,Top 1000 as per QS Rankings 2026,https://www.topuniversities.com/world-university-rankings,
Bank of India,Mahidol University,Thailand,Top 1000 as per QS Rankings 2026,https://www.topuniversities.com/world-university-rankings,
Bank of India,University of Victoria,Canada,Top 1000 as per QS Rankings 2026,https://www.topuniversities.com/world-university-rankings,
Bank of India,Virginia Polytechnic Institute (Virginia Tech),United States of America,Top 1000 as per QS Rankings 2026,https://www.topuniversities.com/world-university-rankings,
Bank of India,University of Chinese Academy of Sciences (UCAS),China,Top 1000 as per QS Rankings 2026,https://www.topuniversities.com/world-university-rankings,
Bank of India,University of Pretoria,South Africa,Top 1000 as per QS Rankings 2026,https://www.topuniversities.com/world-university-rankings,
Bank of India,University of Tartu,Estonia,Top 1000 as per QS Rankings 2026,https://www.topuniversities.com/world-university-rankings,
Bank of India,University of the Philippines,Philippines,Top 1000 as per QS Rankings 2026,https://www.topuniversities.com/world-university-rankings,
Bank of India,University of Turku,Finland,Top 1000 as per QS Rankings 2026,https://www.topuniversities.com/world-university-rankings,
Bank of India,RUDN University,Russian Federation,Top 1000 as per QS Rankings 2026,https://www.topuniversities.com/world-university-rankings,
Bank of India,Sciences Po Paris,France,Top 1000 as per QS Rankings 2026,https://www.topuniversities.com/world-university-rankings,
Bank of India,Universiti Brunei Darussalam (UBD),Brunei Darussalam,Top 1000 as per QS Rankings 2026,https://www.topuniversities.com/world-university-rankings,
Bank of India,Daegu Gyeongbuk Institute of Science and Technology (DGIST),South Korea,Top 1000 as per QS Rankings 2026,https://www.topuniversities.com/world-university-rankings,
Bank of India,Bogazici University,Türkiye,Top 1000 as per QS Rankings 2026,https://www.topuniversities.com/world-university-rankings,
Bank of India,National University of Sciences And Technology (NUST) Islamabad,Pakistan,Top 1000 as per QS Rankings 2026,https://www.topuniversities.com/world-university-rankings,
Bank of India,Pontificia Universidad Javeriana,Colombia,Top 1000 as per QS Rankings 2026,https://www.topuniversities.com/world-university-rankings,
Bank of India,Oxford Brookes University,United Kingdom,Top 1000 as per QS Rankings 2026,https://www.topuniversities.com/world-university-rankings,
Bank of India,Saint Petersburg State University,Russian Federation,Top 1000 as per QS Rankings 2026,https://www.topuniversities.com/world-university-rankings,
Bank of India,Sharif University of Technology,Iran,Top 1000 as per QS Rankings 2026,https://www.topuniversities.com/world-university-rankings,
Bank of India,South China University of Technology,China,Top 1000 as per QS Rankings 2026,https://www.topuniversities.com/world-university-rankings,
Bank of India,University of Saskatchewan,Canada,Top 1000 as per QS Rankings 2026,https://www.topuniversities.com/world-university-rankings,
Bank of India,University of Liege,Belgium,Top 1000 as per QS Rankings 2026,https://www.topuniversities.com/world-university-rankings,
Bank of India,University of Naples - Federico 2,Italy,Top 1000 as per QS Rankings 2026,https://www.topuniversities.com/world-university-rankings,
Bank of India,The American University in Cairo,Egypt,Top 1000 as per QS Rankings 2026,https://www.topuniversities.com/world-university-rankings,
Bank of India,University of East Anglia (UEA),United Kingdom,Top 1000 as per QS Rankings 2026,https://www.topuniversities.com/world-university-rankings,
Bank of India,University of Luxembourg,Luxembourg,Top 1000 as per QS Rankings 2026,https://www.topuniversities.com/world-university-rankings,
Bank of India,Northeastern University,United States of America,Top 1000 as per QS Rankings 2026,https://www.topuniversities.com/world-university-rankings,
Bank of India,Brunel University of London,United Kingdom,Top 1000 as per QS Rankings 2026,https://www.topuniversities.com/world-university-rankings,
Bank of India,Gwangju Institute of Science and Technology (GIST),South Korea,Top 1000 as per QS Rankings 2026,https://www.topuniversities.com/world-university-rankings,
Bank of India,Flinders University,Australia,Top 1000 as per QS Rankings 2026,https://www.topuniversities.com/world-university-rankings,
Bank of India,Beihang University (former BUAA),China,Top 1000 as per QS Rankings 2026,https://www.topuniversities.com/world-university-rankings,
Bank of India,"Birkbeck College, University of London",United Kingdom,Top 1000 as per QS Rankings 2026,https://www.topuniversities.com/world-university-rankings,
Bank of India,National and Kapodistrian University of Athens,Greece,Top 1000 as per QS Rankings 2026,https://www.topuniversities.com/world-university-rankings,
Bank of India,Abu Dhabi University,United Arab Emirates,Top 1000 as per QS Rankings 2026,https://www.topuniversities.com/world-university-rankings,
Bank of India,Sejong University,South Korea,Top 1000 as per QS Rankings 2026,https://www.topuniversities.com/world-university-rankings,
Bank of India,"Southeast University, China",China,Top 1000 as per QS Rankings 2026,https://www.topuniversities.com/world-university-rankings,
Bank of India,Universitat Politecnica de Catalunya,Spain,Top 1000 as per QS Rankings 2026,https://www.topuniversities.com/world-university-rankings,
Bank of India,Aston University,United Kingdom,Top 1000 as per QS Rankings 2026,https://www.topuniversities.com/world-university-rankings,
Bank of India,Ruhr-Universitat Bochum,Germany,Top 1000 as per QS Rankings 2026,https://www.topuniversities.com/world-university-rankings,
Bank of India,Lappeenranta-Lahti University of Technology LUT,Finland,Top 1000 as per QS Rankings 2026,https://www.topuniversities.com/world-university-rankings,
Bank of India,University of Kent,United Kingdom,Top 1000 as per QS Rankings 2026,https://www.topuniversities.com/world-university-rankings,
Bank of India,IPB University (aka Bogor Agricultural University),Indonesia,Top 1000 as per QS Rankings 2026,https://www.topuniversities.com/world-university-rankings,
Bank of India,Western Sydney University,Australia,Top 1000 as per QS Rankings 2026,https://www.topuniversities.com/world-university-rankings,
Bank of India,Umea University,Sweden,Top 1000 as per QS Rankings 2026,https://www.topuniversities.com/world-university-rankings,
Bank of India,University of Granada,Spain,Top 1000 as per QS Rankings 2026,https://www.topuniversities.com/world-university-rankings,
Bank of India,University of Limerick,Ireland,Top 1000 as per QS Rankings 2026,https://www.topuniversities.com/world-university-rankings,
Bank of India,Sabanci University,Türkiye,Top 1000 as per QS Rankings 2026,https://www.topuniversities.com/world-university-rankings,
Bank of India,University of Florence,Italy,Top 1000 as per QS Rankings 2026,https://www.topuniversities.com/world-university-rankings,
Bank of India,Institut National des Sciences Appliquees de Lyon (INSA),France,Top 1000 as per QS Rankings 2026,https://www.topuniversities.com/world-university-rankings,
Bank of India,Lincoln University,New Zealand,Top 1000 as per QS Rankings 2026,https://www.topuniversities.com/world-university-rankings,
Bank of India,University of Turin,Italy,Top 1000 as per QS Rankings 2026,https://www.topuniversities.com/world-university-rankings,
Bank of India,Universita Cattolica del Sacro Cuore,Italy,Top 1000 as per QS Rankings 2026,https://www.topuniversities.com/world-university-rankings,
Bank of India,Auckland University of Technology,New Zealand,Top 1000 as per QS Rankings 2026,https://www.topuniversities.com/world-university-rankings,
Bank of India,Dublin City University,Ireland,Top 1000 as per QS Rankings 2026,https://www.topuniversities.com/world-university-rankings,
Bank of India,Sunway University,Malaysia,Top 1000 as per QS Rankings 2026,https://www.topuniversities.com/world-university-rankings,
Bank of India,University at Buffalo,United States of America,Top 1000 as per QS Rankings 2026,https://www.topuniversities.com/world-university-rankings,
Bank of India,University of Southern Queensland,Australia,Top 1000 as per QS Rankings 2026,https://www.topuniversities.com/world-university-rankings,
Bank of India,Bilkent University,Türkiye,Top 1000 as per QS Rankings 2026,https://www.topuniversities.com/world-university-rankings,
Bank of India,Czech Technical University In Prague,Czechia,Top 1000 as per QS Rankings 2026,https://www.topuniversities.com/world-university-rankings,
Bank of India,Julius-Maximilians-Universitat Wurzburg,Germany,Top 1000 as per QS Rankings 2026,https://www.topuniversities.com/world-university-rankings,
Bank of India,Universitat Mannheim,Germany,Top 1000 as per QS Rankings 2026,https://www.topuniversities.com/world-university-rankings,
Bank of India,University of Aveiro,Portugal,Top 1000 as per QS Rankings 2026,https://www.topuniversities.com/world-university-rankings,
Bank of India,National Taipei University of Technology,Taiwan,Top 1000 as per QS Rankings 2026,https://www.topuniversities.com/world-university-rankings,
Bank of India,University of Strasbourg,France,Top 1000 as per QS Rankings 2026,https://www.topuniversities.com/world-university-rankings,
Bank of India,Universitat Politecnica de Valencia,Spain,Top 1000 as per QS Rankings 2026,https://www.topuniversities.com/world-university-rankings,
Bank of India,Murdoch University,Australia,Top 1000 as per QS Rankings 2026,https://www.topuniversities.com/world-university-rankings,
Bank of India,Tampere University,Finland,Top 1000 as per QS Rankings 2026,https://www.topuniversities.com/world-university-rankings,
Bank of India,University of Pavia,Italy,Top 1000 as per QS Rankings 2026,https://www.topuniversities.com/world-university-rankings,
Bank of India,Washington State University,United States of America,Top 1000 as per QS Rankings 2026,https://www.topuniversities.com/world-university-rankings,
Bank of India,Graz University of Technology,Austria,Top 1000 as per QS Rankings 2026,https://www.topuniversities.com/world-university-rankings,
Bank of India,Aix-Marseille University,France,Top 1000 as per QS Rankings 2026,https://www.topuniversities.com/world-university-rankings,
Bank of India,University of Dundee,United Kingdom,Top 1000 as per QS Rankings 2026,https://www.topuniversities.com/world-university-rankings,
Bank of India,Masaryk University,Czechia,Top 1000 as per QS Rankings 2026,https://www.topuniversities.com/world-university-rankings,
Bank of India,Universitat de Valencia,Spain,Top 1000 as per QS Rankings 2026,https://www.topuniversities.com/world-university-rankings,
Bank of India,University of Montpellier,France,Top 1000 as per QS Rankings 2026,https://www.topuniversities.com/world-university-rankings,
Bank of India,East China Normal University,China,Top 1000 as per QS Rankings 2026,https://www.topuniversities.com/world-university-rankings,
Bank of India,Leibniz Universitat Hannover,Germany,Top 1000 as per QS Rankings 2026,https://www.topuniversities.com/world-university-rankings,
Bank of India,National Taiwan Normal University,Taiwan,Top 1000 as per QS Rankings 2026,https://www.topuniversities.com/world-university-rankings,
Bank of India,Prince Mohammad Bin Fahd University,Saudi Arabia,Top 1000 as per QS Rankings 2026,https://www.topuniversities.com/world-university-rankings,
Bank of India,Universitat Ramon Llull,Spain,Top 1000 as per QS Rankings 2026,https://www.topuniversities.com/world-university-rankings,
Bank of India,IE University,Spain,Top 1000 as per QS Rankings 2026,https://www.topuniversities.com/world-university-rankings,
Bank of India,National Sun Yat-sen University,Taiwan,Top 1000 as per QS Rankings 2026,https://www.topuniversities.com/world-university-rankings,
Bank of India,Ajman University,United Arab Emirates,Top 1000 as per QS Rankings 2026,https://www.topuniversities.com/world-university-rankings,
Bank of India,James Cook University,Australia,Top 1000 as per QS Rankings 2026,https://www.topuniversities.com/world-university-rankings,
Bank of India,Macau University of Science and Technology,China,Top 1000 as per QS Rankings 2026,https://www.topuniversities.com/world-university-rankings,
Bank of India,"National Research University Higher School of Economics (HSE, Moscow)",Russian Federation,Top 1000 as per QS Rankings 2026,https://www.topuniversities.com/world-university-rankings,
Bank of India,Universitat Konstanz,Germany,Top 1000 as per QS Rankings 2026,https://www.topuniversities.com/world-university-rankings,
Bank of India,"University of California, Riverside",United States of America,Top 1000 as per QS Rankings 2026,https://www.topuniversities.com/world-university-rankings,
Bank of India,Vilnius University,Lithuania,Top 1000 as per QS Rankings 2026,https://www.topuniversities.com/world-university-rankings,
Bank of India,Belarusian State University,Belarus,Top 1000 as per QS Rankings 2026,https://www.topuniversities.com/world-university-rankings,
Bank of India,Universitat Bayreuth,Germany,Top 1000 as per QS Rankings 2026,https://www.topuniversities.com/world-university-rankings,
Bank of India,Iowa State University,United States of America,Top 1000 as per QS Rankings 2026,https://www.topuniversities.com/world-university-rankings,
Bank of India,Kazan Federal University,Russian Federation,Top 1000 as per QS Rankings 2026,https://www.topuniversities.com/world-university-rankings,
Bank of India,"Universidade Estadual Paulista ""Julio de Mesquita Filho"" (UNESP)",Brazil,Top 1000 as per QS Rankings 2026,https://www.topuniversities.com/world-university-rankings,
Bank of India,Johannes Gutenberg Universitat Mainz,Germany,Top 1000 as per QS Rankings 2026,https://www.topuniversities.com/world-university-rankings,
Bank of India,Shenzhen University,China,Top 1000 as per QS Rankings 2026,https://www.topuniversities.com/world-university-rankings,
Bank of India,Stony Brook University,United States of America,Top 1000 as per QS Rankings 2026,https://www.topuniversities.com/world-university-rankings,
Bank of India,University of Cyprus,Cyprus,Top 1000 as per QS Rankings 2026,https://www.topuniversities.com/world-university-rankings,
Bank of India,Amirkabir University of Technology,Iran,Top 1000 as per QS Rankings 2026,https://www.topuniversities.com/world-university-rankings,
Bank of India,University of Essex,United Kingdom,Top 1000 as per QS Rankings 2026,https://www.topuniversities.com/world-university-rankings,
Bank of India,Colorado State University,United States of America,Top 1000 as per QS Rankings 2026,https://www.topuniversities.com/world-university-rankings,
Bank of India,Universidad Nacional de La Plata,Argentina,Top 1000 as per QS Rankings 2026,https://www.topuniversities.com/world-university-rankings,
Bank of India,"University of California, Santa Cruz",United States of America,Top 1000 as per QS Rankings 2026,https://www.topuniversities.com/world-university-rankings,
Bank of India,Jordan University of Science & Technology,Jordan,Top 1000 as per QS Rankings 2026,https://www.topuniversities.com/world-university-rankings,
Bank of India,Novosibirsk State University,Russian Federation,Top 1000 as per QS Rankings 2026,https://www.topuniversities.com/world-university-rankings,
Bank of India,Royal Holloway University of London,United Kingdom,Top 1000 as per QS Rankings 2026,https://www.topuniversities.com/world-university-rankings,
Bank of India,Universita Vita-Salute San Raffaele,Italy,Top 1000 as per QS Rankings 2026,https://www.topuniversities.com/world-university-rankings,
Bank of India,Anna University,India,Top 1000 as per QS Rankings 2026,https://www.topuniversities.com/world-university-rankings,
Bank of India,Concordia University,Canada,Top 1000 as per QS Rankings 2026,https://www.topuniversities.com/world-university-rankings,
Bank of India,Shanghai University,China,Top 1000 as per QS Rankings 2026,https://www.topuniversities.com/world-university-rankings,
Bank of India,University of Kansas,United States of America,Top 1000 as per QS Rankings 2026,https://www.topuniversities.com/world-university-rankings,
Bank of India,Ben Gurion University of The Negev,Israel,Top 1000 as per QS Rankings 2026,https://www.topuniversities.com/world-university-rankings,
Bank of India,Laval University,Canada,Top 1000 as per QS Rankings 2026,https://www.topuniversities.com/world-university-rankings,
Bank of India,Tashkent Institute of Irrigation and Agricultural Mechanization Engineers - National Research University (TIIAME-NRU),Uzbekistan,Top 1000 as per QS Rankings 2026,https://www.topuniversities.com/world-university-rankings,
Bank of India,Universidad de Sevilla,Spain,Top 1000 as per QS Rankings 2026,https://www.topuniversities.com/world-university-rankings,
Bank of India,Jilin University,China,Top 1000 as per QS Rankings 2026,https://www.topuniversities.com/world-university-rankings,
Bank of India,Johannes Kepler University Linz,Austria,Top 1000 as per QS Rankings 2026,https://www.topuniversities.com/world-university-rankings,
Bank of India,Pusan National University,South Korea,Top 1000 as per QS Rankings 2026,https://www.topuniversities.com/world-university-rankings,
Bank of India,Universita della Svizzera Italiana,Switzerland,Top 1000 as per QS Rankings 2026,https://www.topuniversities.com/world-university-rankings,
Bank of India,Moscow Institute of Physics and Technology State University,Russian Federation,Top 1000 as per QS Rankings 2026,https://www.topuniversities.com/world-university-rankings,
Bank of India,Universitat Potsdam,Germany,Top 1000 as per QS Rankings 2026,https://www.topuniversities.com/world-university-rankings,
Bank of India,Chung-Ang University,South Korea,Top 1000 as per QS Rankings 2026,https://www.topuniversities.com/world-university-rankings,
Bank of India,Hiroshima University,Japan,Top 1000 as per QS Rankings 2026,https://www.topuniversities.com/world-university-rankings,
Bank of India,University of Science and Technology Beijing,China,Top 1000 as per QS Rankings 2026,https://www.topuniversities.com/world-university-rankings,
Bank of India,Dalian University of Technology,China,Top 1000 as per QS Rankings 2026,https://www.topuniversities.com/world-university-rankings,
Bank of India,Duy Tan University,Vietnam,Top 1000 as per QS Rankings 2026,https://www.topuniversities.com/world-university-rankings,
Bank of India,Kobe University,Japan,Top 1000 as per QS Rankings 2026,https://www.topuniversities.com/world-university-rankings,
Bank of India,Aristotle University of Thessaloniki,Greece,Top 1000 as per QS Rankings 2026,https://www.topuniversities.com/world-university-rankings,
Bank of India,University of Trento,Italy,Top 1000 as per QS Rankings 2026,https://www.topuniversities.com/world-university-rankings,
Bank of India,Edith Cowan University,Australia,Top 1000 as per QS Rankings 2026,https://www.topuniversities.com/world-university-rankings,
Bank of India,Technische Universitat Bergakademie Freiberg,Germany,Top 1000 as per QS Rankings 2026,https://www.topuniversities.com/world-university-rankings,
Bank of India,Warsaw University of Technology,Poland,Top 1000 as per QS Rankings 2026,https://www.topuniversities.com/world-university-rankings,
Bank of India,Universidad de Santiago de Chile - USACH,Chile,Top 1000 as per QS Rankings 2026,https://www.topuniversities.com/world-university-rankings,
Bank of India,Central South University,China,Top 1000 as per QS Rankings 2026,https://www.topuniversities.com/world-university-rankings,
Bank of India,Imam Abdulrahman Bin Faisal University (formerly University of Dammam),Saudi Arabia,Top 1000 as per QS Rankings 2026,https://www.topuniversities.com/world-university-rankings,
Bank of India,Universiti Utara Malaysia (UUM),Malaysia,Top 1000 as per QS Rankings 2026,https://www.topuniversities.com/world-university-rankings,
Bank of India,University of Bordeaux,France,Top 1000 as per QS Rankings 2026,https://www.topuniversities.com/world-university-rankings,
Bank of India,University of Canberra,Australia,Top 1000 as per QS Rankings 2026,https://www.topuniversities.com/world-university-rankings,
Bank of India,Iran University of Science and Technology,Iran,Top 1000 as per QS Rankings 2026,https://www.topuniversities.com/world-university-rankings,
Bank of India,Justus-Liebig-Universitat Giessen,Germany,Top 1000 as per QS Rankings 2026,https://www.topuniversities.com/world-university-rankings,
Bank of India,University of Jyvaskyla,Finland,Top 1000 as per QS Rankings 2026,https://www.topuniversities.com/world-university-rankings,
Bank of India,Central Queensland University Australia (CQUniversity),Australia,Top 1000 as per QS Rankings 2026,https://www.topuniversities.com/world-university-rankings,
Bank of India,Northwestern Polytechnical University,China,Top 1000 as per QS Rankings 2026,https://www.topuniversities.com/world-university-rankings,
Bank of India,Tomsk State University,Russian Federation,Top 1000 as per QS Rankings 2026,https://www.topuniversities.com/world-university-rankings,
Bank of India,Universidad de Costa Rica,Costa Rica,Top 1000 as per QS Rankings 2026,https://www.topuniversities.com/world-university-rankings,
Bank of India,Shoolini University of Biotechnology and Management Sciences,India,Top 1000 as per QS Rankings 2026,https://www.topuniversities.com/world-university-rankings,
Bank of India,China Agricultural University,China,Top 1000 as per QS Rankings 2026,https://www.topuniversities.com/world-university-rankings,
Bank of India,Chongqing University,China,Top 1000 as per QS Rankings 2026,https://www.topuniversities.com/world-university-rankings,
Bank of India,Ewha Womans University,South Korea,Top 1000 as per QS Rankings 2026,https://www.topuniversities.com/world-university-rankings,
Bank of India,Hunan University,China,Top 1000 as per QS Rankings 2026,https://www.topuniversities.com/world-university-rankings,
Bank of India,University of Guelph,Canada,Top 1000 as per QS Rankings 2026,https://www.topuniversities.com/world-university-rankings,
Bank of India,China Medical University,Taiwan,Top 1000 as per QS Rankings 2026,https://www.topuniversities.com/world-university-rankings,
Bank of India,Institut Teknologi Sepuluh Nopember (ITS),Indonesia,Top 1000 as per QS Rankings 2026,https://www.topuniversities.com/world-university-rankings,
Bank of India,INTI International University,Malaysia,Top 1000 as per QS Rankings 2026,https://www.topuniversities.com/world-university-rankings,
Bank of India,Ateneo de Manila University,Philippines,Top 1000 as per QS Rankings 2026,https://www.topuniversities.com/world-university-rankings,
Bank of India,Singapore Management University,Singapore,Top 1000 as per QS Rankings 2026,https://www.topuniversities.com/world-university-rankings,
Bank of India,SOAS University of London,United Kingdom,Top 1000 as per QS Rankings 2026,https://www.topuniversities.com/world-university-rankings,
Bank of India,University of Bradford,United Kingdom,Top 1000 as per QS Rankings 2026,https://www.topuniversities.com/world-university-rankings,
Bank of India,Lebanese University,Lebanon,Top 1000 as per QS Rankings 2026,https://www.topuniversities.com/world-university-rankings,
Bank of India,Universitas Padjadjaran (UNPAD),Indonesia,Top 1000 as per QS Rankings 2026,https://www.topuniversities.com/world-university-rankings,
Bank of India,Pontificia Universidad Catolica Argentina Santa Maria de los Buenos Aires - UCA,Argentina,Top 1000 as per QS Rankings 2026,https://www.topuniversities.com/world-university-rankings,
Bank of India,University of Stirling,United Kingdom,Top 1000 as per QS Rankings 2026,https://www.topuniversities.com/world-university-rankings,
Bank of India,Kyungpook National University,South Korea,Top 1000 as per QS Rankings 2026,https://www.topuniversities.com/world-university-rankings,
Bank of India,Singapore University of Technology and Design,Singapore,Top 1000 as per QS Rankings 2026,https://www.topuniversities.com/world-university-rankings,
Bank of India,Universidad Austral - Argentina,Argentina,Top 1000 as per QS Rankings 2026,https://www.topuniversities.com/world-university-rankings,
Bank of India,University of Electronic Science and Technology of China,China,Top 1000 as per QS Rankings 2026,https://www.topuniversities.com/world-university-rankings,
Bank of India,Ural Federal University,Russian Federation,Top 1000 as per QS Rankings 2026,https://www.topuniversities.com/world-university-rankings,
Bank of India,University of Huddersfield,United Kingdom,Top 1000 as per QS Rankings 2026,https://www.topuniversities.com/world-university-rankings,
Bank of India,University of Georgia,United States of America,Top 1000 as per QS Rankings 2026,https://www.topuniversities.com/world-university-rankings,
Bank of India,Boston College,United States of America,Top 1000 as per QS Rankings 2026,https://www.topuniversities.com/world-university-rankings,
Bank of India,Chiang Mai University,Thailand,Top 1000 as per QS Rankings 2026,https://www.topuniversities.com/world-university-rankings,
Bank of India,University of Hull,United Kingdom,Top 1000 as per QS Rankings 2026,https://www.topuniversities.com/world-university-rankings,
Bank of India,University of Salamanca,Spain,Top 1000 as per QS Rankings 2026,https://www.topuniversities.com/world-university-rankings,
Bank of India,The Education University of Hong Kong,China,Top 1000 as per QS Rankings 2026,https://www.topuniversities.com/world-university-rankings,
Bank of India,Universitat Bremen,Germany,Top 1000 as per QS Rankings 2026,https://www.topuniversities.com/world-university-rankings,
Bank of India,University of Genoa,Italy,Top 1000 as per QS Rankings 2026,https://www.topuniversities.com/world-university-rankings,
Bank of India,University of Iowa,United States of America,Top 1000 as per QS Rankings 2026,https://www.topuniversities.com/world-university-rankings,
Bank of India,University of Connecticut,United States of America,Top 1000 as per QS Rankings 2026,https://www.topuniversities.com/world-university-rankings,
Bank of India,King Khalid University,Saudi Arabia,Top 1000 as per QS Rankings 2026,https://www.topuniversities.com/world-university-rankings,
Bank of India,Lebanese American University,Lebanon,Top 1000 as per QS Rankings 2026,https://www.topuniversities.com/world-university-rankings,
Bank of India,Prince Sultan University,Saudi Arabia,Top 1000 as per QS Rankings 2026,https://www.topuniversities.com/world-university-rankings,
Bank of India,Universitat Leipzig,Germany,Top 1000 as per QS Rankings 2026,https://www.topuniversities.com/world-university-rankings,
Bank of India,University of Ljubljana,Slovenia,Top 1000 as per QS Rankings 2026,https://www.topuniversities.com/world-university-rankings,
Bank of India,Jinan University (China),China,Top 1000 as per QS Rankings 2026,https://www.topuniversities.com/world-university-rankings,
Bank of India,University of Utah,United States of America,Top 1000 as per QS Rankings 2026,https://www.topuniversities.com/world-university-rankings,
Bank of India,Ain Shams University,Egypt,Top 1000 as per QS Rankings 2026,https://www.topuniversities.com/world-university-rankings,
Bank of India,Universiti Teknologi MARA - UiTM,Malaysia,Top 1000 as per QS Rankings 2026,https://www.topuniversities.com/world-university-rankings,
Bank of India,University of Milano-Bicocca,Italy,Top 1000 as per QS Rankings 2026,https://www.topuniversities.com/world-university-rankings,
Bank of India,University of the Punjab,Pakistan,Top 1000 as per QS Rankings 2026,https://www.topuniversities.com/world-university-rankings,
Bank of India,Universitat Ulm,Germany,Top 1000 as per QS Rankings 2026,https://www.topuniversities.com/world-university-rankings,
Bank of India,University of Hawaii at Manoa,United States of America,Top 1000 as per QS Rankings 2026,https://www.topuniversities.com/world-university-rankings,
Bank of India,University of Windsor,Canada,Top 1000 as per QS Rankings 2026,https://www.topuniversities.com/world-university-rankings,
Bank of India,Florida State University,United States of America,Top 1000 as per QS Rankings 2026,https://www.topuniversities.com/world-university-rankings,
Bank of India,Northumbria University at Newcastle,United Kingdom,Top 1000 as per QS Rankings 2026,https://www.topuniversities.com/world-university-rankings,
Bank of India,Thammasat University,Thailand,Top 1000 as per QS Rankings 2026,https://www.topuniversities.com/world-university-rankings,
Bank of India,Universiti Tenaga Nasional (UNITEN),Malaysia,Top 1000 as per QS Rankings 2026,https://www.topuniversities.com/world-university-rankings,
Bank of India,Hitotsubashi University,Japan,Top 1000 as per QS Rankings 2026,https://www.topuniversities.com/world-university-rankings,
Bank of India,University of Delaware,United States of America,Top 1000 as per QS Rankings 2026,https://www.topuniversities.com/world-university-rankings,
Bank of India,Lahore University of Management Sciences (LUMS),Pakistan,Top 1000 as per QS Rankings 2026,https://www.topuniversities.com/world-university-rankings,
Bank of India,Indian Institute of Technology Indore,India,Top 1000 as per QS Rankings 2026,https://www.topuniversities.com/world-university-rankings,
Bank of India,University of Houston,United States of America,Top 1000 as per QS Rankings 2026,https://www.topuniversities.com/world-university-rankings,
Bank of India,Al Ain University,United Arab Emirates,Top 1000 as per QS Rankings 2026,https://www.topuniversities.com/world-university-rankings,
Bank of India,Coventry University,United Kingdom,Top 1000 as per QS Rankings 2026,https://www.topuniversities.com/world-university-rankings,
Bank of India,Jawaharlal Nehru University,India,Top 1000 as per QS Rankings 2026,https://www.topuniversities.com/world-university-rankings,
Bank of India,Sogang University,South Korea,Top 1000 as per QS Rankings 2026,https://www.topuniversities.com/world-university-rankings,
Bank of India,University of Kwazulu-Natal,South Africa,Top 1000 as per QS Rankings 2026,https://www.topuniversities.com/world-university-rankings,
Bank of India,Ajou University,South Korea,Top 1000 as per QS Rankings 2026,https://www.topuniversities.com/world-university-rankings,
Bank of India,American University of the Middle East,Kuwait,Top 1000 as per QS Rankings 2026,https://www.topuniversities.com/world-university-rankings,
Bank of India,University of Debrecen,Hungary,Top 1000 as per QS Rankings 2026,https://www.topuniversities.com/world-university-rankings,
Bank of India,Bangor University,United Kingdom,Top 1000 as per QS Rankings 2026,https://www.topuniversities.com/world-university-rankings,
Bank of India,Indian Institute of Technology BHU Varanasi (IIT BHU Varanasi),India,Top 1000 as per QS Rankings 2026,https://www.topuniversities.com/world-university-rankings,
Bank of India,Renmin (Peoples) University of China,China,Top 1000 as per QS Rankings 2026,https://www.topuniversities.com/world-university-rankings,
Bank of India,Savitribai Phule Pune University,India,Top 1000 as per QS Rankings 2026,https://www.topuniversities.com/world-university-rankings,
Bank of India,University of Minho,Portugal,Top 1000 as per QS Rankings 2026,https://www.topuniversities.com/world-university-rankings,
Bank of India,Colorado School of Mines,United States of America,Top 1000 as per QS Rankings 2026,https://www.topuniversities.com/world-university-rankings,
Bank of India,Hacettepe University,Türkiye,Top 1000 as per QS Rankings 2026,https://www.topuniversities.com/world-university-rankings,
Bank of India,Isfahan University of Technology,Iran,Top 1000 as per QS Rankings 2026,https://www.topuniversities.com/world-university-rankings,
Bank of India,Pontificia Universidade Catolica do Rio de Janeiro (PUC - Rio),Brazil,Top 1000 as per QS Rankings 2026,https://www.topuniversities.com/world-university-rankings,
Bank of India,Brno University of Technology,Czechia,Top 1000 as per QS Rankings 2026,https://www.topuniversities.com/world-university-rankings,
Bank of India,Chandigarh University,India,Top 1000 as per QS Rankings 2026,https://www.topuniversities.com/world-university-rankings,
Bank of India,Universitat Jena,Germany,Top 1000 as per QS Rankings 2026,https://www.topuniversities.com/world-university-rankings,
Bank of India,Universidad Adolfo Ibanez,Chile,Top 1000 as per QS Rankings 2026,https://www.topuniversities.com/world-university-rankings,
Bank of India,Universiti Teknologi Brunei,Brunei Darussalam,Top 1000 as per QS Rankings 2026,https://www.topuniversities.com/world-university-rankings,
Bank of India,University of Tabriz,Iran,Top 1000 as per QS Rankings 2026,https://www.topuniversities.com/world-university-rankings,
Bank of India,Universidad Pontificia Comillas,Spain,Top 1000 as per QS Rankings 2026,https://www.topuniversities.com/world-university-rankings,
Bank of India,Florida International University,United States of America,Top 1000 as per QS Rankings 2026,https://www.topuniversities.com/world-university-rankings,
Bank of India,University of Iceland,Iceland,Top 1000 as per QS Rankings 2026,https://www.topuniversities.com/world-university-rankings,
Bank of India,Charles Darwin University,Australia,Top 1000 as per QS Rankings 2026,https://www.topuniversities.com/world-university-rankings,
Bank of India,Eotvos Lorand University,Hungary,Top 1000 as per QS Rankings 2026,https://www.topuniversities.com/world-university-rankings,
Bank of India,University of Dhaka,Bangladesh,Top 1000 as per QS Rankings 2026,https://www.topuniversities.com/world-university-rankings,
Bank of India,American University,United States of America,Top 1000 as per QS Rankings 2026,https://www.topuniversities.com/world-university-rankings,
Bank of India,National Central University,Taiwan,Top 1000 as per QS Rankings 2026,https://www.topuniversities.com/world-university-rankings,
Bank of India,University Claude Bernard Lyon 1,France,Top 1000 as per QS Rankings 2026,https://www.topuniversities.com/world-university-rankings,
Bank of India,University Paul Sabatier Toulouse 3,France,Top 1000 as per QS Rankings 2026,https://www.topuniversities.com/world-university-rankings,
Bank of India,American University of Ras Al Khaimah ( AURAK ),United Arab Emirates,Top 1000 as per QS Rankings 2026,https://www.topuniversities.com/world-university-rankings,
Bank of India,Bond University,Australia,Top 1000 as per QS Rankings 2026,https://www.topuniversities.com/world-university-rankings,
Bank of India,Illinois Institute of Technology,United States of America,Top 1000 as per QS Rankings 2026,https://www.topuniversities.com/world-university-rankings,
Bank of India,National Research Nuclear University MEPhI (Moscow Engineering Physics Institute),Russian Federation,Top 1000 as per QS Rankings 2026,https://www.topuniversities.com/world-university-rankings,
Bank of India,Universidade Federal de Minas Gerais,Brazil,Top 1000 as per QS Rankings 2026,https://www.topuniversities.com/world-university-rankings,
Bank of India,Zayed University,United Arab Emirates,Top 1000 as per QS Rankings 2026,https://www.topuniversities.com/world-university-rankings,
Bank of India,Asia Pacific University of Technology and Innovation (APU) Malaysia,Malaysia,Top 1000 as per QS Rankings 2026,https://www.topuniversities.com/world-university-rankings,
Bank of India,Hasselt University,Belgium,Top 1000 as per QS Rankings 2026,https://www.topuniversities.com/world-university-rankings,
Bank of India,Management and Science University - MSU Malaysia,Malaysia,Top 1000 as per QS Rankings 2026,https://www.topuniversities.com/world-university-rankings,
Bank of India,Taipei Medical University,Taiwan,Top 1000 as per QS Rankings 2026,https://www.topuniversities.com/world-university-rankings,
Bank of India,Tulane University,United States of America,Top 1000 as per QS Rankings 2026,https://www.topuniversities.com/world-university-rankings,
Bank of India,University of Szeged,Hungary,Top 1000 as per QS Rankings 2026,https://www.topuniversities.com/world-university-rankings,
Bank of India,University of Texas at Dallas,United States of America,Top 1000 as per QS Rankings 2026,https://www.topuniversities.com/world-university-rankings,
Bank of India,Canadian University of Dubai,United Arab Emirates,Top 1000 as per QS Rankings 2026,https://www.topuniversities.com/world-university-rankings,
Bank of India,National Chengchi University,Taiwan,Top 1000 as per QS Rankings 2026,https://www.topuniversities.com/world-university-rankings,
Bank of India,University of Eastern Finland,Finland,Top 1000 as per QS Rankings 2026,https://www.topuniversities.com/world-university-rankings,
Bank of India,University of Siena,Italy,Top 1000 as per QS Rankings 2026,https://www.topuniversities.com/world-university-rankings,
Bank of India,University of Tennessee,United States of America,Top 1000 as per QS Rankings 2026,https://www.topuniversities.com/world-university-rankings,
Bank of India,Nottingham Trent University,United Kingdom,Top 1000 as per QS Rankings 2026,https://www.topuniversities.com/world-university-rankings,
Bank of India,Peter the Great St.Petersburg Polytechnic University,Russian Federation,Top 1000 as per QS Rankings 2026,https://www.topuniversities.com/world-university-rankings,
Bank of India,Universiti Malaysia Pahang Al-Sultan Abdullah (UMPSA),Malaysia,Top 1000 as per QS Rankings 2026,https://www.topuniversities.com/world-university-rankings,
Bank of India,University of Ulster,United Kingdom,Top 1000 as per QS Rankings 2026,https://www.topuniversities.com/world-university-rankings,
Bank of India,Applied Science University - Bahrain,Bahrain,Top 1000 as per QS Rankings 2026,https://www.topuniversities.com/world-university-rankings,
Bank of India,City University of New York,United States of America,Top 1000 as per QS Rankings 2026,https://www.topuniversities.com/world-university-rankings,
Bank of India,International Islamic University Malaysia (IIUM),Malaysia,Top 1000 as per QS Rankings 2026,https://www.topuniversities.com/world-university-rankings,
Bank of India,Universidad de Concepcion,Chile,Top 1000 as per QS Rankings 2026,https://www.topuniversities.com/world-university-rankings,
Bank of India,University of Plymouth,United Kingdom,Top 1000 as per QS Rankings 2026,https://www.topuniversities.com/world-university-rankings,
Bank of India,Christian-Albrechts-Universitat zu Kiel,Germany,Top 1000 as per QS Rankings 2026,https://www.topuniversities.com/world-university-rankings,
Bank of India,Dongguk University,South Korea,Top 1000 as per QS Rankings 2026,https://www.topuniversities.com/world-university-rankings,
Bank of India,Saint Joseph University of Beirut (USJ),Lebanon,Top 1000 as per QS Rankings 2026,https://www.topuniversities.com/world-university-rankings,
Bank of India,Zhengzhou University,China,Top 1000 as per QS Rankings 2026,https://www.topuniversities.com/world-university-rankings,
Bank of India,Umm Al-Qura University,Saudi Arabia,Top 1000 as per QS Rankings 2026,https://www.topuniversities.com/world-university-rankings,
Bank of India,University of New Brunswick,Canada,Top 1000 as per QS Rankings 2026,https://www.topuniversities.com/world-university-rankings,
Bank of India,Diponegoro University,Indonesia,Top 1000 as per QS Rankings 2026,https://www.topuniversities.com/world-university-rankings,
Bank of India,Oregon State University,United States of America,Top 1000 as per QS Rankings 2026,https://www.topuniversities.com/world-university-rankings,
Bank of India,Universidad del Pais Vasco,Spain,Top 1000 as per QS Rankings 2026,https://www.topuniversities.com/world-university-rankings,
Bank of India,Yeshiva University,United States of America,Top 1000 as per QS Rankings 2026,https://www.topuniversities.com/world-university-rankings,
Bank of India,Istanbul University,Türkiye,Top 1000 as per QS Rankings 2026,https://www.topuniversities.com/world-university-rankings,
Bank of India,Kazakh National Pedagogical University Abai,Kazakhstan,Top 1000 as per QS Rankings 2026,https://www.topuniversities.com/world-university-rankings,
Bank of India,Missouri University of Science and Technology,United States of America,Top 1000 as per QS Rankings 2026,https://www.topuniversities.com/world-university-rankings,
Bank of India,National Chung Hsing University,Taiwan,Top 1000 as per QS Rankings 2026,https://www.topuniversities.com/world-university-rankings,
Bank of India,Universidade de Santiago de Compostela,Spain,Top 1000 as per QS Rankings 2026,https://www.topuniversities.com/world-university-rankings,
Bank of India,University of Crete,Greece,Top 1000 as per QS Rankings 2026,https://www.topuniversities.com/world-university-rankings,
Bank of India,University of South Carolina,United States of America,Top 1000 as per QS Rankings 2026,https://www.topuniversities.com/world-university-rankings,
Bank of India,Tallinn University of Technology,Estonia,Top 1000 as per QS Rankings 2026,https://www.topuniversities.com/world-university-rankings,
Bank of India,Universitat des Saarlandes,Germany,Top 1000 as per QS Rankings 2026,https://www.topuniversities.com/world-university-rankings,
Bank of India,University of Portsmouth,United Kingdom,Top 1000 as per QS Rankings 2026,https://www.topuniversities.com/world-university-rankings,
Bank of India,"Lincoln University College, Malaysia",Malaysia,Top 1000 as per QS Rankings 2026,https://www.topuniversities.com/world-university-rankings,
Bank of India,Southern Cross University,Australia,Top 1000 as per QS Rankings 2026,https://www.topuniversities.com/world-university-rankings,
Bank of India,Universidad de Zaragoza,Spain,Top 1000 as per QS Rankings 2026,https://www.topuniversities.com/world-university-rankings,
Bank of India,"University of Chemistry and Technology, Prague",Czechia,Top 1000 as per QS Rankings 2026,https://www.topuniversities.com/world-university-rankings,
Bank of India,University of Fribourg,Switzerland,Top 1000 as per QS Rankings 2026,https://www.topuniversities.com/world-university-rankings,
Bank of India,Abo Akademi University,Finland,Top 1000 as per QS Rankings 2026,https://www.topuniversities.com/world-university-rankings,
Bank of India,Inha University,South Korea,Top 1000 as per QS Rankings 2026,https://www.topuniversities.com/world-university-rankings,
Bank of India,Free University of Bolzano,Italy,Top 1000 as per QS Rankings 2026,https://www.topuniversities.com/world-university-rankings,
Bank of India,Manchester Metropolitan University,United Kingdom,Top 1000 as per QS Rankings 2026,https://www.topuniversities.com/world-university-rankings,
Bank of India,University of Manitoba,Canada,Top 1000 as per QS Rankings 2026,https://www.topuniversities.com/world-university-rankings,
Bank of India,King Faisal University,Saudi Arabia,Top 1000 as per QS Rankings 2026,https://www.topuniversities.com/world-university-rankings,
Bank of India,"University of Tromso, The Arctic University of Norway",Norway,Top 1000 as per QS Rankings 2026,https://www.topuniversities.com/world-university-rankings,
Bank of India,MGIMO University,Russian Federation,Top 1000 as per QS Rankings 2026,https://www.topuniversities.com/world-university-rankings,
Bank of India,Paris Lodron University of Salzburg,Austria,Top 1000 as per QS Rankings 2026,https://www.topuniversities.com/world-university-rankings,
Bank of India,Universidad de la Republica (UdelaR),Uruguay,Top 1000 as per QS Rankings 2026,https://www.topuniversities.com/world-university-rankings,
Bank of India,University of Brescia,Italy,Top 1000 as per QS Rankings 2026,https://www.topuniversities.com/world-university-rankings,
Bank of India,China University of Mining and Technology,China,Top 1000 as per QS Rankings 2026,https://www.topuniversities.com/world-university-rankings,
Bank of India,De La Salle University,Philippines,Top 1000 as per QS Rankings 2026,https://www.topuniversities.com/world-university-rankings,
Bank of India,Konkuk University,South Korea,Top 1000 as per QS Rankings 2026,https://www.topuniversities.com/world-university-rankings,
Bank of India,University of Lille,France,Top 1000 as per QS Rankings 2026,https://www.topuniversities.com/world-university-rankings,
Bank of India,"University of Agriculture, Faisalabad",Pakistan,Top 1000 as per QS Rankings 2026,https://www.topuniversities.com/world-university-rankings,
Bank of India,University of South Florida,United States of America,Top 1000 as per QS Rankings 2026,https://www.topuniversities.com/world-university-rankings,
Bank of India,Bar-Ilan University,Israel,Top 1000 as per QS Rankings 2026,https://www.topuniversities.com/world-university-rankings,
Bank of India,Ca Foscari University of Venice,Italy,Top 1000 as per QS Rankings 2026,https://www.topuniversities.com/world-university-rankings,
Bank of India,"Kingston University, London",United Kingdom,Top 1000 as per QS Rankings 2026,https://www.topuniversities.com/world-university-rankings,
Bank of India,Memorial University of Newfoundland,Canada,Top 1000 as per QS Rankings 2026,https://www.topuniversities.com/world-university-rankings,
Bank of India,COMSATS University Islamabad,Pakistan,Top 1000 as per QS Rankings 2026,https://www.topuniversities.com/world-university-rankings,
Bank of India,Indian Institute of Technology Hyderabad (IITH),India,Top 1000 as per QS Rankings 2026,https://www.topuniversities.com/world-university-rankings,
Bank of India,University of Mumbai,India,Top 1000 as per QS Rankings 2026,https://www.topuniversities.com/world-university-rankings,
Bank of India,University of Oklahoma,United States of America,Top 1000 as per QS Rankings 2026,https://www.topuniversities.com/world-university-rankings,
Bank of India,Birla Institute of Technology and Science,India,Top 1000 as per QS Rankings 2026,https://www.topuniversities.com/world-university-rankings,
Bank of India,Chang Gung University,Taiwan,Top 1000 as per QS Rankings 2026,https://www.topuniversities.com/world-university-rankings,
Bank of India,Karl-Franzens-Universitat Graz,Austria,Top 1000 as per QS Rankings 2026,https://www.topuniversities.com/world-university-rankings,
Bank of India,Lehigh University,United States of America,Top 1000 as per QS Rankings 2026,https://www.topuniversities.com/world-university-rankings,
Bank of India,Palacky University in Olomouc,Czechia,Top 1000 as per QS Rankings 2026,https://www.topuniversities.com/world-university-rankings,
Bank of India,East China University of Science and Technology,China,Top 1000 as per QS Rankings 2026,https://www.topuniversities.com/world-university-rankings,
Bank of India,Stevens Institute of Technology,United States of America,Top 1000 as per QS Rankings 2026,https://www.topuniversities.com/world-university-rankings,
Bank of India,Technische Universitat Dortmund,Germany,Top 1000 as per QS Rankings 2026,https://www.topuniversities.com/world-university-rankings,
Bank of India,Beirut Arab University,Lebanon,Top 1000 as per QS Rankings 2026,https://www.topuniversities.com/world-university-rankings,
Bank of India,Jadavpur University,India,Top 1000 as per QS Rankings 2026,https://www.topuniversities.com/world-university-rankings,
Bank of India,American University in Dubai,United Arab Emirates,Top 1000 as per QS Rankings 2026,https://www.topuniversities.com/world-university-rankings,
Bank of India,University of Haifa,Israel,Top 1000 as per QS Rankings 2026,https://www.topuniversities.com/world-university-rankings,
Bank of India,HUFS - Hankuk (Korea) University of Foreign Studies,South Korea,Top 1000 as per QS Rankings 2026,https://www.topuniversities.com/world-university-rankings,
Bank of India,Nanjing University of Aeronautics and Astronautics,China,Top 1000 as per QS Rankings 2026,https://www.topuniversities.com/world-university-rankings,
Bank of India,Ritsumeikan University,Japan,Top 1000 as per QS Rankings 2026,https://www.topuniversities.com/world-university-rankings,
Bank of India,University of Brawijaya,Indonesia,Top 1000 as per QS Rankings 2026,https://www.topuniversities.com/world-university-rankings,
Bank of India,Comenius University Bratislava,Slovakia,Top 1000 as per QS Rankings 2026,https://www.topuniversities.com/world-university-rankings,
Bank of India,Ton Duc Thang University,Vietnam,Top 1000 as per QS Rankings 2026,https://www.topuniversities.com/world-university-rankings,
Bank of India,China University of Petroleum,China,Top 1000 as per QS Rankings 2026,https://www.topuniversities.com/world-university-rankings,
Bank of India,Cyprus University of Technology,Cyprus,Top 1000 as per QS Rankings 2026,https://www.topuniversities.com/world-university-rankings,
Bank of India,Baku State University,Azerbaijan,Top 1000 as per QS Rankings 2026,https://www.topuniversities.com/world-university-rankings,
Bank of India,Tomsk Polytechnic University,Russian Federation,Top 1000 as per QS Rankings 2026,https://www.topuniversities.com/world-university-rankings,
Bank of India,University Cote dAzur,France,Top 1000 as per QS Rankings 2026,https://www.topuniversities.com/world-university-rankings,
Bank of India,Eastern Mediterranean University,Northern Cyprus,Top 1000 as per QS Rankings 2026,https://www.topuniversities.com/world-university-rankings,
Bank of India,Universidade Federal do Rio Grande Do Sul,Brazil,Top 1000 as per QS Rankings 2026,https://www.topuniversities.com/world-university-rankings,
Bank of India,Universitat Regensburg,Germany,Top 1000 as per QS Rankings 2026,https://www.topuniversities.com/world-university-rankings,
Bank of India,"Vellore Institute of Technology (VIT), Vellore, India",India,Top 1000 as per QS Rankings 2026,https://www.topuniversities.com/world-university-rankings,
Bank of India,Rensselaer Polytechnic Institute,United States of America,Top 1000 as per QS Rankings 2026,https://www.topuniversities.com/world-university-rankings,
Bank of India,Symbiosis International (Deemed University),India,Top 1000 as per QS Rankings 2026,https://www.topuniversities.com/world-university-rankings,
Bank of India,TUHH Hamburg University of Technology,Germany,Top 1000 as per QS Rankings 2026,https://www.topuniversities.com/world-university-rankings,
Bank of India,Ankara Universitesi,Türkiye,Top 1000 as per QS Rankings 2026,https://www.topuniversities.com/world-university-rankings,
Bank of India,Beijing University of Chemical Technology,China,Top 1000 as per QS Rankings 2026,https://www.topuniversities.com/world-university-rankings,
Bank of India,Kazakh National Agrarian University,Kazakhstan,Top 1000 as per QS Rankings 2026,https://www.topuniversities.com/world-university-rankings,
Bank of India,Tokyo Medical and Dental University,Japan,Top 1000 as per QS Rankings 2026,https://www.topuniversities.com/world-university-rankings,
Bank of India,Universidad de Alcala,Spain,Top 1000 as per QS Rankings 2026,https://www.topuniversities.com/world-university-rankings,
Bank of India,University of Klagenfurt,Austria,Top 1000 as per QS Rankings 2026,https://www.topuniversities.com/world-university-rankings,
Bank of India,"University of Missouri, Columbia",United States of America,Top 1000 as per QS Rankings 2026,https://www.topuniversities.com/world-university-rankings,
Bank of India,Jeonbuk National University (formerly known as Chonbuk National University),South Korea,Top 1000 as per QS Rankings 2026,https://www.topuniversities.com/world-university-rankings,
Bank of India,Kasetsart University,Thailand,Top 1000 as per QS Rankings 2026,https://www.topuniversities.com/world-university-rankings,
Bank of India,"Lingnan University, Hong Kong",China,Top 1000 as per QS Rankings 2026,https://www.topuniversities.com/world-university-rankings,
Bank of India,Nanjing University of Science and Technology,China,Top 1000 as per QS Rankings 2026,https://www.topuniversities.com/world-university-rankings,
Bank of India,Shiraz University,Iran,Top 1000 as per QS Rankings 2026,https://www.topuniversities.com/world-university-rankings,
Bank of India,Universidad Panamericana (UP),Mexico,Top 1000 as per QS Rankings 2026,https://www.topuniversities.com/world-university-rankings,
Bank of India,University of Central Florida,United States of America,Top 1000 as per QS Rankings 2026,https://www.topuniversities.com/world-university-rankings,
Bank of India,University of Zagreb,Croatia,Top 1000 as per QS Rankings 2026,https://www.topuniversities.com/world-university-rankings,
Bank of India,Asia University Taiwan,Taiwan,Top 1000 as per QS Rankings 2026,https://www.topuniversities.com/world-university-rankings,
Bank of India,Budapest University of Technology and Economics,Hungary,Top 1000 as per QS Rankings 2026,https://www.topuniversities.com/world-university-rankings,
Bank of India,Drexel University,United States of America,Top 1000 as per QS Rankings 2026,https://www.topuniversities.com/world-university-rankings,
Bank of India,"Goldsmiths, University of London",United Kingdom,Top 1000 as per QS Rankings 2026,https://www.topuniversities.com/world-university-rankings,
Bank of India,ISCTE - Instituto Universitario de Lisboa,Portugal,Top 1000 as per QS Rankings 2026,https://www.topuniversities.com/world-university-rankings,
Bank of India,ITMO University,Russian Federation,Top 1000 as per QS Rankings 2026,https://www.topuniversities.com/world-university-rankings,
Bank of India,Technische Universitat Braunschweig,Germany,Top 1000 as per QS Rankings 2026,https://www.topuniversities.com/world-university-rankings,
Bank of India,Toronto Metropolitan University (formerly Ryerson University),Canada,Top 1000 as per QS Rankings 2026,https://www.topuniversities.com/world-university-rankings,
Bank of India,Universitat Hohenheim,Germany,Top 1000 as per QS Rankings 2026,https://www.topuniversities.com/world-university-rankings,
Bank of India,University of Rennes 1,France,Top 1000 as per QS Rankings 2026,https://www.topuniversities.com/world-university-rankings,
Bank of India,University of Nebraska-Lincoln,United States of America,Top 1000 as per QS Rankings 2026,https://www.topuniversities.com/world-university-rankings,
Bank of India,National University of Science and Technology MISiS,Russian Federation,Top 1000 as per QS Rankings 2026,https://www.topuniversities.com/world-university-rankings,
Bank of India,National University of Uzbekistan,Uzbekistan,Top 1000 as per QS Rankings 2026,https://www.topuniversities.com/world-university-rankings,
Bank of India,Pakistan Institute of Engineering and Applied Sciences (PIEAS),Pakistan,Top 1000 as per QS Rankings 2026,https://www.topuniversities.com/world-university-rankings,
Bank of India,Prince Sattam Bin Abdulaziz University,Saudi Arabia,Top 1000 as per QS Rankings 2026,https://www.topuniversities.com/world-university-rankings,
Bank of India,Taras Shevchenko National University of Kyiv,Ukraine,Top 1000 as per QS Rankings 2026,https://www.topuniversities.com/world-university-rankings,
Bank of India,Temple University,United States of America,Top 1000 as per QS Rankings 2026,https://www.topuniversities.com/world-university-rankings,
Bank of India,University of Cincinnati,United States of America,Top 1000 as per QS Rankings 2026,https://www.topuniversities.com/world-university-rankings,
Bank of India,University of Patras,Greece,Top 1000 as per QS Rankings 2026,https://www.topuniversities.com/world-university-rankings,
Bank of India,UWE Bristol (University of the West of England),United Kingdom,Top 1000 as per QS Rankings 2026,https://www.topuniversities.com/world-university-rankings,
Bank of India,Auezov South Kazakhstan State University (SKSU),Kazakhstan,Top 1000 as per QS Rankings 2026,https://www.topuniversities.com/world-university-rankings,
Bank of India,Far Eastern Federal University,Russian Federation,Top 1000 as per QS Rankings 2026,https://www.topuniversities.com/world-university-rankings,
Bank of India,National Institute of Technology Tiruchirappalli,India,Top 1000 as per QS Rankings 2026,https://www.topuniversities.com/world-university-rankings,
Bank of India,Princess Nourah bint Abdulrahman University,Saudi Arabia,Top 1000 as per QS Rankings 2026,https://www.topuniversities.com/world-university-rankings,
Bank of India,SEGi University,Malaysia,Top 1000 as per QS Rankings 2026,https://www.topuniversities.com/world-university-rankings,
Bank of India,"Sofia University ""St. Kliment Ohridski""",Bulgaria,Top 1000 as per QS Rankings 2026,https://www.topuniversities.com/world-university-rankings,
Bank of India,Texas Tech University,United States of America,Top 1000 as per QS Rankings 2026,https://www.topuniversities.com/world-university-rankings,
Bank of India,Universidad Central de Venezuela - UCV,Venezuela,Top 1000 as per QS Rankings 2026,https://www.topuniversities.com/world-university-rankings,
Bank of India,University of Tunis El Manar,Tunisia,Top 1000 as per QS Rankings 2026,https://www.topuniversities.com/world-university-rankings,
Bank of India,Yildiz Technical University,Türkiye,Top 1000 as per QS Rankings 2026,https://www.topuniversities.com/world-university-rankings,
Bank of India,Aberystwyth University,United Kingdom,Top 1000 as per QS Rankings 2026,https://www.topuniversities.com/world-university-rankings,
Bank of India,Adam Mickiewicz University,Poland,Top 1000 as per QS Rankings 2026,https://www.topuniversities.com/world-university-rankings,
Bank of India,Brandeis University,United States of America,Top 1000 as per QS Rankings 2026,https://www.topuniversities.com/world-university-rankings,
Bank of India,Kaunas University of Technology,Lithuania,Top 1000 as per QS Rankings 2026,https://www.topuniversities.com/world-university-rankings,
Bank of India,Plekhanov Russian University of Economics,Russian Federation,Top 1000 as per QS Rankings 2026,https://www.topuniversities.com/world-university-rankings,
Bank of India,Shahid Beheshti University (SBU),Iran,Top 1000 as per QS Rankings 2026,https://www.topuniversities.com/world-university-rankings,
Bank of India,Syracuse University,United States of America,Top 1000 as per QS Rankings 2026,https://www.topuniversities.com/world-university-rankings,
Bank of India,The Catholic University of Korea,South Korea,Top 1000 as per QS Rankings 2026,https://www.topuniversities.com/world-university-rankings,
Bank of India,University of Baghdad,Iraq,Top 1000 as per QS Rankings 2026,https://www.topuniversities.com/world-university-rankings,
Bank of India,University of Malta,Malta,Top 1000 as per QS Rankings 2026,https://www.topuniversities.com/world-university-rankings,
Bank of India,University of Messina,Italy,Top 1000 as per QS Rankings 2026,https://www.topuniversities.com/world-university-rankings,
Bank of India,University of Pecs,Hungary,Top 1000 as per QS Rankings 2026,https://www.topuniversities.com/world-university-rankings,
Bank of India,Victoria University,Australia,Top 1000 as per QS Rankings 2026,https://www.topuniversities.com/world-university-rankings,
Bank of India,Vytautas Magnus University,Lithuania,Top 1000 as per QS Rankings 2026,https://www.topuniversities.com/world-university-rankings,
Bank of India,Martin-Luther-Universitat Halle-Wittenberg,Germany,Top 1000 as per QS Rankings 2026,https://www.topuniversities.com/world-university-rankings,
Bank of India,University of Lorraine,France,Top 1000 as per QS Rankings 2026,https://www.topuniversities.com/world-university-rankings,
Bank of India,University of New Mexico,United States of America,Top 1000 as per QS Rankings 2026,https://www.topuniversities.com/world-university-rankings,
Bank of India,University of Oregon,United States of America,Top 1000 as per QS Rankings 2026,https://www.topuniversities.com/world-university-rankings,
Bank of India,University of Trieste,Italy,Top 1000 as per QS Rankings 2026,https://www.topuniversities.com/world-university-rankings,
Bank of India,Al-Ahliyya Amman University,Jordan,Top 1000 as per QS Rankings 2026,https://www.topuniversities.com/world-university-rankings,
Bank of India,Babes-Bolyai University,Romania,Top 1000 as per QS Rankings 2026,https://www.topuniversities.com/world-university-rankings,
Bank of India,Bangladesh University of Engineering and Technology,Bangladesh,Top 1000 as per QS Rankings 2026,https://www.topuniversities.com/world-university-rankings,
Bank of India,Czech University of Life Sciences in Prague,Czechia,Top 1000 as per QS Rankings 2026,https://www.topuniversities.com/world-university-rankings,
Bank of India,"Government College University, Faisalabad",Pakistan,Top 1000 as per QS Rankings 2026,https://www.topuniversities.com/world-university-rankings,
Bank of India,"Jamia Millia Islamia, New Delhi",India,Top 1000 as per QS Rankings 2026,https://www.topuniversities.com/world-university-rankings,
Bank of India,Khoja Akhmet Yassawi International Kazakh-Turkish University,Kazakhstan,Top 1000 as per QS Rankings 2026,https://www.topuniversities.com/world-university-rankings,
Bank of India,Kaohsiung Medical University,Taiwan,Top 1000 as per QS Rankings 2026,https://www.topuniversities.com/world-university-rankings,
Bank of India,New Jersey Institute of Technology (NJIT),United States of America,Top 1000 as per QS Rankings 2026,https://www.topuniversities.com/world-university-rankings,
Bank of India,Riga Technical University,Latvia,Top 1000 as per QS Rankings 2026,https://www.topuniversities.com/world-university-rankings,
Bank of India,University of Belgrade,Serbia,Top 1000 as per QS Rankings 2026,https://www.topuniversities.com/world-university-rankings,
Bank of India,University of Bucharest,Romania,Top 1000 as per QS Rankings 2026,https://www.topuniversities.com/world-university-rankings,
Bank of India,University of Nizwa,Oman,Top 1000 as per QS Rankings 2026,https://www.topuniversities.com/world-university-rankings,
Bank of India,"Vietnam National University, Hanoi",Vietnam,Top 1000 as per QS Rankings 2026,https://www.topuniversities.com/world-university-rankings,
Bank of India,Holy Spirit University of Kaslik,Lebanon,Top 1000 as per QS Rankings 2026,https://www.topuniversities.com/world-university-rankings,
Bank of India,Philipps-Universitat Marburg,Germany,Top 1000 as per QS Rankings 2026,https://www.topuniversities.com/world-university-rankings,
Bank of India,Rovira i Virgili University,Spain,Top 1000 as per QS Rankings 2026,https://www.topuniversities.com/world-university-rankings,
Bank of India,Rutgers University - Newark,United States of America,Top 1000 as per QS Rankings 2026,https://www.topuniversities.com/world-university-rankings,
Bank of India,Thapar Institute of Engineering & Technology,India,Top 1000 as per QS Rankings 2026,https://www.topuniversities.com/world-university-rankings,
Bank of India,Universidad de Palermo,Argentina,Top 1000 as per QS Rankings 2026,https://www.topuniversities.com/world-university-rankings,
Bank of India,University of Calcutta,India,Top 1000 as per QS Rankings 2026,https://www.topuniversities.com/world-university-rankings,
Bank of India,University of Maynooth,Ireland,Top 1000 as per QS Rankings 2026,https://www.topuniversities.com/world-university-rankings,
Bank of India,Alexandria University,Egypt,Top 1000 as per QS Rankings 2026,https://www.topuniversities.com/world-university-rankings,
Bank of India,Carleton University,Canada,Top 1000 as per QS Rankings 2026,https://www.topuniversities.com/world-university-rankings,
Bank of India,Georgia State University,United States of America,Top 1000 as per QS Rankings 2026,https://www.topuniversities.com/world-university-rankings,
Bank of India,Hong Kong Metropolitan University,China,Top 1000 as per QS Rankings 2026,https://www.topuniversities.com/world-university-rankings,
Bank of India,Kuwait University,Kuwait,Top 1000 as per QS Rankings 2026,https://www.topuniversities.com/world-university-rankings,
Bank of India,Technological University of Dublin,Ireland,Top 1000 as per QS Rankings 2026,https://www.topuniversities.com/world-university-rankings,
Bank of India,Universidad de Alicante,Spain,Top 1000 as per QS Rankings 2026,https://www.topuniversities.com/world-university-rankings,
Bank of India,Universidad de Antioquia,Colombia,Top 1000 as per QS Rankings 2026,https://www.topuniversities.com/world-university-rankings,
Bank of India,Universidad del Rosario,Colombia,Top 1000 as per QS Rankings 2026,https://www.topuniversities.com/world-university-rankings,
Bank of India,"Universidade Catolica Portuguesa, UCP",Portugal,Top 1000 as per QS Rankings 2026,https://www.topuniversities.com/world-university-rankings,
Bank of India,University of Kentucky,United States of America,Top 1000 as per QS Rankings 2026,https://www.topuniversities.com/world-university-rankings,
Bank of India,University of Mons,Belgium,Top 1000 as per QS Rankings 2026,https://www.topuniversities.com/world-university-rankings,
Bank of India,V.N. Karazin Kharkiv National University,Ukraine,Top 1000 as per QS Rankings 2026,https://www.topuniversities.com/world-university-rankings,
Bank of India,Wayne State University,United States of America,Top 1000 as per QS Rankings 2026,https://www.topuniversities.com/world-university-rankings,
Bank of India,Applied Science Private University - Jordan,Jordan,Top 1000 as per QS Rankings 2026,https://www.topuniversities.com/world-university-rankings,
Bank of India,Beijing University of Technology,China,Top 1000 as per QS Rankings 2026,https://www.topuniversities.com/world-university-rankings,
Bank of India,Chiba University,Japan,Top 1000 as per QS Rankings 2026,https://www.topuniversities.com/world-university-rankings,
Bank of India,Lanzhou University,China,Top 1000 as per QS Rankings 2026,https://www.topuniversities.com/world-university-rankings,
Bank of India,Norwegian University of Life Sciences (UMB),Norway,Top 1000 as per QS Rankings 2026,https://www.topuniversities.com/world-university-rankings,
Bank of India,Pontificia Universidad Catolica de Valparaiso,Chile,Top 1000 as per QS Rankings 2026,https://www.topuniversities.com/world-university-rankings,
Bank of India,Universiti Tunku Abdul Rahman (UTAR),Malaysia,Top 1000 as per QS Rankings 2026,https://www.topuniversities.com/world-university-rankings,
Bank of India,Wake Forest University,United States of America,Top 1000 as per QS Rankings 2026,https://www.topuniversities.com/world-university-rankings,
Bank of India,AGH University of Krakow,Poland,Top 1000 as per QS Rankings 2026,https://www.topuniversities.com/world-university-rankings,
Bank of India,Ahlia University,Bahrain,Top 1000 as per QS Rankings 2026,https://www.topuniversities.com/world-university-rankings,
Bank of India,Alfaisal University,Saudi Arabia,Top 1000 as per QS Rankings 2026,https://www.topuniversities.com/world-university-rankings,
Bank of India,Azerbaijan State University of Economics,Azerbaijan,Top 1000 as per QS Rankings 2026,https://www.topuniversities.com/world-university-rankings,
Bank of India,Bournemouth University,United Kingdom,Top 1000 as per QS Rankings 2026,https://www.topuniversities.com/world-university-rankings,
Bank of India,De Montfort University,United Kingdom,Top 1000 as per QS Rankings 2026,https://www.topuniversities.com/world-university-rankings,
Bank of India,Donghua University,China,Top 1000 as per QS Rankings 2026,https://www.topuniversities.com/world-university-rankings,
Bank of India,Gdansk University of Technology,Poland,Top 1000 as per QS Rankings 2026,https://www.topuniversities.com/world-university-rankings,
Bank of India,German Jordanian University,Jordan,Top 1000 as per QS Rankings 2026,https://www.topuniversities.com/world-university-rankings,
Bank of India,IIT Gandhinagar,India,Top 1000 as per QS Rankings 2026,https://www.topuniversities.com/world-university-rankings,
Bank of India,Instituto Tecnologico Autonomo de Mexico (ITAM),Mexico,Top 1000 as per QS Rankings 2026,https://www.topuniversities.com/world-university-rankings,
Bank of India,Keele University,United Kingdom,Top 1000 as per QS Rankings 2026,https://www.topuniversities.com/world-university-rankings,
Bank of India,Middlesex University,United Kingdom,Top 1000 as per QS Rankings 2026,https://www.topuniversities.com/world-university-rankings,
Bank of India,"National Technical University of Ukraine ""Igor Sikorsky Kyiv Polytechnic Institute""",Ukraine,Top 1000 as per QS Rankings 2026,https://www.topuniversities.com/world-university-rankings,
Bank of India,Northwest Agriculture and Forestry University,China,Top 1000 as per QS Rankings 2026,https://www.topuniversities.com/world-university-rankings,
Bank of India,Ocean University of China,China,Top 1000 as per QS Rankings 2026,https://www.topuniversities.com/world-university-rankings,
Bank of India,Perugia University,Italy,Top 1000 as per QS Rankings 2026,https://www.topuniversities.com/world-university-rankings,
Bank of India,Politecnico di Bari,Italy,Top 1000 as per QS Rankings 2026,https://www.topuniversities.com/world-university-rankings,
Bank of India,Qassim University,Saudi Arabia,Top 1000 as per QS Rankings 2026,https://www.topuniversities.com/world-university-rankings,
Bank of India,Soochow University,China,Top 1000 as per QS Rankings 2026,https://www.topuniversities.com/world-university-rankings,
Bank of India,"The New School, New York City and Paris",United States of America,Top 1000 as per QS Rankings 2026,https://www.topuniversities.com/world-university-rankings,
Bank of India,Tokyo University of Science (RIKADAI),Japan,Top 1000 as per QS Rankings 2026,https://www.topuniversities.com/world-university-rankings,
Bank of India,Universidad de la Habana,Cuba,Top 1000 as per QS Rankings 2026,https://www.topuniversities.com/world-university-rankings,
Bank of India,Universidad de Montevideo,Uruguay,Top 1000 as per QS Rankings 2026,https://www.topuniversities.com/world-university-rankings,
Bank of India,Universidad de San Francisco de Quito,Ecuador,Top 1000 as per QS Rankings 2026,https://www.topuniversities.com/world-university-rankings,
Bank of India,Universidade de Brasilia (UnB),Brazil,Top 1000 as per QS Rankings 2026,https://www.topuniversities.com/world-university-rankings,
Bank of India,Universidade Federal de Santa Catarina,Brazil,Top 1000 as per QS Rankings 2026,https://www.topuniversities.com/world-university-rankings,
Bank of India,Universidade Federal de Sao Paulo (UNIFESP),Brazil,Top 1000 as per QS Rankings 2026,https://www.topuniversities.com/world-university-rankings,
Bank of India,University of Salerno,Italy,Top 1000 as per QS Rankings 2026,https://www.topuniversities.com/world-university-rankings,
Bank of India,Polytechnic University of Marche - UNIVPM,Italy,Top 1000 as per QS Rankings 2026,https://www.topuniversities.com/world-university-rankings,
Bank of India,University of Palermo,Italy,Top 1000 as per QS Rankings 2026,https://www.topuniversities.com/world-university-rankings,
Bank of India,Universitat Duisburg-Essen,Germany,Top 1000 as per QS Rankings 2026,https://www.topuniversities.com/world-university-rankings,
Bank of India,Universiti Malaysia Terengganu (UMT),Malaysia,Top 1000 as per QS Rankings 2026,https://www.topuniversities.com/world-university-rankings,
Bank of India,University of Bari,Italy,Top 1000 as per QS Rankings 2026,https://www.topuniversities.com/world-university-rankings,
Bank of India,University of Brighton,United Kingdom,Top 1000 as per QS Rankings 2026,https://www.topuniversities.com/world-university-rankings,
Bank of India,University of Engineering & Technology (UET) Lahore,Pakistan,Top 1000 as per QS Rankings 2026,https://www.topuniversities.com/world-university-rankings,
Bank of India,University of Greenwich,United Kingdom,Top 1000 as per QS Rankings 2026,https://www.topuniversities.com/world-university-rankings,
Bank of India,University of Hyderabad,India,Top 1000 as per QS Rankings 2026,https://www.topuniversities.com/world-university-rankings,
Bank of India,University of Latvia,Latvia,Top 1000 as per QS Rankings 2026,https://www.topuniversities.com/world-university-rankings,
Bank of India,University of Lincoln,United Kingdom,Top 1000 as per QS Rankings 2026,https://www.topuniversities.com/world-university-rankings,
Bank of India,"University of Maryland, Baltimore",United States of America,Top 1000 as per QS Rankings 2026,https://www.topuniversities.com/world-university-rankings,
Bank of India,"University of Maryland, Baltimore County",United States of America,Top 1000 as per QS Rankings 2026,https://www.topuniversities.com/world-university-rankings,
Bank of India,University of Modena and Reggio Emilia,Italy,Top 1000 as per QS Rankings 2026,https://www.topuniversities.com/world-university-rankings,
Bank of India,University of Namur,Belgium,Top 1000 as per QS Rankings 2026,https://www.topuniversities.com/world-university-rankings,
Bank of India,University of Ulsan,South Korea,Top 1000 as per QS Rankings 2026,https://www.topuniversities.com/world-university-rankings,
Bank of India,University of Westminster,United Kingdom,Top 1000 as per QS Rankings 2026,https://www.topuniversities.com/world-university-rankings,
Bank of India,University of Wroclaw,Poland,Top 1000 as per QS Rankings 2026,https://www.topuniversities.com/world-university-rankings,
Bank of India,Vietnam National University - Ho Chi Minh City (VNU-HCM),Vietnam,Top 1000 as per QS Rankings 2026,https://www.topuniversities.com/world-university-rankings,
Bank of India,Zurich University of Applied Sciences (ZHAW),Switzerland,Top 1000 as per QS Rankings 2026,https://www.topuniversities.com/world-university-rankings,
Bank of India,Addis Ababa University,Ethiopia,Top 1000 as per QS Rankings 2026,https://www.topuniversities.com/world-university-rankings,
Bank of India,Altai State University,Russian Federation,Top 1000 as per QS Rankings 2026,https://www.topuniversities.com/world-university-rankings,
Bank of India,Auburn University,United States of America,Top 1000 as per QS Rankings 2026,https://www.topuniversities.com/world-university-rankings,
Bank of India,Australian Catholic University,Australia,Top 1000 as per QS Rankings 2026,https://www.topuniversities.com/world-university-rankings,
Bank of India,Azerbaijan State Oil and Industry University,Azerbaijan,Top 1000 as per QS Rankings 2026,https://www.topuniversities.com/world-university-rankings,
Bank of India,Azerbaijan Technical University,Azerbaijan,Top 1000 as per QS Rankings 2026,https://www.topuniversities.com/world-university-rankings,
Bank of India,Beijing Jiaotong University,China,Top 1000 as per QS Rankings 2026,https://www.topuniversities.com/world-university-rankings,
Bank of India,Belarusian National Technical University,Belarus,Top 1000 as per QS Rankings 2026,https://www.topuniversities.com/world-university-rankings,
Bank of India,BINUS UNIVERSITY (Bina Nusantara University),Indonesia,Top 1000 as per QS Rankings 2026,https://www.topuniversities.com/world-university-rankings,
Bank of India,Catania University,Italy,Top 1000 as per QS Rankings 2026,https://www.topuniversities.com/world-university-rankings,
Bank of India,China University of Geosciences,China,Top 1000 as per QS Rankings 2026,https://www.topuniversities.com/world-university-rankings,
Bank of India,Chungnam National University,South Korea,Top 1000 as per QS Rankings 2026,https://www.topuniversities.com/world-university-rankings,
Bank of India,Dhofar University,Oman,Top 1000 as per QS Rankings 2026,https://www.topuniversities.com/world-university-rankings,
Bank of India,Edinburgh Napier University,United Kingdom,Top 1000 as per QS Rankings 2026,https://www.topuniversities.com/world-university-rankings,
Bank of India,Effat University,Saudi Arabia,Top 1000 as per QS Rankings 2026,https://www.topuniversities.com/world-university-rankings,
Bank of India,European University of Lefke (EUL),Northern Cyprus,Top 1000 as per QS Rankings 2026,https://www.topuniversities.com/world-university-rankings,
Bank of India,I.M. Sechenov First Moscow State Medical University,Russian Federation,Top 1000 as per QS Rankings 2026,https://www.topuniversities.com/world-university-rankings,
Bank of India,Imam Muhammad Ibn Saud Islamic University - IMSIU,Saudi Arabia,Top 1000 as per QS Rankings 2026,https://www.topuniversities.com/world-university-rankings,
Bank of India,Instituto Politecnico Nacional (IPN),Mexico,Top 1000 as per QS Rankings 2026,https://www.topuniversities.com/world-university-rankings,
Bank of India,Jiangnan University,China,Top 1000 as per QS Rankings 2026,https://www.topuniversities.com/world-university-rankings,
Bank of India,Liverpool John Moores University,United Kingdom,Top 1000 as per QS Rankings 2026,https://www.topuniversities.com/world-university-rankings,
Bank of India,Louisiana State University,United States of America,Top 1000 as per QS Rankings 2026,https://www.topuniversities.com/world-university-rankings,
Bank of India,Manipal Academy of Higher Education - Manipal University (MAHE),India,Top 1000 as per QS Rankings 2026,https://www.topuniversities.com/world-university-rankings,
Bank of India,Mendel University in Brno,Czechia,Top 1000 as per QS Rankings 2026,https://www.topuniversities.com/world-university-rankings,
Bank of India,Multimedia University (MMU),Malaysia,Top 1000 as per QS Rankings 2026,https://www.topuniversities.com/world-university-rankings,
Bank of India,Nantes University,France,Top 1000 as per QS Rankings 2026,https://www.topuniversities.com/world-university-rankings,
Bank of India,O. P. Jindal Global University (JGU),India,Top 1000 as per QS Rankings 2026,https://www.topuniversities.com/world-university-rankings,
Bank of India,Oklahoma State University,United States of America,Top 1000 as per QS Rankings 2026,https://www.topuniversities.com/world-university-rankings,
Bank of India,Prince of Songkla University,Thailand,Top 1000 as per QS Rankings 2026,https://www.topuniversities.com/world-university-rankings,
Bank of India,Tokyo University of Agriculture and Technology,Japan,Top 1000 as per QS Rankings 2026,https://www.topuniversities.com/world-university-rankings,
Bank of India,Universidad Anahuac,Mexico,Top 1000 as per QS Rankings 2026,https://www.topuniversities.com/world-university-rankings,
Bank of India,Universidad Nacional de Cordoba,Argentina,Top 1000 as per QS Rankings 2026,https://www.topuniversities.com/world-university-rankings,
Bank of India,Universidade de Vigo,Spain,Top 1000 as per QS Rankings 2026,https://www.topuniversities.com/world-university-rankings,
Bank of India,University of Tuscia,Italy,Top 1000 as per QS Rankings 2026,https://www.topuniversities.com/world-university-rankings,
Bank of India,Universitat Dusseldorf,Germany,Top 1000 as per QS Rankings 2026,https://www.topuniversities.com/world-university-rankings,
Bank of India,Universitat Rostock,Germany,Top 1000 as per QS Rankings 2026,https://www.topuniversities.com/world-university-rankings,
Bank of India,University of Franche-Comte,France,Top 1000 as per QS Rankings 2026,https://www.topuniversities.com/world-university-rankings,
Bank of India,University du Quebec,Canada,Top 1000 as per QS Rankings 2026,https://www.topuniversities.com/world-university-rankings,
Bank of India,Universiti Pendidikan Sultan Idris (UPSI),Malaysia,Top 1000 as per QS Rankings 2026,https://www.topuniversities.com/world-university-rankings,
Bank of India,"University of Colorado, Denver",United States of America,Top 1000 as per QS Rankings 2026,https://www.topuniversities.com/world-university-rankings,
Bank of India,University of Dubai,United Arab Emirates,Top 1000 as per QS Rankings 2026,https://www.topuniversities.com/world-university-rankings,
Bank of India,University of Gdansk,Poland,Top 1000 as per QS Rankings 2026,https://www.topuniversities.com/world-university-rankings,
Bank of India,University of Ghana,Ghana,Top 1000 as per QS Rankings 2026,https://www.topuniversities.com/world-university-rankings,
Bank of India,University of Santo Tomas,Philippines,Top 1000 as per QS Rankings 2026,https://www.topuniversities.com/world-university-rankings,
Bank of India,University of Seoul,South Korea,Top 1000 as per QS Rankings 2026,https://www.topuniversities.com/world-university-rankings,
Bank of India,University of Stavanger,Norway,Top 1000 as per QS Rankings 2026,https://www.topuniversities.com/world-university-rankings,
Bank of India,Verona University,Italy,Top 1000 as per QS Rankings 2026,https://www.topuniversities.com/world-university-rankings,
Bank of India,Vilnius Gediminas Technical University,Lithuania,Top 1000 as per QS Rankings 2026,https://www.topuniversities.com/world-university-rankings,
Bank of India,Worcester Polytechnic Institute,United States of America,Top 1000 as per QS Rankings 2026,https://www.topuniversities.com/world-university-rankings,
Bank of India,Wroclaw University of Science and Technology (WUST),Poland,Top 1000 as per QS Rankings 2026,https://www.topuniversities.com/world-university-rankings,
Bank of India,Yarmouk University,Jordan,Top 1000 as per QS Rankings 2026,https://www.topuniversities.com/world-university-rankings,
Bank of India,Al Jouf University,Saudi Arabia,Top 1000 as per QS Rankings 2026,https://www.topuniversities.com/world-university-rankings,
Bank of India,American University of Central Asia,Kyrgyzstan,Top 1000 as per QS Rankings 2026,https://www.topuniversities.com/world-university-rankings,
Bank of India,Baku Engineering University,Azerbaijan,Top 1000 as per QS Rankings 2026,https://www.topuniversities.com/world-university-rankings,
Bank of India,Chonnam National University,South Korea,Top 1000 as per QS Rankings 2026,https://www.topuniversities.com/world-university-rankings,
Bank of India,Colegio de Mexico,Mexico,Top 1000 as per QS Rankings 2026,https://www.topuniversities.com/world-university-rankings,
Bank of India,Future University in Egypt,Egypt,Top 1000 as per QS Rankings 2026,https://www.topuniversities.com/world-university-rankings,
Bank of India,Gazi Universitesi,Türkiye,Top 1000 as per QS Rankings 2026,https://www.topuniversities.com/world-university-rankings,
Bank of India,Gulf University for Science and Technology (GUST),Kuwait,Top 1000 as per QS Rankings 2026,https://www.topuniversities.com/world-university-rankings,
Bank of India,Huazhong Agricultural University,China,Top 1000 as per QS Rankings 2026,https://www.topuniversities.com/world-university-rankings,
Bank of India,Kanazawa University,Japan,Top 1000 as per QS Rankings 2026,https://www.topuniversities.com/world-university-rankings,
Bank of India,Kansas State University,United States of America,Top 1000 as per QS Rankings 2026,https://www.topuniversities.com/world-university-rankings,
Bank of India,Karaganda Buketov University,Kazakhstan,Top 1000 as per QS Rankings 2026,https://www.topuniversities.com/world-university-rankings,
Bank of India,Khon Kaen University,Thailand,Top 1000 as per QS Rankings 2026,https://www.topuniversities.com/world-university-rankings,
Bank of India,King Mongkuts University of Technology Thonburi,Thailand,Top 1000 as per QS Rankings 2026,https://www.topuniversities.com/world-university-rankings,
Bank of India,London South Bank University,United Kingdom,Top 1000 as per QS Rankings 2026,https://www.topuniversities.com/world-university-rankings,
Bank of India,Lovely Professional University (LPU),India,Top 1000 as per QS Rankings 2026,https://www.topuniversities.com/world-university-rankings,
Bank of India,Macao Polytechnic University,China,Top 1000 as per QS Rankings 2026,https://www.topuniversities.com/world-university-rankings,
Bank of India,Michigan Technological University,United States of America,Top 1000 as per QS Rankings 2026,https://www.topuniversities.com/world-university-rankings,
Bank of India,Nagasaki University,Japan,Top 1000 as per QS Rankings 2026,https://www.topuniversities.com/world-university-rankings,
Bank of India,Osaka Metropolitan University,Japan,Top 1000 as per QS Rankings 2026,https://www.topuniversities.com/world-university-rankings,
Bank of India,Panjab University,India,Top 1000 as per QS Rankings 2026,https://www.topuniversities.com/world-university-rankings,
Bank of India,Princess Sumaya University for Technology,Jordan,Top 1000 as per QS Rankings 2026,https://www.topuniversities.com/world-university-rankings,
Bank of India,Saveetha Institute of Medical And Technical Sciences (SIMATS),India,Top 1000 as per QS Rankings 2026,https://www.topuniversities.com/world-university-rankings,
Bank of India,Taif University,Saudi Arabia,Top 1000 as per QS Rankings 2026,https://www.topuniversities.com/world-university-rankings,
Bank of India,Tallinn University,Estonia,Top 1000 as per QS Rankings 2026,https://www.topuniversities.com/world-university-rankings,
Bank of India,Tashkent State Technical University,Uzbekistan,Top 1000 as per QS Rankings 2026,https://www.topuniversities.com/world-university-rankings,
Bank of India,Universidad Catolica Andres Bello - UCAB,Venezuela,Top 1000 as per QS Rankings 2026,https://www.topuniversities.com/world-university-rankings,
Bank of India,Universidad Catolica del Uruguay (UCU),Uruguay,Top 1000 as per QS Rankings 2026,https://www.topuniversities.com/world-university-rankings,
Bank of India,Universidad de los Andes Chile,Chile,Top 1000 as per QS Rankings 2026,https://www.topuniversities.com/world-university-rankings,
Bank of India,Universidad de Oviedo,Spain,Top 1000 as per QS Rankings 2026,https://www.topuniversities.com/world-university-rankings,
Bank of India,Universidad de Valladolid,Spain,Top 1000 as per QS Rankings 2026,https://www.topuniversities.com/world-university-rankings,
Bank of India,Universidad Europea de Madrid,Spain,Top 1000 as per QS Rankings 2026,https://www.topuniversities.com/world-university-rankings,
Bank of India,Universidad Iberoamericana (UIA),Mexico,Top 1000 as per QS Rankings 2026,https://www.topuniversities.com/world-university-rankings,
Bank of India,Universita degli Studi Roma Tre,Italy,Top 1000 as per QS Rankings 2026,https://www.topuniversities.com/world-university-rankings,
Bank of India,University of Sherbrooke,Canada,Top 1000 as per QS Rankings 2026,https://www.topuniversities.com/world-university-rankings,
Bank of India,University at Albany SUNY,United States of America,Top 1000 as per QS Rankings 2026,https://www.topuniversities.com/world-university-rankings,
Bank of India,University of Alabama,United States of America,Top 1000 as per QS Rankings 2026,https://www.topuniversities.com/world-university-rankings,
Bank of India,University of Alaska Fairbanks,United States of America,Top 1000 as per QS Rankings 2026,https://www.topuniversities.com/world-university-rankings,
Bank of India,University of Hertfordshire,United Kingdom,Top 1000 as per QS Rankings 2026,https://www.topuniversities.com/world-university-rankings,
Bank of India,University of Maribor,Slovenia,Top 1000 as per QS Rankings 2026,https://www.topuniversities.com/world-university-rankings,
Bank of India,University of North Texas,United States of America,Top 1000 as per QS Rankings 2026,https://www.topuniversities.com/world-university-rankings,
Bank of India,University of Peshawar,Pakistan,Top 1000 as per QS Rankings 2026,https://www.topuniversities.com/world-university-rankings,
Bank of India,University of Petroleum and Energy Studies (UPES),India,Top 1000 as per QS Rankings 2026,https://www.topuniversities.com/world-university-rankings,
Bank of India,University of Salford,United Kingdom,Top 1000 as per QS Rankings 2026,https://www.topuniversities.com/world-university-rankings,
Bank of India,University of South Africa,South Africa,Top 1000 as per QS Rankings 2026,https://www.topuniversities.com/world-university-rankings,
Bank of India,Virginia Commonwealth University,United States of America,Top 1000 as per QS Rankings 2026,https://www.topuniversities.com/world-university-rankings,
Bank of India,Yeungnam University,South Korea,Top 1000 as per QS Rankings 2026,https://www.topuniversities.com/world-university-rankings,
Bank of India,Abylkas Saginov Karaganda Technical University,Kazakhstan,Top 1000 as per QS Rankings 2026,https://www.topuniversities.com/world-university-rankings,
Bank of India,Al Nahrain University,Iraq,Top 1000 as per QS Rankings 2026,https://www.topuniversities.com/world-university-rankings,
Bank of India,Al-Quds University,Palestine,Top 1000 as per QS Rankings 2026,https://www.topuniversities.com/world-university-rankings,
Bank of India,Amity University,India,Top 1000 as per QS Rankings 2026,https://www.topuniversities.com/world-university-rankings,
Bank of India,Athens University of Economics And Business,Greece,Top 1000 as per QS Rankings 2026,https://www.topuniversities.com/world-university-rankings,
Bank of India,Charles Sturt University,Australia,Top 1000 as per QS Rankings 2026,https://www.topuniversities.com/world-university-rankings,
Bank of India,Clarkson University,United States of America,Top 1000 as per QS Rankings 2026,https://www.topuniversities.com/world-university-rankings,
Bank of India,Clemson University,United States of America,Top 1000 as per QS Rankings 2026,https://www.topuniversities.com/world-university-rankings,
Bank of India,CY Cergy Paris University,France,Top 1000 as per QS Rankings 2026,https://www.topuniversities.com/world-university-rankings,
Bank of India,Escuela Superior Politecnica del Litoral - ESPOL,Ecuador,Top 1000 as per QS Rankings 2026,https://www.topuniversities.com/world-university-rankings,
Bank of India,Ferdowsi University of Mashhad,Iran,Top 1000 as per QS Rankings 2026,https://www.topuniversities.com/world-university-rankings,
Bank of India,George Mason University,United States of America,Top 1000 as per QS Rankings 2026,https://www.topuniversities.com/world-university-rankings,
Bank of India,Guru Gobind Singh Indraprastha University,India,Top 1000 as per QS Rankings 2026,https://www.topuniversities.com/world-university-rankings,
Bank of India,Hasanuddin University,Indonesia,Top 1000 as per QS Rankings 2026,https://www.topuniversities.com/world-university-rankings,
Bank of India,Immanuel Kant Baltic Federal University,Russian Federation,Top 1000 as per QS Rankings 2026,https://www.topuniversities.com/world-university-rankings,
Bank of India,Indian Institute of Technology Bhubaneswar (IIT BBS),India,Top 1000 as per QS Rankings 2026,https://www.topuniversities.com/world-university-rankings,
Bank of India,Ivane Javakhishvili Tbilisi State University,Georgia,Top 1000 as per QS Rankings 2026,https://www.topuniversities.com/world-university-rankings,
Bank of India,Khazar University,Azerbaijan,Top 1000 as per QS Rankings 2026,https://www.topuniversities.com/world-university-rankings,
Bank of India,Kumamoto University,Japan,Top 1000 as per QS Rankings 2026,https://www.topuniversities.com/world-university-rankings,
Bank of India,Kyrgyz-Turkish Manas University,Kyrgyzstan,Top 1000 as per QS Rankings 2026,https://www.topuniversities.com/world-university-rankings,
Bank of India,Lodz University,Poland,Top 1000 as per QS Rankings 2026,https://www.topuniversities.com/world-university-rankings,
Bank of India,Nanjing Agricultural University,China,Top 1000 as per QS Rankings 2026,https://www.topuniversities.com/world-university-rankings,
Bank of India,Nanjing Normal University,China,Top 1000 as per QS Rankings 2026,https://www.topuniversities.com/world-university-rankings,
Bank of India,National Chung Cheng University,Taiwan,Top 1000 as per QS Rankings 2026,https://www.topuniversities.com/world-university-rankings,
Bank of India,North South University,Bangladesh,Top 1000 as per QS Rankings 2026,https://www.topuniversities.com/world-university-rankings,
Bank of India,North-West University,South Africa,Top 1000 as per QS Rankings 2026,https://www.topuniversities.com/world-university-rankings,
Bank of India,Okayama University,Japan,Top 1000 as per QS Rankings 2026,https://www.topuniversities.com/world-university-rankings,
Bank of India,Rochester Institute of Technology (RIT),United States of America,Top 1000 as per QS Rankings 2026,https://www.topuniversities.com/world-university-rankings,
Bank of India,Saint Louis University,United States of America,Top 1000 as per QS Rankings 2026,https://www.topuniversities.com/world-university-rankings,
Bank of India,Sohar University,Oman,Top 1000 as per QS Rankings 2026,https://www.topuniversities.com/world-university-rankings,
Bank of India,Sophia University,Japan,Top 1000 as per QS Rankings 2026,https://www.topuniversities.com/world-university-rankings,
Bank of India,South Ural State University,Russian Federation,Top 1000 as per QS Rankings 2026,https://www.topuniversities.com/world-university-rankings,
Bank of India,The Robert Gordon University,United Kingdom,Top 1000 as per QS Rankings 2026,https://www.topuniversities.com/world-university-rankings,
Bank of India,Universidad Autonoma Metropolitana (UAM),Mexico,Top 1000 as per QS Rankings 2026,https://www.topuniversities.com/world-university-rankings,
Bank of India,Universidad de Belgrano,Argentina,Top 1000 as per QS Rankings 2026,https://www.topuniversities.com/world-university-rankings,
Bank of India,Universidad de Cordoba - Espana,Spain,Top 1000 as per QS Rankings 2026,https://www.topuniversities.com/world-university-rankings,
Bank of India,Universidad de La Sabana,Colombia,Top 1000 as per QS Rankings 2026,https://www.topuniversities.com/world-university-rankings,
Bank of India,Universidad EAFIT,Colombia,Top 1000 as per QS Rankings 2026,https://www.topuniversities.com/world-university-rankings,
Bank of India,Universidad Espiritu Santo (UEES),Ecuador,Top 1000 as per QS Rankings 2026,https://www.topuniversities.com/world-university-rankings,
Bank of India,Universidad Externado de Colombia,Colombia,Top 1000 as per QS Rankings 2026,https://www.topuniversities.com/world-university-rankings,
Bank of India,Universidad Nacional Mayor de San Marcos,Peru,Top 1000 as per QS Rankings 2026,https://www.topuniversities.com/world-university-rankings,
Bank of India,Universidad Torcuato Di Tella,Argentina,Top 1000 as per QS Rankings 2026,https://www.topuniversities.com/world-university-rankings,
Bank of India,University of Ferrara,Italy,Top 1000 as per QS Rankings 2026,https://www.topuniversities.com/world-university-rankings,
Bank of India,Universita della Calabria,Italy,Top 1000 as per QS Rankings 2026,https://www.topuniversities.com/world-university-rankings,
Bank of India,University of Bahrain,Bahrain,Top 1000 as per QS Rankings 2026,https://www.topuniversities.com/world-university-rankings,
Bank of India,University of Cyberjaya,Malaysia,Top 1000 as per QS Rankings 2026,https://www.topuniversities.com/world-university-rankings,
Bank of India,University of Hail,Saudi Arabia,Top 1000 as per QS Rankings 2026,https://www.topuniversities.com/world-university-rankings,
Bank of India,University of Lahore,Pakistan,Top 1000 as per QS Rankings 2026,https://www.topuniversities.com/world-university-rankings,
Bank of India,University of Massachusetts Boston,United States of America,Top 1000 as per QS Rankings 2026,https://www.topuniversities.com/world-university-rankings,
Bank of India,University of the Western Cape,South Africa,Top 1000 as per QS Rankings 2026,https://www.topuniversities.com/world-university-rankings,
Bank of India,Wuhan University of Technology,China,Top 1000 as per QS Rankings 2026,https://www.topuniversities.com/world-university-rankings,
Union Bank of India,Harvard University,United States of America,Category A,As per bank list - https://www.unionbankofindia.bank.in/en/details/special-union-education-loan-schemes-for-premier-institute-abroad-studies ,"Medical, Law, Economics & Econometrics, Art, Performing Arts, Design, STEM, Management Courses and Public Policy."
Union Bank of India,Stanford University,United States of America,Category A,As per bank list - https://www.unionbankofindia.bank.in/en/details/special-union-education-loan-schemes-for-premier-institute-abroad-studies ,"Management Courses, STEM, Law, Economics & Econometrics, Art, Performing Arts, Design, and Medical."
Union Bank of India,Massachusetts Institute of Technology,United States of America,Category A,As per bank list - https://www.unionbankofindia.bank.in/en/details/special-union-education-loan-schemes-for-premier-institute-abroad-studies ,"STEM, Law, Economics & Econometrics, Art, Performing Arts, Design, Management Courses, and Medical."
Union Bank of India,"University of California, Berkeley",United States of America,Category A,As per bank list - https://www.unionbankofindia.bank.in/en/details/special-union-education-loan-schemes-for-premier-institute-abroad-studies ,"Management Courses, Law, Economics & Econometrics, Art, Performing Arts, Design, STEM and Medical Courses."
Union Bank of India,University of Oxford,United Kingdom,Category A,As per bank list - https://www.unionbankofindia.bank.in/en/details/special-union-education-loan-schemes-for-premier-institute-abroad-studies ,"Medical Courses, STEM, Law, Economics & Econometrics, Art, Performing Arts, Design Management and All other Courses."
Union Bank of India,University of Michigan,United States of America,Category A,As per bank list - https://www.unionbankofindia.bank.in/en/details/special-union-education-loan-schemes-for-premier-institute-abroad-studies ,"Management, Law, Economics & Econometrics, Art, Performing, Arts, Design, STEM and Medical Courses"
Union Bank of India,University of Washington,United States of America,Category A,As per bank list - https://www.unionbankofindia.bank.in/en/details/special-union-education-loan-schemes-for-premier-institute-abroad-studies ,"Medical Courses, STEM, Law, Economics & Econometrics, Art, Performing Arts, Design, and Management"
Union Bank of India,Cornell University,United States of America,Category A,As per bank list - https://www.unionbankofindia.bank.in/en/details/special-union-education-loan-schemes-for-premier-institute-abroad-studies ,"Management, Law, Economics & Econometrics, Art, Performing Arts, Design, STEM and Medical Courses"
Union Bank of India,Columbia University,United States of America,Category A,As per bank list - https://www.unionbankofindia.bank.in/en/details/special-union-education-loan-schemes-for-premier-institute-abroad-studies ,"Medical, STEM, Law, Economics & Econometrics, Art, Performing Arts, Design, and Management"
Union Bank of India,Johns Hopkins University,United States of America,Category A,As per bank list - https://www.unionbankofindia.bank.in/en/details/special-union-education-loan-schemes-for-premier-institute-abroad-studies ,"Medical, STEM, Law, Economics & Econometrics, Art, Performing Arts, Design, and Management"
Union Bank of India,University of Pennsylvania,United States of America,Category A,As per bank list - https://www.unionbankofindia.bank.in/en/details/special-union-education-loan-schemes-for-premier-institute-abroad-studies ,"Medical, STEM, Law, Economics & Econometrics, Art, Performing Arts, Design, and Management"
Union Bank of India,University of Cambridge,United Kingdom,Category A,As per bank list - https://www.unionbankofindia.bank.in/en/details/special-union-education-loan-schemes-for-premier-institute-abroad-studies ,"Medical, STEM, Law, Economics & Econometrics, Art, Performing Arts, Design, Management and All other Courses."
Union Bank of India,"University of California, Los Angeles",United States of America,Category A,As per bank list - https://www.unionbankofindia.bank.in/en/details/special-union-education-loan-schemes-for-premier-institute-abroad-studies ,"Medical, STEM, Law, Economics & Econometrics, Art, Performing Arts, Design, and Management"
Union Bank of India,Yale University,United States of America,Category A,As per bank list - https://www.unionbankofindia.bank.in/en/details/special-union-education-loan-schemes-for-premier-institute-abroad-studies ,"Medical, STEM, Law, Economics & Econometrics, Art, Performing Arts, Design, and Management"
Union Bank of India,University College London,United Kingdom,Category A,As per bank list - https://www.unionbankofindia.bank.in/en/details/special-union-education-loan-schemes-for-premier-institute-abroad-studies ,"Medical, STEM, Law, Economics & Econometrics, Art, Performing Arts, Design, and Management"
Union Bank of India,University of Toronto,Canada,Category A,As per bank list - https://www.unionbankofindia.bank.in/en/details/special-union-education-loan-schemes-for-premier-institute-abroad-studies ,"Medical, STEM, Law, Economics & Econometrics, Art, Performing Arts, Design, and Management"
Union Bank of India,"University of California, San Diego",United States of America,Category A,As per bank list - https://www.unionbankofindia.bank.in/en/details/special-union-education-loan-schemes-for-premier-institute-abroad-studies ,"Medical, STEM, Law, Economics & Econometrics, Art, Performing Arts, Design, and Management"
Union Bank of India,University of Minnesota,United States of America,Category A,As per bank list - https://www.unionbankofindia.bank.in/en/details/special-union-education-loan-schemes-for-premier-institute-abroad-studies ,"Medical, STEM and Management"
Union Bank of India,Pennsylvania State University,United States of America,Category A,As per bank list - https://www.unionbankofindia.bank.in/en/details/special-union-education-loan-schemes-for-premier-institute-abroad-studies ,Management and STEM
Union Bank of India,University of Wisconsin-Madison,United States of America,Category A,As per bank list - https://www.unionbankofindia.bank.in/en/details/special-union-education-loan-schemes-for-premier-institute-abroad-studies ,"Medical, STEM, Law, Economics & Econometrics, Art, Performing Arts, Design, Management and Public Affairs."
Union Bank of India,Duke University,United States of America,Category A,As per bank list - https://www.unionbankofindia.bank.in/en/details/special-union-education-loan-schemes-for-premier-institute-abroad-studies ,"STEM, Law, Economics & Econometrics, Art, Performing Arts, Design, Management, Medical, and Public Affairs."
Union Bank of India,Northwestern University,United States of America,Category A,As per bank list - https://www.unionbankofindia.bank.in/en/details/special-union-education-loan-schemes-for-premier-institute-abroad-studies ,"Medical, STEM, Law, Economics & Econometrics, Art, Performing Arts, Design, and Management"
Union Bank of India,New York University,United States of America,Category A,As per bank list - https://www.unionbankofindia.bank.in/en/details/special-union-education-loan-schemes-for-premier-institute-abroad-studies ,"Medical, STEM, Law, Economics & Econometrics, Art, Performing Arts, Design, Management and Public Service."
Union Bank of India,Tsinghua University,China,Category A,As per bank list - https://www.unionbankofindia.bank.in/en/details/special-union-education-loan-schemes-for-premier-institute-abroad-studies ,Medical and STEM
Union Bank of India,University of Texas at Austin,United States of America,Category A,As per bank list - https://www.unionbankofindia.bank.in/en/details/special-union-education-loan-schemes-for-premier-institute-abroad-studies ,"Medical, STEM, Law, Economics & Econometrics, Art, Performing Arts, Design, and Management"
Union Bank of India,Princeton University,United States of America,Category A,As per bank list - https://www.unionbankofindia.bank.in/en/details/special-union-education-loan-schemes-for-premier-institute-abroad-studies ,"Medical, STEM, Law, Economics & Econometrics, Art, Performing Arts, Design, Management and Public Affairs."
Union Bank of India,University of British Columbia,Canada,Category A,As per bank list - https://www.unionbankofindia.bank.in/en/details/special-union-education-loan-schemes-for-premier-institute-abroad-studies ,"Medical, STEM, Law, Economics & Econometrics, Art, Performing Arts, Design, and Management"
Union Bank of India,University of North Carolina at Chapel Hill,United States of America,Category A,As per bank list - https://www.unionbankofindia.bank.in/en/details/special-union-education-loan-schemes-for-premier-institute-abroad-studies ,"Medical, STEM, Management, Law and Medical"
Union Bank of India,University of Chicago,United States of America,Category A,As per bank list - https://www.unionbankofindia.bank.in/en/details/special-union-education-loan-schemes-for-premier-institute-abroad-studies ,"Medical, STEM, Law, Economics & Econometrics, Art, Performing Arts, Design, Management and Public Studies"
Union Bank of India,ETH Zurich,Switzerland,Category A,As per bank list - https://www.unionbankofindia.bank.in/en/details/special-union-education-loan-schemes-for-premier-institute-abroad-studies ,"STEM, Law, Economics & Econometrics, Art, Performing Arts, Design, and Management"
Union Bank of India,University of Southern California,United States of America,Category A,As per bank list - https://www.unionbankofindia.bank.in/en/details/special-union-education-loan-schemes-for-premier-institute-abroad-studies ,"Medical, STEM and Management"
Union Bank of India,Peking University,China,Category A,As per bank list - https://www.unionbankofindia.bank.in/en/details/special-union-education-loan-schemes-for-premier-institute-abroad-studies ,"Medical, STEM, Law, Economics & Econometrics, Art, Performing Arts, Design, and Management"
Union Bank of India,University of Illinois at Urbana-Champaign,United States of America,Category A,As per bank list - https://www.unionbankofindia.bank.in/en/details/special-union-education-loan-schemes-for-premier-institute-abroad-studies ,"STEM, Law, Economics & Econometrics, Art, Performing Arts, Design, Management and Medical."
Union Bank of India,Imperial College London,United Kingdom,Category A,As per bank list - https://www.unionbankofindia.bank.in/en/details/special-union-education-loan-schemes-for-premier-institute-abroad-studies ,"Medical, STEM and Management"
Union Bank of India,University of Florida,United States of America,Category A,As per bank list - https://www.unionbankofindia.bank.in/en/details/special-union-education-loan-schemes-for-premier-institute-abroad-studies ,"Medical, STEM Management and Law"
Union Bank of India,Ohio State University,United States of America,Category A,As per bank list - https://www.unionbankofindia.bank.in/en/details/special-union-education-loan-schemes-for-premier-institute-abroad-studies ,"Medical, STEM and Management"
Union Bank of India,"University of California, Davis",United States of America,Category A,As per bank list - https://www.unionbankofindia.bank.in/en/details/special-union-education-loan-schemes-for-premier-institute-abroad-studies ,"Medical, STEM Management and Law"
Union Bank of India,"University of California, Irvine",United States of America,Category A,As per bank list - https://www.unionbankofindia.bank.in/en/details/special-union-education-loan-schemes-for-premier-institute-abroad-studies ,"Medical, STEM and Management"
Union Bank of India,"University of California, San Francisco",United States of America,Category A,As per bank list - https://www.unionbankofindia.bank.in/en/details/special-union-education-loan-schemes-for-premier-institute-abroad-studies ,STEM
Union Bank of India,University of Melbourne,Australia,Category A,As per bank list - https://www.unionbankofindia.bank.in/en/details/special-union-education-loan-schemes-for-premier-institute-abroad-studies ,"Medical, STEM, Law, Economics & Econometrics, Art, Performing Arts, Design, and Management"
Union Bank of India,University of New South Wales,Australia,Category A,As per bank list - https://www.unionbankofindia.bank.in/en/details/special-union-education-loan-schemes-for-premier-institute-abroad-studies ,"Medical, STEM, Management and Law"
Union Bank of India,Washington University in St. Louis,United States of America,Category A,As per bank list - https://www.unionbankofindia.bank.in/en/details/special-union-education-loan-schemes-for-premier-institute-abroad-studies ,"Medical, STEM, Law, Economics & Econometrics, Art, Performing Arts, Design, and Management"
Union Bank of India,"University of Maryland, College Park",United States of America,Category A,As per bank list - https://www.unionbankofindia.bank.in/en/details/special-union-education-loan-schemes-for-premier-institute-abroad-studies ,STEM and Management
Union Bank of India,University of Edinburgh,United Kingdom,Category A,As per bank list - https://www.unionbankofindia.bank.in/en/details/special-union-education-loan-schemes-for-premier-institute-abroad-studies ,"Medical, STEM, Law, Economics & Econometrics, Art, Performing Arts, Design, and Management"
Union Bank of India,Purdue University,United States of America,Category A,As per bank list - https://www.unionbankofindia.bank.in/en/details/special-union-education-loan-schemes-for-premier-institute-abroad-studies ,"STEM, Management and Medical"
Union Bank of India,University of Pittsburgh,United States of America,Category A,As per bank list - https://www.unionbankofindia.bank.in/en/details/special-union-education-loan-schemes-for-premier-institute-abroad-studies ,"Medical, STEM, and Management"
Union Bank of India,National University of Singapore,Singapore,Category A,As per bank list - https://www.unionbankofindia.bank.in/en/details/special-union-education-loan-schemes-for-premier-institute-abroad-studies ,"Medical, STEM, Law, Economics & Econometrics, Art, Performing Arts, Design and Management."
Union Bank of India,Michigan State University,United States of America,Category A,As per bank list - https://www.unionbankofindia.bank.in/en/details/special-union-education-loan-schemes-for-premier-institute-abroad-studies ,STEM and Management
Union Bank of India,Carnegie Mellon University,United States of America,Category A,As per bank list - https://www.unionbankofindia.bank.in/en/details/special-union-education-loan-schemes-for-premier-institute-abroad-studies ,"STEM, Law, Economics & Econometrics, Art, Performing, Arts, Design and Management."
Union Bank of India,University of Sydney,Australia,Category A,As per bank list - https://www.unionbankofindia.bank.in/en/details/special-union-education-loan-schemes-for-premier-institute-abroad-studies ,"Medical, STEM and Management"
Union Bank of India,Rutgers University,United States of America,Category A,As per bank list - https://www.unionbankofindia.bank.in/en/details/special-union-education-loan-schemes-for-premier-institute-abroad-studies ,STEM and Management
Union Bank of India,University of Queensland,Australia,Category A,As per bank list - https://www.unionbankofindia.bank.in/en/details/special-union-education-loan-schemes-for-premier-institute-abroad-studies ,"Medical, STEM and Management"
Union Bank of India,Texas A&M University,United States of America,Category A,As per bank list - https://www.unionbankofindia.bank.in/en/details/special-union-education-loan-schemes-for-premier-institute-abroad-studies ,STEM and Management
Union Bank of India,University of Arizona,United States of America,Category A,As per bank list - https://www.unionbankofindia.bank.in/en/details/special-union-education-loan-schemes-for-premier-institute-abroad-studies ,Management and STEM
Union Bank of India,Arizona State University,United States of America,Category A,As per bank list - https://www.unionbankofindia.bank.in/en/details/special-union-education-loan-schemes-for-premier-institute-abroad-studies ,"STEM, Law, Economics & Econometrics, Art, Performing Arts, Design, and Management"
Union Bank of India,Boston University,United States of America,Category A,As per bank list - https://www.unionbankofindia.bank.in/en/details/special-union-education-loan-schemes-for-premier-institute-abroad-studies ,"Medical, STEM, Management and Law"
Union Bank of India,Monash University,Australia,Category A,As per bank list - https://www.unionbankofindia.bank.in/en/details/special-union-education-loan-schemes-for-premier-institute-abroad-studies ,"Medical, STEM and Management"
Union Bank of India,Vanderbilt University,United States of America,Category A,As per bank list - https://www.unionbankofindia.bank.in/en/details/special-union-education-loan-schemes-for-premier-institute-abroad-studies ,"Medical, STEM and Management"
Union Bank of India,California Institute of Technology,United States of America,Category A,As per bank list - https://www.unionbankofindia.bank.in/en/details/special-union-education-loan-schemes-for-premier-institute-abroad-studies ,"STEM, Law, Economics & Econometrics, Art, Performing Arts, Design, and Management"
Union Bank of India,McGill University,Canada,Category A,As per bank list - https://www.unionbankofindia.bank.in/en/details/special-union-education-loan-schemes-for-premier-institute-abroad-studies ,"Medical, STEM and Management"
Union Bank of India,University of Manchester,United Kingdom,Category A,As per bank list - https://www.unionbankofindia.bank.in/en/details/special-union-education-loan-schemes-for-premier-institute-abroad-studies ,"Medical, STEM and Management"
Union Bank of India,Georgia Institute of Technology,United States of America,Category A,As per bank list - https://www.unionbankofindia.bank.in/en/details/special-union-education-loan-schemes-for-premier-institute-abroad-studies ,"STEM, Law, Economics & Econometrics, Art, Performing Arts, Design, and Management"
Union Bank of India,University of Utah,United States of America,Category A,As per bank list - https://www.unionbankofindia.bank.in/en/details/special-union-education-loan-schemes-for-premier-institute-abroad-studies ,STEM
Union Bank of India,University of Virginia,United States of America,Category A,As per bank list - https://www.unionbankofindia.bank.in/en/details/special-union-education-loan-schemes-for-premier-institute-abroad-studies ,"Management, STEM, Law and Medical"
Union Bank of India,Utrecht University,Netherlands,Category A,As per bank list - https://www.unionbankofindia.bank.in/en/details/special-union-education-loan-schemes-for-premier-institute-abroad-studies ,"Medical, STEM and Management"
Union Bank of India,University of Tokyo,Japan,Category A,As per bank list - https://www.unionbankofindia.bank.in/en/details/special-union-education-loan-schemes-for-premier-institute-abroad-studies ,Medical and STEM
Union Bank of India,Kings College London,United Kingdom,Category A,As per bank list - https://www.unionbankofindia.bank.in/en/details/special-union-education-loan-schemes-for-premier-institute-abroad-studies ,"Medical, STEM, Law, Economics & Econometrics, Art, Performing Arts, Design, and Management"
Union Bank of India,Zhejiang University,China,Category A,As per bank list - https://www.unionbankofindia.bank.in/en/details/special-union-education-loan-schemes-for-premier-institute-abroad-studies ,STEM
Union Bank of India,Universidade de Sao Paulo,Brazil,Category A,As per bank list - https://www.unionbankofindia.bank.in/en/details/special-union-education-loan-schemes-for-premier-institute-abroad-studies ,STEM
Union Bank of India,Shanghai Jiao Tong University,China,Category A,As per bank list - https://www.unionbankofindia.bank.in/en/details/special-union-education-loan-schemes-for-premier-institute-abroad-studies ,STEM and Management
Union Bank of India,University of Alberta,Canada,Category A,As per bank list - https://www.unionbankofindia.bank.in/en/details/special-union-education-loan-schemes-for-premier-institute-abroad-studies ,"Medical, STEM and Management"
Union Bank of India,Emory University,United States of America,Category A,As per bank list - https://www.unionbankofindia.bank.in/en/details/special-union-education-loan-schemes-for-premier-institute-abroad-studies ,"Management, STEM, Law and Medical"
Union Bank of India,University of Amsterdam,Netherlands,Category A,As per bank list - https://www.unionbankofindia.bank.in/en/details/special-union-education-loan-schemes-for-premier-institute-abroad-studies ,Medical and STEM
Union Bank of India,University of Copenhagen,Denmark,Category A,As per bank list - https://www.unionbankofindia.bank.in/en/details/special-union-education-loan-schemes-for-premier-institute-abroad-studies ,Medical
Union Bank of India,University of Hong Kong,China,Category A,As per bank list - https://www.unionbankofindia.bank.in/en/details/special-union-education-loan-schemes-for-premier-institute-abroad-studies ,"STEM, Law, Economics & Econometrics, Art, Performing Arts, Design, Management and Medical"
Union Bank of India,"University of California, Santa Barbara",United States of America,Category A,As per bank list - https://www.unionbankofindia.bank.in/en/details/special-union-education-loan-schemes-for-premier-institute-abroad-studies ,"STEM, Law, Economics & Econometrics, Art, Performing Arts, Design, and Management"
Union Bank of India,North Carolina State University,United States of America,Category A,As per bank list - https://www.unionbankofindia.bank.in/en/details/special-union-education-loan-schemes-for-premier-institute-abroad-studies ,STEM and Management
Union Bank of India,KU Leuven,Belgium,Category A,As per bank list - https://www.unionbankofindia.bank.in/en/details/special-union-education-loan-schemes-for-premier-institute-abroad-studies ,STEM and Medical
Union Bank of India,Australian National University,Australia,Category A,As per bank list - https://www.unionbankofindia.bank.in/en/details/special-union-education-loan-schemes-for-premier-institute-abroad-studies ,"Medical, STEM, Management and Law"
Union Bank of India,Brown University,United States of America,Category A,As per bank list - https://www.unionbankofindia.bank.in/en/details/special-union-education-loan-schemes-for-premier-institute-abroad-studies ,"Medical, Law, Economics & Econometrics, Art, Performing Arts, Design, Management and STEM"
Union Bank of India,Chinese University of Hong Kong,China,Category A,As per bank list - https://www.unionbankofindia.bank.in/en/details/special-union-education-loan-schemes-for-premier-institute-abroad-studies ,"Medical, STEM and Management"
Union Bank of India,University of Iowa,United States of America,Category A,As per bank list - https://www.unionbankofindia.bank.in/en/details/special-union-education-loan-schemes-for-premier-institute-abroad-studies ,STEM
Union Bank of India,Virginia Polytechnic Institute and State University,United States of America,Category A,As per bank list - https://www.unionbankofindia.bank.in/en/details/special-union-education-loan-schemes-for-premier-institute-abroad-studies ,STEM
Union Bank of India,University of Groningen,Netherlands,Category A,As per bank list - https://www.unionbankofindia.bank.in/en/details/special-union-education-loan-schemes-for-premier-institute-abroad-studies ,"Medical, STEM and Management"
Union Bank of India,University of Waterloo,Canada,Category A,As per bank list - https://www.unionbankofindia.bank.in/en/details/special-union-education-loan-schemes-for-premier-institute-abroad-studies ,STEM and Management
Union Bank of India,Technical University of Munich,Germany,Category A,As per bank list - https://www.unionbankofindia.bank.in/en/details/special-union-education-loan-schemes-for-premier-institute-abroad-studies ,STEM
Union Bank of India,Nanyang Technological University,Singapore,Category A,As per bank list - https://www.unionbankofindia.bank.in/en/details/special-union-education-loan-schemes-for-premier-institute-abroad-studies ,STEM and Management
Union Bank of India,University of Leeds,United Kingdom,Category A,As per bank list - https://www.unionbankofindia.bank.in/en/details/special-union-education-loan-schemes-for-premier-institute-abroad-studies ,STEM and Management
Union Bank of India,Ecole Polytechnique Federale de Lausanne,Switzerland,Category A,As per bank list - https://www.unionbankofindia.bank.in/en/details/special-union-education-loan-schemes-for-premier-institute-abroad-studies ,STEM
Union Bank of India,University of Zurich,Switzerland,Category A,As per bank list - https://www.unionbankofindia.bank.in/en/details/special-union-education-loan-schemes-for-premier-institute-abroad-studies ,"Medical, STEM, Law, Economics & Econometrics, Art, Performing Arts, Design and Management"
Union Bank of India,University of Helsinki,Finland,Category A,As per bank list - https://www.unionbankofindia.bank.in/en/details/special-union-education-loan-schemes-for-premier-institute-abroad-studies ,STEM
Union Bank of India,University of Calgary,Canada,Category A,As per bank list - https://www.unionbankofindia.bank.in/en/details/special-union-education-loan-schemes-for-premier-institute-abroad-studies ,"Medical, Management and STEM"
Union Bank of India,Delft University of Technology,Netherlands,Category A,As per bank list - https://www.unionbankofindia.bank.in/en/details/special-union-education-loan-schemes-for-premier-institute-abroad-studies ,"STEM, Medical, Design, Management"
Union Bank of India,University of Oslo,Norway,Category A,As per bank list - https://www.unionbankofindia.bank.in/en/details/special-union-education-loan-schemes-for-premier-institute-abroad-studies ,STEM
Union Bank of India,Indiana University Bloomington,United States of America,Category A,As per bank list - https://www.unionbankofindia.bank.in/en/details/special-union-education-loan-schemes-for-premier-institute-abroad-studies ,STEM and Management
Union Bank of India,University of Adelaide,Australia,Category A,As per bank list - https://www.unionbankofindia.bank.in/en/details/special-union-education-loan-schemes-for-premier-institute-abroad-studies ,"STEM, Management and Medical"
Union Bank of India,University of Massachusetts Amherst,United States of America,Category A,As per bank list - https://www.unionbankofindia.bank.in/en/details/special-union-education-loan-schemes-for-premier-institute-abroad-studies ,STEM and Management
Union Bank of India,University of Illinois Chicago,United States of America,Category A,As per bank list - https://www.unionbankofindia.bank.in/en/details/special-union-education-loan-schemes-for-premier-institute-abroad-studies ,"Medical, STEM, Law, Art, Performing Arts, Design and Management"
Union Bank of India,Kyoto University,Japan,Category A,As per bank list - https://www.unionbankofindia.bank.in/en/details/special-union-education-loan-schemes-for-premier-institute-abroad-studies ,Medical and STEM
Union Bank of India,Ghent University,Belgium,Category A,As per bank list - https://www.unionbankofindia.bank.in/en/details/special-union-education-loan-schemes-for-premier-institute-abroad-studies ,STEM and Medical
Union Bank of India,Iowa State University,United States of America,Category A,As per bank list - https://www.unionbankofindia.bank.in/en/details/special-union-education-loan-schemes-for-premier-institute-abroad-studies ,"STEM, Management, Law and Medical"
Union Bank of India,University of Nottingham,United Kingdom,Category A,As per bank list - https://www.unionbankofindia.bank.in/en/details/special-union-education-loan-schemes-for-premier-institute-abroad-studies ,"Medical, STEM, Law, Economics & Econometrics, Art, Performing Arts, Design and Management"
Union Bank of India,Aarhus University,Denmark,Category A,As per bank list - https://www.unionbankofindia.bank.in/en/details/special-union-education-loan-schemes-for-premier-institute-abroad-studies ,"STEM, Management, and Medical"
Union Bank of India,Heidelberg University,Germany,Category A,As per bank list - https://www.unionbankofindia.bank.in/en/details/special-union-education-loan-schemes-for-premier-institute-abroad-studies ,"STEM, Management, and Medical"
Union Bank of India,Colorado State University,United States of America,Category A,As per bank list - https://www.unionbankofindia.bank.in/en/details/special-union-education-loan-schemes-for-premier-institute-abroad-studies ,STEM and Management
Union Bank of India,"University of Maryland, Baltimore",United States of America,Category A,As per bank list - https://www.unionbankofindia.bank.in/en/details/special-union-education-loan-schemes-for-premier-institute-abroad-studies ,"STEM, Management, Law and Medical."
Union Bank of India,University of Rochester,United States of America,Category A,As per bank list - https://www.unionbankofindia.bank.in/en/details/special-union-education-loan-schemes-for-premier-institute-abroad-studies ,STEM and Management
Union Bank of India,University of Barcelona,Spain,Category A,As per bank list - https://www.unionbankofindia.bank.in/en/details/special-union-education-loan-schemes-for-premier-institute-abroad-studies ,"STEM, Law, Economics & Econometrics, Art, Performing Arts, and Management"
Union Bank of India,University of Bologna,Italy,Category A,As per bank list - https://www.unionbankofindia.bank.in/en/details/special-union-education-loan-schemes-for-premier-institute-abroad-studies ,"STEM, Law, Design, Economics & Econometrics, Art, Performing Arts, Medical and Management"
Union Bank of India,Tufts University,United States of America,Category A,As per bank list - https://www.unionbankofindia.bank.in/en/details/special-union-education-loan-schemes-for-premier-institute-abroad-studies ,"Medical, STEM and Management"
Union Bank of India,University of Warwick,United Kingdom,Category A,As per bank list - https://www.unionbankofindia.bank.in/en/details/special-union-education-loan-schemes-for-premier-institute-abroad-studies ,"STEM, Law, Economics & Econometrics, Art, Performing Arts, Medical and Management"
Union Bank of India,City University of New York,United States of America,Category A,As per bank list - https://www.unionbankofindia.bank.in/en/details/special-union-education-loan-schemes-for-premier-institute-abroad-studies ,"Medical, STEM and Management"
Union Bank of India,University of Bristol,United Kingdom,Category A,As per bank list - https://www.unionbankofindia.bank.in/en/details/special-union-education-loan-schemes-for-premier-institute-abroad-studies ,"STEM, Law, Design, Economics & Econometrics, Art, Performing Arts, Medical and Management"
Union Bank of India,Oregon State University,United States of America,Category A,As per bank list - https://www.unionbankofindia.bank.in/en/details/special-union-education-loan-schemes-for-premier-institute-abroad-studies ,"Medical, STEM and Management"
Union Bank of India,University of Western Australia,Australia,Category A,As per bank list - https://www.unionbankofindia.bank.in/en/details/special-union-education-loan-schemes-for-premier-institute-abroad-studies ,"STEM, Management and Medical"
Union Bank of India,University of Georgia,United States of America,Category A,As per bank list - https://www.unionbankofindia.bank.in/en/details/special-union-education-loan-schemes-for-premier-institute-abroad-studies ,"STEM, Management & Medical"
Union Bank of India,University of South Florida,United States of America,Category A,As per bank list - https://www.unionbankofindia.bank.in/en/details/special-union-education-loan-schemes-for-premier-institute-abroad-studies ,"STEM, Law, Design, Economics & Econometrics, Art, Performing Arts, Medical and Management"
Union Bank of India,Sapienza University of Rome,Italy,Category A,As per bank list - https://www.unionbankofindia.bank.in/en/details/special-union-education-loan-schemes-for-premier-institute-abroad-studies ,"Medical, STEM and Management"
Union Bank of India,University of Sheffield,United Kingdom,Category A,As per bank list - https://www.unionbankofindia.bank.in/en/details/special-union-education-loan-schemes-for-premier-institute-abroad-studies ,"STEM, Design, Medical and Management"
Union Bank of India,Lund University,Sweden,Category A,As per bank list - https://www.unionbankofindia.bank.in/en/details/special-union-education-loan-schemes-for-premier-institute-abroad-studies ,"STEM, Design, and Management"
Union Bank of India,University of Hawaii at Manoa,United States of America,Category A,As per bank list - https://www.unionbankofindia.bank.in/en/details/special-union-education-loan-schemes-for-premier-institute-abroad-studies ,"STEM, Management and Medical"
Union Bank of India,Uppsala University,Sweden,Category A,As per bank list - https://www.unionbankofindia.bank.in/en/details/special-union-education-loan-schemes-for-premier-institute-abroad-studies ,"STEM, Law, Design, Economics & Econometrics, Art, Performing Arts, Medical and Management"
Union Bank of India,University of Miami,United States of America,Category A,As per bank list - https://www.unionbankofindia.bank.in/en/details/special-union-education-loan-schemes-for-premier-institute-abroad-studies ,"STEM, Management and Medical"
Union Bank of India,Vrije Universiteit Amsterdam,Netherlands,Category A,As per bank list - https://www.unionbankofindia.bank.in/en/details/special-union-education-loan-schemes-for-premier-institute-abroad-studies ,"STEM, Management and Medical"
Union Bank of India,University at Buffalo,United States of America,Category A,As per bank list - https://www.unionbankofindia.bank.in/en/details/special-union-education-loan-schemes-for-premier-institute-abroad-studies ,"STEM, Law, Design, Economics & Econometrics, Art, Performing Arts, Medical and Management."
Union Bank of India,"University of Tennessee, Knoxville",United States of America,Category A,As per bank list - https://www.unionbankofindia.bank.in/en/details/special-union-education-loan-schemes-for-premier-institute-abroad-studies ,"STEM, Management and Law"
Union Bank of India,Newcastle University,United Kingdom,Category A,As per bank list - https://www.unionbankofindia.bank.in/en/details/special-union-education-loan-schemes-for-premier-institute-abroad-studies ,"STEM, Management and Medical"
Union Bank of India,Florida State University,United States of America,Category A,As per bank list - https://www.unionbankofindia.bank.in/en/details/special-union-education-loan-schemes-for-premier-institute-abroad-studies ,"STEM, Management and Medical"
Union Bank of India,George Washington University,United States of America,Category A,As per bank list - https://www.unionbankofindia.bank.in/en/details/special-union-education-loan-schemes-for-premier-institute-abroad-studies ,STEM and Management
Union Bank of India,Queen Mary University of London,United Kingdom,Category A,As per bank list - https://www.unionbankofindia.bank.in/en/details/special-union-education-loan-schemes-for-premier-institute-abroad-studies ,STEM and Management
Union Bank of India,Case Western Reserve University,United States of America,Category A,As per bank list - https://www.unionbankofindia.bank.in/en/details/special-union-education-loan-schemes-for-premier-institute-abroad-studies ,"STEM, Management and Law"
Union Bank of India,Rice University,United States of America,Category A,As per bank list - https://www.unionbankofindia.bank.in/en/details/special-union-education-loan-schemes-for-premier-institute-abroad-studies ,STEM and Management
Union Bank of India,London School of Economics and Political Science,United Kingdom,Category A,As per bank list - https://www.unionbankofindia.bank.in/en/details/special-union-education-loan-schemes-for-premier-institute-abroad-studies ,"Medical, STEM, Law and Management"
Union Bank of India,Dartmouth College,United States of America,Category A,As per bank list - https://www.unionbankofindia.bank.in/en/details/special-union-education-loan-schemes-for-premier-institute-abroad-studies ,"STEM, Management and Medical"
Union Bank of India,Northeastern University,United States of America,Category A,As per bank list - https://www.unionbankofindia.bank.in/en/details/special-union-education-loan-schemes-for-premier-institute-abroad-studies ,"STEM, Management and Law"
Union Bank of India,Temple University,United States of America,Category A,As per bank list - https://www.unionbankofindia.bank.in/en/details/special-union-education-loan-schemes-for-premier-institute-abroad-studies ,"STEM, Management and Law"
Union Bank of India,Cardiff University,United Kingdom,Category A,As per bank list - https://www.unionbankofindia.bank.in/en/details/special-union-education-loan-schemes-for-premier-institute-abroad-studies ,STEM and Management
Union Bank of India,Deakin University,Australia,Category A,As per bank list - https://www.unionbankofindia.bank.in/en/details/special-union-education-loan-schemes-for-premier-institute-abroad-studies ,STEM and Management
Union Bank of India,George Mason University,United States of America,Category A,As per bank list - https://www.unionbankofindia.bank.in/en/details/special-union-education-loan-schemes-for-premier-institute-abroad-studies ,STEM and Management
Union Bank of India,Macquarie University,Australia,Category A,As per bank list - https://www.unionbankofindia.bank.in/en/details/special-union-education-loan-schemes-for-premier-institute-abroad-studies ,STEM and Management
Union Bank of India,RMIT University,Australia,Category A,As per bank list - https://www.unionbankofindia.bank.in/en/details/special-union-education-loan-schemes-for-premier-institute-abroad-studies ,STEM and Management
Union Bank of India,Simon Fraser University,Canada,Category A,As per bank list - https://www.unionbankofindia.bank.in/en/details/special-union-education-loan-schemes-for-premier-institute-abroad-studies ,STEM and Management
Union Bank of India,Queens University,Canada,Category A,As per bank list - https://www.unionbankofindia.bank.in/en/details/special-union-education-loan-schemes-for-premier-institute-abroad-studies ,STEM and Management
Union Bank of India,University of Montreal,Canada,Category A,As per bank list - https://www.unionbankofindia.bank.in/en/details/special-union-education-loan-schemes-for-premier-institute-abroad-studies ,STEM and Management
Union Bank of India,York University,Canada,Category A,As per bank list - https://www.unionbankofindia.bank.in/en/details/special-union-education-loan-schemes-for-premier-institute-abroad-studies ,STEM and Management
Union Bank of India,Freie Universitat Berlin,Germany,Category A,As per bank list - https://www.unionbankofindia.bank.in/en/details/special-union-education-loan-schemes-for-premier-institute-abroad-studies ,STEM
Union Bank of India,Karlsruhe Institute of Technology,Germany,Category A,As per bank list - https://www.unionbankofindia.bank.in/en/details/special-union-education-loan-schemes-for-premier-institute-abroad-studies ,STEM
Union Bank of India,Humboldt-Universitat zu Berlin,Germany,Category A,As per bank list - https://www.unionbankofindia.bank.in/en/details/special-union-education-loan-schemes-for-premier-institute-abroad-studies ,STEM
Union Bank of India,Ludwig Maximilians University Munich,Germany,Category A,As per bank list - https://www.unionbankofindia.bank.in/en/details/special-union-education-loan-schemes-for-premier-institute-abroad-studies ,STEM
Union Bank of India,University of Ottawa,Canada,Category A,As per bank list - https://www.unionbankofindia.bank.in/en/details/special-union-education-loan-schemes-for-premier-institute-abroad-studies ,STEM and Management
Union Bank of India,Georgia State University,United States of America,Category A,As per bank list - https://www.unionbankofindia.bank.in/en/details/special-union-education-loan-schemes-for-premier-institute-abroad-studies ,STEM and Management
Union Bank of India,IMD Business School,Switzerland,Category A,As per bank list - https://www.unionbankofindia.bank.in/en/details/special-union-education-loan-schemes-for-premier-institute-abroad-studies ,Management
Union Bank of India,IE University,Spain,Category A,As per bank list - https://www.unionbankofindia.bank.in/en/details/special-union-education-loan-schemes-for-premier-institute-abroad-studies ,Management
Union Bank of India,London Business School,United Kingdom,Category A,As per bank list - https://www.unionbankofindia.bank.in/en/details/special-union-education-loan-schemes-for-premier-institute-abroad-studies ,Management
Union Bank of India,"City, University of London",United Kingdom,Category A,As per bank list - https://www.unionbankofindia.bank.in/en/details/special-union-education-loan-schemes-for-premier-institute-abroad-studies ,Management
Union Bank of India,INSEAD,France,Category A,As per bank list - https://www.unionbankofindia.bank.in/en/details/special-union-education-loan-schemes-for-premier-institute-abroad-studies ,Management
Union Bank of India,Erasmus University Rotterdam,Netherlands,Category A,As per bank list - https://www.unionbankofindia.bank.in/en/details/special-union-education-loan-schemes-for-premier-institute-abroad-studies ,Management
Union Bank of India,Bocconi University,Italy,Category A,As per bank list - https://www.unionbankofindia.bank.in/en/details/special-union-education-loan-schemes-for-premier-institute-abroad-studies ,Management
Union Bank of India,IESE Business School,Spain,Category A,As per bank list - https://www.unionbankofindia.bank.in/en/details/special-union-education-loan-schemes-for-premier-institute-abroad-studies ,Management
Union Bank of India,University of Warwick,United Kingdom,Category A,As per bank list - https://www.unionbankofindia.bank.in/en/details/special-union-education-loan-schemes-for-premier-institute-abroad-studies ,Management
Union Bank of India,University of Colorado Boulder,United States of America,Category B,As per bank list - https://www.unionbankofindia.bank.in/en/details/special-union-education-loan-schemes-for-premier-institute-abroad-studies ,"STEM, MANAGEMENT, LAW"
Union Bank of India,City University of Hong Kong,China,Category B,As per bank list - https://www.unionbankofindia.bank.in/en/details/special-union-education-loan-schemes-for-premier-institute-abroad-studies ,"STEM, MANAGEMENT, MEDICAL"
Union Bank of India,University of Milan,Italy,Category B,As per bank list - https://www.unionbankofindia.bank.in/en/details/special-union-education-loan-schemes-for-premier-institute-abroad-studies ,"STEM, MANAGEMENT"
Union Bank of India,University of Glasgow,United Kingdom,Category B,As per bank list - https://www.unionbankofindia.bank.in/en/details/special-union-education-loan-schemes-for-premier-institute-abroad-studies ,"STEM, LAW, MEDICAL"
Union Bank of India,University of Nebraska-Lincoln,United States of America,Category B,As per bank list - https://www.unionbankofindia.bank.in/en/details/special-union-education-loan-schemes-for-premier-institute-abroad-studies ,"STEM, MANAGEMENT, LAW"
Union Bank of India,University of Padua,Italy,Category B,As per bank list - https://www.unionbankofindia.bank.in/en/details/special-union-education-loan-schemes-for-premier-institute-abroad-studies ,STEM
Union Bank of India,University of Exeter,United Kingdom,Category B,As per bank list - https://www.unionbankofindia.bank.in/en/details/special-union-education-loan-schemes-for-premier-institute-abroad-studies ,"STEM, MANAGEMENT, MEDICAL, LAW"
Union Bank of India,McMaster University,Canada,Category B,As per bank list - https://www.unionbankofindia.bank.in/en/details/special-union-education-loan-schemes-for-premier-institute-abroad-studies ,"STEM, MANAGEMENT"
Union Bank of India,University of Geneva,Switzerland,Category B,As per bank list - https://www.unionbankofindia.bank.in/en/details/special-union-education-loan-schemes-for-premier-institute-abroad-studies ,"STEM, MANAGEMENT, ECONOMICS"
Union Bank of India,University of Connecticut,United States of America,Category B,As per bank list - https://www.unionbankofindia.bank.in/en/details/special-union-education-loan-schemes-for-premier-institute-abroad-studies ,"STEM, MEDICAL, ECONOMICS"
Union Bank of India,University of Naples Federico 2,Italy,Category B,As per bank list - https://www.unionbankofindia.bank.in/en/details/special-union-education-loan-schemes-for-premier-institute-abroad-studies ,"STEM, MEDICAL, ECONOMICS,"
Union Bank of India,Karolinska Institutet,Sweden,Category B,As per bank list - https://www.unionbankofindia.bank.in/en/details/special-union-education-loan-schemes-for-premier-institute-abroad-studies ,"STEM, MANAGEMENT, MEDICAL"
Union Bank of India,Wageningen University & Research,Netherlands,Category B,As per bank list - https://www.unionbankofindia.bank.in/en/details/special-union-education-loan-schemes-for-premier-institute-abroad-studies ,"STEM, MANAGEMENT"
Union Bank of India,Georgetown University,United States of America,Category B,As per bank list - https://www.unionbankofindia.bank.in/en/details/special-union-education-loan-schemes-for-premier-institute-abroad-studies ,"MANAGEMENT, STEM"
Union Bank of India,University of Kentucky,United States of America,Category B,As per bank list - https://www.unionbankofindia.bank.in/en/details/special-union-education-loan-schemes-for-premier-institute-abroad-studies ,"STEM, MANAGEMENT,"
Union Bank of India,Hong Kong Polytechnic University,China,Category B,As per bank list - https://www.unionbankofindia.bank.in/en/details/special-union-education-loan-schemes-for-premier-institute-abroad-studies ,"MANAGEMENT, STEM"
Union Bank of India,University of Hamburg,Germany,Category B,As per bank list - https://www.unionbankofindia.bank.in/en/details/special-union-education-loan-schemes-for-premier-institute-abroad-studies ,"MANAGEMENT, LAW, STEM"
Union Bank of India,University of Auckland,New Zealand,Category B,As per bank list - https://www.unionbankofindia.bank.in/en/details/special-union-education-loan-schemes-for-premier-institute-abroad-studies ,"MANAGEMENT, STEM, MEDICAL"
Union Bank of India,University of Technology Sydney,Australia,Category B,As per bank list - https://www.unionbankofindia.bank.in/en/details/special-union-education-loan-schemes-for-premier-institute-abroad-studies ,"STEM, MANAGEMENT, LAW"
Union Bank of India,"University of California, Santa Cruz",United States of America,Category B,As per bank list - https://www.unionbankofindia.bank.in/en/details/special-union-education-loan-schemes-for-premier-institute-abroad-studies ,"MANAGEMENT, STEM"
Union Bank of India,"University of California, Riverside",United States of America,Category B,As per bank list - https://www.unionbankofindia.bank.in/en/details/special-union-education-loan-schemes-for-premier-institute-abroad-studies ,"STEM, MANAGEMENT"
Union Bank of India,University of Bern,Switzerland,Category B,As per bank list - https://www.unionbankofindia.bank.in/en/details/special-union-education-loan-schemes-for-premier-institute-abroad-studies ,"MANAGEMENT, STEM"
Union Bank of India,Universidad Complutense de Madrid,Spain,Category B,As per bank list - https://www.unionbankofindia.bank.in/en/details/special-union-education-loan-schemes-for-premier-institute-abroad-studies ,"STEM, MEDICAL"
Union Bank of India,University of Kansas,United States of America,Category B,As per bank list - https://www.unionbankofindia.bank.in/en/details/special-union-education-loan-schemes-for-premier-institute-abroad-studies ,"STEM, MANAGEMENT, LAW"
Union Bank of India,Western University,Canada,Category B,As per bank list - https://www.unionbankofindia.bank.in/en/details/special-union-education-loan-schemes-for-premier-institute-abroad-studies ,"MANAGEMENT, LAW, STEM"
Union Bank of India,University of Texas MD Anderson Cancer Center,United States of America,Category B,As per bank list - https://www.unionbankofindia.bank.in/en/details/special-union-education-loan-schemes-for-premier-institute-abroad-studies ,"STEM, MEDICAL"
Union Bank of India,Washington State University,United States of America,Category B,As per bank list - https://www.unionbankofindia.bank.in/en/details/special-union-education-loan-schemes-for-premier-institute-abroad-studies ,"STEM, LAW"
Union Bank of India,University of Cincinnati,United States of America,Category B,As per bank list - https://www.unionbankofindia.bank.in/en/details/special-union-education-loan-schemes-for-premier-institute-abroad-studies ,"MANAGEMENT, LAW, MEDICAL"
Union Bank of India,University of Alabama at Birmingham,United States of America,Category B,As per bank list - https://www.unionbankofindia.bank.in/en/details/special-union-education-loan-schemes-for-premier-institute-abroad-studies ,"STEM, MANAGEMENT, LAW"
Union Bank of India,RWTH Aachen University,Germany,Category B,As per bank list - https://www.unionbankofindia.bank.in/en/details/special-union-education-loan-schemes-for-premier-institute-abroad-studies ,"STEM, MANAGEMENT, ECONOMICS"
Union Bank of India,Technische Universitat Dresden,Germany,Category B,As per bank list - https://www.unionbankofindia.bank.in/en/details/special-union-education-loan-schemes-for-premier-institute-abroad-studies ,"MANAGEMENT, STEM, LAW"
Union Bank of India,University of Delaware,United States of America,Category B,As per bank list - https://www.unionbankofindia.bank.in/en/details/special-union-education-loan-schemes-for-premier-institute-abroad-studies ,"MANAGEMENT, STEM"
Union Bank of India,KTH Royal Institute of Technology,Sweden,Category B,As per bank list - https://www.unionbankofindia.bank.in/en/details/special-union-education-loan-schemes-for-premier-institute-abroad-studies ,"MANAGEMENT, STEM, MEDICAL"
Union Bank of India,Eindhoven University of Technology,Netherlands,Category B,As per bank list - https://www.unionbankofindia.bank.in/en/details/special-union-education-loan-schemes-for-premier-institute-abroad-studies ,"STEM, MANAGEMENT"
Union Bank of India,University of Notre Dame,United States of America,Category B,As per bank list - https://www.unionbankofindia.bank.in/en/details/special-union-education-loan-schemes-for-premier-institute-abroad-studies ,"STEM, MANAGEMENT"
Union Bank of India,University of Valencia,Spain,Category B,As per bank list - https://www.unionbankofindia.bank.in/en/details/special-union-education-loan-schemes-for-premier-institute-abroad-studies ,"STEM, MEDICAL"
Union Bank of India,University of Houston,United States of America,Category B,As per bank list - https://www.unionbankofindia.bank.in/en/details/special-union-education-loan-schemes-for-premier-institute-abroad-studies ,"STEM, MEDICAL, MANAGEMENT"
Union Bank of India,Rheinische Friedrich Wilhelms University Bonn,Germany,Category B,As per bank list - https://www.unionbankofindia.bank.in/en/details/special-union-education-loan-schemes-for-premier-institute-abroad-studies ,"STEM, MANAGEMENT, LAW"
Union Bank of India,University of Missouri Columbia,United States of America,Category B,As per bank list - https://www.unionbankofindia.bank.in/en/details/special-union-education-loan-schemes-for-premier-institute-abroad-studies ,"STEM, MANAGEMENT, MEDICAL"
Union Bank of India,University of Gothenburg,Sweden,Category B,As per bank list - https://www.unionbankofindia.bank.in/en/details/special-union-education-loan-schemes-for-premier-institute-abroad-studies ,"STEM, MANAGEMENT"
Union Bank of India,University of Liverpool,United Kingdom,Category B,As per bank list - https://www.unionbankofindia.bank.in/en/details/special-union-education-loan-schemes-for-premier-institute-abroad-studies ,"STEM, MEDICAL, LAW"
Union Bank of India,University Autonoma de Barcelona,Spain,Category B,As per bank list - https://www.unionbankofindia.bank.in/en/details/special-union-education-loan-schemes-for-premier-institute-abroad-studies ,"STEM, MEDICAL"
Union Bank of India,University of New Mexico,United States of America,Category B,As per bank list - https://www.unionbankofindia.bank.in/en/details/special-union-education-loan-schemes-for-premier-institute-abroad-studies ,STEM
Union Bank of India,Stony Brook University,United States of America,Category B,As per bank list - https://www.unionbankofindia.bank.in/en/details/special-union-education-loan-schemes-for-premier-institute-abroad-studies ,"STEM, MANAGEMENT"
Union Bank of India,Sorbonne University,France,Category B,As per bank list - https://www.unionbankofindia.bank.in/en/details/special-union-education-loan-schemes-for-premier-institute-abroad-studies ,"STEM, MEDICAL"
Union Bank of India,University di Pisa,Italy,Category B,As per bank list - https://www.unionbankofindia.bank.in/en/details/special-union-education-loan-schemes-for-premier-institute-abroad-studies ,"STEM, MANAGEMENT"
Union Bank of India,Trinity College Dublin University of Dublin,Ireland,Category B,As per bank list - https://www.unionbankofindia.bank.in/en/details/special-union-education-loan-schemes-for-premier-institute-abroad-studies ,"STEM, LAW, MANAGEMENT"
Union Bank of India,University degli Studi di Torino,Spain,Category B,As per bank list - https://www.unionbankofindia.bank.in/en/details/special-union-education-loan-schemes-for-premier-institute-abroad-studies ,STEM
Union Bank of India,Virginia Commonwealth University,United States of America,Category B,As per bank list - https://www.unionbankofindia.bank.in/en/details/special-union-education-loan-schemes-for-premier-institute-abroad-studies ,"STEM, MEDICAL"
Union Bank of India,University Paris Saclay,France,Category B,As per bank list - https://www.unionbankofindia.bank.in/en/details/special-union-education-loan-schemes-for-premier-institute-abroad-studies ,STEM
Union Bank of India,Stockholm University,Sweden,Category B,As per bank list - https://www.unionbankofindia.bank.in/en/details/special-union-education-loan-schemes-for-premier-institute-abroad-studies ,"STEM, ECONOMICS, LAW"
Union Bank of India,Curtin University of Technology,Australia,Category B,As per bank list - https://www.unionbankofindia.bank.in/en/details/special-union-education-loan-schemes-for-premier-institute-abroad-studies ,STEM
Union Bank of India,Queensland University of Technology,Australia,Category B,As per bank list - https://www.unionbankofindia.bank.in/en/details/special-union-education-loan-schemes-for-premier-institute-abroad-studies ,"STEM, MEDICAL, LAW, MANAGEMENT"
Union Bank of India,University of Central Florida,United States of America,Category B,As per bank list - https://www.unionbankofindia.bank.in/en/details/special-union-education-loan-schemes-for-premier-institute-abroad-studies ,"MANAGEMENT, STEM, MEDICAL"
Union Bank of India,Erasmus University of Rotterdam,Netherlands,Category B,As per bank list - https://www.unionbankofindia.bank.in/en/details/special-union-education-loan-schemes-for-premier-institute-abroad-studies ,"MANAGEMENT, LAW"
Union Bank of India,Universidad de Granada,Spain,Category B,As per bank list - https://www.unionbankofindia.bank.in/en/details/special-union-education-loan-schemes-for-premier-institute-abroad-studies ,"STEM, MANAGEMENT, MEDICAL"
Union Bank of India,Politecnico di Milano,Italy,Category B,As per bank list - https://www.unionbankofindia.bank.in/en/details/special-union-education-loan-schemes-for-premier-institute-abroad-studies ,MANAGEMENT
Union Bank of India,University of South Carolina,United States of America,Category B,As per bank list - https://www.unionbankofindia.bank.in/en/details/special-union-education-loan-schemes-for-premier-institute-abroad-studies ,"STEM, MANAGEMENT"
Union Bank of India,Baylor College of Medicine,United States of America,Category B,As per bank list - https://www.unionbankofindia.bank.in/en/details/special-union-education-loan-schemes-for-premier-institute-abroad-studies ,MEDICAL
Union Bank of India,Osaka University,Japan,Category B,As per bank list - https://www.unionbankofindia.bank.in/en/details/special-union-education-loan-schemes-for-premier-institute-abroad-studies ,STEM
Union Bank of India,Tohoku University,Japan,Category B,As per bank list - https://www.unionbankofindia.bank.in/en/details/special-union-education-loan-schemes-for-premier-institute-abroad-studies ,STEM
Union Bank of India,Griffith University,Australia,Category B,As per bank list - https://www.unionbankofindia.bank.in/en/details/special-union-education-loan-schemes-for-premier-institute-abroad-studies ,"MANAGEMENT, STEM, LAW and MEDICAL"
Union Bank of India,Wageningen University & Research,Netherlands,Category B,As per bank list - https://www.unionbankofindia.bank.in/en/details/special-union-education-loan-schemes-for-premier-institute-abroad-studies ,"STEM, MANAGEMENT"
Union Bank of India,University of Oregon,United States of America,Category B,As per bank list - https://www.unionbankofindia.bank.in/en/details/special-union-education-loan-schemes-for-premier-institute-abroad-studies ,STEM
Union Bank of India,Southeast University,United States of America,Category B,As per bank list - https://www.unionbankofindia.bank.in/en/details/special-union-education-loan-schemes-for-premier-institute-abroad-studies ,MANAGEMENT
Union Bank of India,University Tubingen,Germany,Category B,As per bank list - https://www.unionbankofindia.bank.in/en/details/special-union-education-loan-schemes-for-premier-institute-abroad-studies ,"LAW, MEDICAL, ECONOMICS, STEM"
Union Bank of India,Dalhousie University,Canada,Category B,As per bank list - https://www.unionbankofindia.bank.in/en/details/special-union-education-loan-schemes-for-premier-institute-abroad-studies ,"MEDICAL, LAW, MANAGEMENT, STEM"
Union Bank of India,University Freiburg,Germany,Category B,As per bank list - https://www.unionbankofindia.bank.in/en/details/special-union-education-loan-schemes-for-premier-institute-abroad-studies ,"MEDICAL, LAW, STEM"
Union Bank of India,Linkoping University,Sweden,Category B,As per bank list - https://www.unionbankofindia.bank.in/en/details/special-union-education-loan-schemes-for-premier-institute-abroad-studies ,MANAGEMENT
Union Bank of India,University of Oklahoma,United States of America,Category B,As per bank list - https://www.unionbankofindia.bank.in/en/details/special-union-education-loan-schemes-for-premier-institute-abroad-studies ,MANAGEMENT AND STEM
Union Bank of India,University of Victoria British Columbia,Canada,Category B,As per bank list - https://www.unionbankofindia.bank.in/en/details/special-union-education-loan-schemes-for-premier-institute-abroad-studies ,"LAW, STEM, MANAGEMENT"
Union Bank of India,University PSL Paris,France,Category B,As per bank list - https://www.unionbankofindia.bank.in/en/details/special-union-education-loan-schemes-for-premier-institute-abroad-studies ,"STEM, LAW, ECONOMICS, MANAGEMENT"
Union Bank of India,University College Dublin,Ireland,Category B,As per bank list - https://www.unionbankofindia.bank.in/en/details/special-union-education-loan-schemes-for-premier-institute-abroad-studies ,"STEM, LAW"
Union Bank of India,University of Southampton,United Kingdom,Category B,As per bank list - https://www.unionbankofindia.bank.in/en/details/special-union-education-loan-schemes-for-premier-institute-abroad-studies ,"MANAGEMENT, STEM, LAW, MEDICAL"
Union Bank of India,University of Cape Town,South Africa,Category B,As per bank list - https://www.unionbankofindia.bank.in/en/details/special-union-education-loan-schemes-for-premier-institute-abroad-studies ,MANAGEMENT
Union Bank of India,Wayne State University,United States of America,Category B,As per bank list - https://www.unionbankofindia.bank.in/en/details/special-union-education-loan-schemes-for-premier-institute-abroad-studies ,"MANAGEMENT, STEM"
Union Bank of India,Universidad Autonoma de Madrid,Spain,Category B,As per bank list - https://www.unionbankofindia.bank.in/en/details/special-union-education-loan-schemes-for-premier-institute-abroad-studies ,MEDICAL
Union Bank of India,Oregon Health & Science University,United States of America,Category B,As per bank list - https://www.unionbankofindia.bank.in/en/details/special-union-education-loan-schemes-for-premier-institute-abroad-studies ,MEDICAL
Union Bank of India,University of Firenze,Italy,Category B,As per bank list - https://www.unionbankofindia.bank.in/en/details/special-union-education-loan-schemes-for-premier-institute-abroad-studies ,"MEDICAL, STEM, LAW, ECONOMICS"
Union Bank of India,University of Manitoba,Canada,Category B,As per bank list - https://www.unionbankofindia.bank.in/en/details/special-union-education-loan-schemes-for-premier-institute-abroad-studies ,MANAGEMENT
Union Bank of India,Eindhoven University of Technology,Netherlands,Category B,As per bank list - https://www.unionbankofindia.bank.in/en/details/special-union-education-loan-schemes-for-premier-institute-abroad-studies ,"STEM, MANAGEMENT"
Union Bank of India,Louisiana State University,United States of America,Category B,As per bank list - https://www.unionbankofindia.bank.in/en/details/special-union-education-loan-schemes-for-premier-institute-abroad-studies ,"MANAGEMENT, STEM"
Union Bank of India,University Munster,Germany,Category B,As per bank list - https://www.unionbankofindia.bank.in/en/details/special-union-education-loan-schemes-for-premier-institute-abroad-studies ,"STEM, ECONOMICS"
Union Bank of India,Friedrich Alexander University Erlangen Nurnberg FAU,Germany,Category B,As per bank list - https://www.unionbankofindia.bank.in/en/details/special-union-education-loan-schemes-for-premier-institute-abroad-studies ,STEM
Union Bank of India,University of Twente,Netherlands,Category B,As per bank list - https://www.unionbankofindia.bank.in/en/details/special-union-education-loan-schemes-for-premier-institute-abroad-studies ,"STEM, DESIGN"
Union Bank of India,University of Wollongong,Australia,Category B,As per bank list - https://www.unionbankofindia.bank.in/en/details/special-union-education-loan-schemes-for-premier-institute-abroad-studies ,"STEM, MEDICAL"
Union Bank of India,Florida International University,United States of America,Category B,As per bank list - https://www.unionbankofindia.bank.in/en/details/special-union-education-loan-schemes-for-premier-institute-abroad-studies ,"STEM, MEDICAL"
Union Bank of India,University of Surrey,United Kingdom,Category B,As per bank list - https://www.unionbankofindia.bank.in/en/details/special-union-education-loan-schemes-for-premier-institute-abroad-studies ,"STEM, MEDICAL"
Union Bank of India,University of Leicester,England,Category B,As per bank list - https://www.unionbankofindia.bank.in/en/details/special-union-education-loan-schemes-for-premier-institute-abroad-studies ,"STEM, MANAGEMENT"
Union Bank of India,University zu Koln,Germany,Category B,As per bank list - https://www.unionbankofindia.bank.in/en/details/special-union-education-loan-schemes-for-premier-institute-abroad-studies ,"STEM, MANAGEMENT, MEDICAL"
Union Bank of India,University of Saskatchewan,Canada,Category B,As per bank list - https://www.unionbankofindia.bank.in/en/details/special-union-education-loan-schemes-for-premier-institute-abroad-studies ,"STEM, MANAGEMENT"
Union Bank of India,University of Lyon I,France,Category B,As per bank list - https://www.unionbankofindia.bank.in/en/details/special-union-education-loan-schemes-for-premier-institute-abroad-studies ,"MANAGEMENT, STEM"
Union Bank of India,Queens University Belfast,United Kingdom,Category B,As per bank list - https://www.unionbankofindia.bank.in/en/details/special-union-education-loan-schemes-for-premier-institute-abroad-studies ,"STEM, MEDICAL, MANAGEMENT"
Union Bank of India,Radboud University,Netherlands,Category B,As per bank list - https://www.unionbankofindia.bank.in/en/details/special-union-education-loan-schemes-for-premier-institute-abroad-studies ,"STEM, MANAGEMENT"
Union Bank of India,University Leipzig,Germany,Category B,As per bank list - https://www.unionbankofindia.bank.in/en/details/special-union-education-loan-schemes-for-premier-institute-abroad-studies ,"ECONOMICS, STEM, MANAGEMENT"
Union Bank of India,University of Sussex,United Kingdom,Category B,As per bank list - https://www.unionbankofindia.bank.in/en/details/special-union-education-loan-schemes-for-premier-institute-abroad-studies ,"STEM, MANAGEMENT, LAW, MEDICAL"
Union Bank of India,Chalmers University of Technology,Sweden,Category B,As per bank list - https://www.unionbankofindia.bank.in/en/details/special-union-education-loan-schemes-for-premier-institute-abroad-studies ,STEM
Union Bank of India,Lancaster University,United Kingdom,Category B,As per bank list - https://www.unionbankofindia.bank.in/en/details/special-union-education-loan-schemes-for-premier-institute-abroad-studies ,"STEM, MANAGEMENT, MEDICAL, LAW, DESIGN"
Union Bank of India,University Laval,Canada,Category B,As per bank list - https://www.unionbankofindia.bank.in/en/details/special-union-education-loan-schemes-for-premier-institute-abroad-studies ,"STEM, MANAGEMENT"
Union Bank of India,Clemson University,United States of America,Category B,As per bank list - https://www.unionbankofindia.bank.in/en/details/special-union-education-loan-schemes-for-premier-institute-abroad-studies ,"MANAGEMENT, STEM"
Punjab National Bank,University of Oxford,United Kingdom,Annexure B,As per bank list,
Punjab National Bank,Harvard University,United States of America,Annexure B,As per bank list,
Punjab National Bank,University of Cambridge,United Kingdom,Annexure B,As per bank list,
Punjab National Bank,Stanford University,United States of America,Annexure B,As per bank list,
Punjab National Bank,Massachusetts Institute of Technology,United States of America,Annexure B,As per bank list,
Punjab National Bank,California Institute of Technology,United States of America,Annexure B,As per bank list,
Punjab National Bank,Princeton University,United States of America,Annexure B,As per bank list,
Punjab National Bank,"University of California, Berkeley",United States of America,Annexure B,As per bank list,
Punjab National Bank,Yale University,United States of America,Annexure B,As per bank list,
Punjab National Bank,"Imperial College London (Imperial College of Science, Technology and Medicine)",United Kingdom,Annexure B,As per bank list,
Punjab National Bank,Columbia University (Columbia University in the City of New York),United States of America,Annexure B,As per bank list,
Punjab National Bank,ETH Zurich (Eidgenossische Technische Hochschule Zurich / Swiss Federal Institute of Technology Zurich),Swiss Confederation,Annexure B,As per bank list,
Punjab National Bank,The University of Chicago,United States of America,Annexure B,As per bank list,
Punjab National Bank,University of Pennsylvania,United States of America,Annexure B,As per bank list,
Punjab National Bank,Johns Hopkins University,United States of America,Annexure B,As per bank list,
Punjab National Bank,Tsinghua University,China,Annexure B,As per bank list,
Punjab National Bank,Peking University,China,Annexure B,As per bank list,
Punjab National Bank,University of Toronto,Canada,Annexure B,As per bank list,
Punjab National Bank,National University of Singapore,Singapore,Annexure B,As per bank list,
Punjab National Bank,Cornell University,United States of America,Annexure B,As per bank list,
Punjab National Bank,"University of California, Los Angeles",United States of America,Annexure B,As per bank list,
Punjab National Bank,University College London,United Kingdom,Annexure B,As per bank list,
Punjab National Bank,University of Michigan,United States of America,Annexure B,As per bank list,
Punjab National Bank,New York University,United States of America,Annexure B,As per bank list,
Punjab National Bank,Duke University,United States of America,Annexure B,As per bank list,
Punjab National Bank,Northwestern University,United States of America,Annexure B,As per bank list,
Punjab National Bank,University of Washington,United States of America,Annexure B,As per bank list,
Punjab National Bank,Carnegie Mellon University,United States of America,Annexure B,As per bank list,
Punjab National Bank,University of Edinburgh,United Kingdom,Annexure B,As per bank list,
Punjab National Bank,Technical University of Munich (Technische Universitat Munchen),Germany,Annexure B,As per bank list,
Punjab National Bank,University of Hong Kong,China,Annexure B,As per bank list,
Punjab National Bank,"University of California, San Diego",United States of America,Annexure B,As per bank list,
Punjab National Bank,Ludwig Maximilians University Munich,Germany,Annexure B,As per bank list,
Punjab National Bank,University of Melbourne,Australia,Annexure B,As per bank list,
Punjab National Bank,Kings College London,United Kingdom,Annexure B,As per bank list,
Punjab National Bank,Nanyang Technological University,Singapore,Annexure B,As per bank list,
Punjab National Bank,London School of Economics and Political Science,United Kingdom,Annexure B,As per bank list,
Punjab National Bank,Georgia Institute of Technology,United States of America,Annexure B,As per bank list,
Punjab National Bank,University of Tokyo,Japan,Annexure B,As per bank list,
Punjab National Bank,University of British Columbia,Canada,Annexure B,As per bank list,
Punjab National Bank,Ecole Polytechnique Federale de Lausanne,Swiss Confederation,Annexure B,As per bank list,
Punjab National Bank,KU Leuven,Belgium,Annexure B,As per bank list,
Punjab National Bank,Heidelberg University,Germany,Annexure B,As per bank list,
Punjab National Bank,Monash University,Australia,Annexure B,As per bank list,
Punjab National Bank,Chinese University of Hong Kong,China,Annexure B,As per bank list,
Punjab National Bank,McGill University,Canada,Annexure B,As per bank list,
Punjab National Bank,PSL University,France,Annexure B,As per bank list,
Punjab National Bank,University of Illinois at Urbana-Champaign,United States of America,Annexure B,As per bank list,
Punjab National Bank,Karolinska Institutet,Sweden,Annexure B,As per bank list,
Punjab National Bank,University of Texas at Austin,United States of America,Annexure B,As per bank list,
Bank of Baroda,Harvard University,United States of America,Listed,As per bank list - https://bankofbaroda.bank.in/personal-banking/loans/education-loan/-/media/Project/BOB/CountryWebsites/India/pdfs/management-course-new.pdf ,Management
Bank of Baroda,Massachusetts Institute of Technology,United States of America,Listed,As per bank list - https://bankofbaroda.bank.in/personal-banking/loans/education-loan/-/media/Project/BOB/CountryWebsites/India/pdfs/management-course-new.pdf ,Management
Bank of Baroda,Stanford University,United States of America,Listed,As per bank list - https://bankofbaroda.bank.in/personal-banking/loans/education-loan/-/media/Project/BOB/CountryWebsites/India/pdfs/management-course-new.pdf ,Management
Bank of Baroda,University of Pennsylvania,United States of America,Listed,As per bank list - https://bankofbaroda.bank.in/personal-banking/loans/education-loan/-/media/Project/BOB/CountryWebsites/India/pdfs/management-course-new.pdf ,Management
Bank of Baroda,University of Chicago,United States of America,Listed,As per bank list - https://bankofbaroda.bank.in/personal-banking/loans/education-loan/-/media/Project/BOB/CountryWebsites/India/pdfs/management-course-new.pdf ,Management
Bank of Baroda,"University of California, Berkeley",United States of America,Listed,As per bank list - https://bankofbaroda.bank.in/personal-banking/loans/education-loan/-/media/Project/BOB/CountryWebsites/India/pdfs/management-course-new.pdf ,Management
Bank of Baroda,New York University,United States of America,Listed,As per bank list - https://bankofbaroda.bank.in/personal-banking/loans/education-loan/-/media/Project/BOB/CountryWebsites/India/pdfs/management-course-new.pdf ,Management
Bank of Baroda,Columbia University,United States of America,Listed,As per bank list - https://bankofbaroda.bank.in/personal-banking/loans/education-loan/-/media/Project/BOB/CountryWebsites/India/pdfs/management-course-new.pdf ,Management
Bank of Baroda,Yale University,United States of America,Listed,As per bank list - https://bankofbaroda.bank.in/personal-banking/loans/education-loan/-/media/Project/BOB/CountryWebsites/India/pdfs/management-course-new.pdf ,Management
Bank of Baroda,University of Michigan,United States of America,Listed,As per bank list - https://bankofbaroda.bank.in/personal-banking/loans/education-loan/-/media/Project/BOB/CountryWebsites/India/pdfs/management-course-new.pdf ,Management
Bank of Baroda,Northwestern University,United States of America,Listed,As per bank list - https://bankofbaroda.bank.in/personal-banking/loans/education-loan/-/media/Project/BOB/CountryWebsites/India/pdfs/management-course-new.pdf ,Management
Bank of Baroda,Princeton University,United States of America,Listed,As per bank list - https://bankofbaroda.bank.in/personal-banking/loans/education-loan/-/media/Project/BOB/CountryWebsites/India/pdfs/management-course-new.pdf ,Management
Bank of Baroda,Duke University,United States of America,Listed,As per bank list - https://bankofbaroda.bank.in/personal-banking/loans/education-loan/-/media/Project/BOB/CountryWebsites/India/pdfs/management-course-new.pdf ,Management
Bank of Baroda,Cornell University,United States of America,Listed,As per bank list - https://bankofbaroda.bank.in/personal-banking/loans/education-loan/-/media/Project/BOB/CountryWebsites/India/pdfs/management-course-new.pdf ,Management
Bank of Baroda,"University of California, Los Angeles",United States of America,Listed,As per bank list - https://bankofbaroda.bank.in/personal-banking/loans/education-loan/-/media/Project/BOB/CountryWebsites/India/pdfs/management-course-new.pdf ,Management
Bank of Baroda,University of Minnesota,United States of America,Listed,As per bank list - https://bankofbaroda.bank.in/personal-banking/loans/education-loan/-/media/Project/BOB/CountryWebsites/India/pdfs/management-course-new.pdf ,Management
Bank of Baroda,Arizona State University,United States of America,Listed,As per bank list - https://bankofbaroda.bank.in/personal-banking/loans/education-loan/-/media/Project/BOB/CountryWebsites/India/pdfs/management-course-new.pdf ,Management
Bank of Baroda,Michigan State University,United States of America,Listed,As per bank list - https://bankofbaroda.bank.in/personal-banking/loans/education-loan/-/media/Project/BOB/CountryWebsites/India/pdfs/management-course-new.pdf ,Management
Bank of Baroda,Pennsylvania State University,United States of America,Listed,As per bank list - https://bankofbaroda.bank.in/personal-banking/loans/education-loan/-/media/Project/BOB/CountryWebsites/India/pdfs/management-course-new.pdf ,Management
Bank of Baroda,"University of Maryland, College Park",United States of America,Listed,As per bank list - https://bankofbaroda.bank.in/personal-banking/loans/education-loan/-/media/Project/BOB/CountryWebsites/India/pdfs/management-course-new.pdf ,Management
Bank of Baroda,Indiana University,United States of America,Listed,As per bank list - https://bankofbaroda.bank.in/personal-banking/loans/education-loan/-/media/Project/BOB/CountryWebsites/India/pdfs/management-course-new.pdf ,Management
Bank of Baroda,"University of California, San Diego",United States of America,Listed,As per bank list - https://bankofbaroda.bank.in/personal-banking/loans/education-loan/-/media/Project/BOB/CountryWebsites/India/pdfs/management-course-new.pdf ,Management
Bank of Baroda,Ohio State University,United States of America,Listed,As per bank list - https://bankofbaroda.bank.in/personal-banking/loans/education-loan/-/media/Project/BOB/CountryWebsites/India/pdfs/management-course-new.pdf ,Management
Bank of Baroda,University of Southern California,United States of America,Listed,As per bank list - https://bankofbaroda.bank.in/personal-banking/loans/education-loan/-/media/Project/BOB/CountryWebsites/India/pdfs/management-course-new.pdf ,Management
Bank of Baroda,University of Texas at Austin,United States of America,Listed,As per bank list - https://bankofbaroda.bank.in/personal-banking/loans/education-loan/-/media/Project/BOB/CountryWebsites/India/pdfs/management-course-new.pdf ,Management
Bank of Baroda,Texas A&M University,United States of America,Listed,As per bank list - https://bankofbaroda.bank.in/personal-banking/loans/education-loan/-/media/Project/BOB/CountryWebsites/India/pdfs/management-course-new.pdf ,Management
Bank of Baroda,University of Washington,United States of America,Listed,As per bank list - https://bankofbaroda.bank.in/personal-banking/loans/education-loan/-/media/Project/BOB/CountryWebsites/India/pdfs/management-course-new.pdf ,Management
Bank of Baroda,Washington University in St. Louis,United States of America,Listed,As per bank list - https://bankofbaroda.bank.in/personal-banking/loans/education-loan/-/media/Project/BOB/CountryWebsites/India/pdfs/management-course-new.pdf ,Management
Bank of Baroda,Dartmouth College,United States of America,Listed,As per bank list - https://bankofbaroda.bank.in/personal-banking/loans/education-loan/-/media/Project/BOB/CountryWebsites/India/pdfs/management-course-new.pdf ,Management
Bank of Baroda,Boston University,United States of America,Listed,As per bank list - https://bankofbaroda.bank.in/personal-banking/loans/education-loan/-/media/Project/BOB/CountryWebsites/India/pdfs/management-course-new.pdf ,Management
Bank of Baroda,University of Wisconsin-Madison,United States of America,Listed,As per bank list - https://bankofbaroda.bank.in/personal-banking/loans/education-loan/-/media/Project/BOB/CountryWebsites/India/pdfs/management-course-new.pdf ,Management
Bank of Baroda,University of Illinois at Urbana-Champaign,United States of America,Listed,As per bank list - https://bankofbaroda.bank.in/personal-banking/loans/education-loan/-/media/Project/BOB/CountryWebsites/India/pdfs/management-course-new.pdf ,Management
Bank of Baroda,University of North Carolina at Chapel Hill,United States of America,Listed,As per bank list - https://bankofbaroda.bank.in/personal-banking/loans/education-loan/-/media/Project/BOB/CountryWebsites/India/pdfs/management-course-new.pdf ,Management
Bank of Baroda,Boston College,United States of America,Listed,As per bank list - https://bankofbaroda.bank.in/personal-banking/loans/education-loan/-/media/Project/BOB/CountryWebsites/India/pdfs/management-course-new.pdf ,Management
Bank of Baroda,Georgia Institute of Technology,United States of America,Listed,As per bank list - https://bankofbaroda.bank.in/personal-banking/loans/education-loan/-/media/Project/BOB/CountryWebsites/India/pdfs/management-course-new.pdf ,Management
Bank of Baroda,Rutgers University,United States of America,Listed,As per bank list - https://bankofbaroda.bank.in/personal-banking/loans/education-loan/-/media/Project/BOB/CountryWebsites/India/pdfs/management-course-new.pdf ,Management
Bank of Baroda,Georgia State University,United States of America,Listed,As per bank list - https://bankofbaroda.bank.in/personal-banking/loans/education-loan/-/media/Project/BOB/CountryWebsites/India/pdfs/management-course-new.pdf ,Management
Bank of Baroda,University of Virginia,United States of America,Listed,As per bank list - https://bankofbaroda.bank.in/personal-banking/loans/education-loan/-/media/Project/BOB/CountryWebsites/India/pdfs/management-course-new.pdf ,Management
Bank of Baroda,Purdue University,United States of America,Listed,As per bank list - https://bankofbaroda.bank.in/personal-banking/loans/education-loan/-/media/Project/BOB/CountryWebsites/India/pdfs/management-course-new.pdf ,Management
Bank of Baroda,Carnegie Mellon University,United States of America,Listed,As per bank list - https://bankofbaroda.bank.in/personal-banking/loans/education-loan/-/media/Project/BOB/CountryWebsites/India/pdfs/management-course-new.pdf ,Management
Bank of Baroda,University of Texas at Dallas,United States of America,Listed,As per bank list - https://bankofbaroda.bank.in/personal-banking/loans/education-loan/-/media/Project/BOB/CountryWebsites/India/pdfs/management-course-new.pdf ,Management
Bank of Baroda,University of Arizona,United States of America,Listed,As per bank list - https://bankofbaroda.bank.in/personal-banking/loans/education-loan/-/media/Project/BOB/CountryWebsites/India/pdfs/management-course-new.pdf ,Management
Bank of Baroda,"University of California, Davis",United States of America,Listed,As per bank list - https://bankofbaroda.bank.in/personal-banking/loans/education-loan/-/media/Project/BOB/CountryWebsites/India/pdfs/management-course-new.pdf ,Management
Bank of Baroda,University of Notre Dame,United States of America,Listed,As per bank list - https://bankofbaroda.bank.in/personal-banking/loans/education-loan/-/media/Project/BOB/CountryWebsites/India/pdfs/management-course-new.pdf ,Management
Bank of Baroda,University of South Carolina,United States of America,Listed,As per bank list - https://bankofbaroda.bank.in/personal-banking/loans/education-loan/-/media/Project/BOB/CountryWebsites/India/pdfs/management-course-new.pdf ,Management
Bank of Baroda,Babson College,United States of America,Listed,As per bank list - https://bankofbaroda.bank.in/personal-banking/loans/education-loan/-/media/Project/BOB/CountryWebsites/India/pdfs/management-course-new.pdf ,Management
Bank of Baroda,Temple University,United States of America,Listed,As per bank list - https://bankofbaroda.bank.in/personal-banking/loans/education-loan/-/media/Project/BOB/CountryWebsites/India/pdfs/management-course-new.pdf ,Management
Bank of Baroda,University of Florida,United States of America,Listed,As per bank list - https://bankofbaroda.bank.in/personal-banking/loans/education-loan/-/media/Project/BOB/CountryWebsites/India/pdfs/management-course-new.pdf ,Management
Bank of Baroda,University of Georgia,United States of America,Listed,As per bank list - https://bankofbaroda.bank.in/personal-banking/loans/education-loan/-/media/Project/BOB/CountryWebsites/India/pdfs/management-course-new.pdf ,Management
Bank of Baroda,Northeastern University,United States of America,Listed,As per bank list - https://bankofbaroda.bank.in/personal-banking/loans/education-loan/-/media/Project/BOB/CountryWebsites/India/pdfs/management-course-new.pdf ,Management
Bank of Baroda,Georgetown University,United States of America,Listed,As per bank list - https://bankofbaroda.bank.in/personal-banking/loans/education-loan/-/media/Project/BOB/CountryWebsites/India/pdfs/management-course-new.pdf ,Management
Bank of Baroda,George Washington University,United States of America,Listed,As per bank list - https://bankofbaroda.bank.in/personal-banking/loans/education-loan/-/media/Project/BOB/CountryWebsites/India/pdfs/management-course-new.pdf ,Management
Bank of Baroda,Florida State University,United States of America,Listed,As per bank list - https://bankofbaroda.bank.in/personal-banking/loans/education-loan/-/media/Project/BOB/CountryWebsites/India/pdfs/management-course-new.pdf ,Management
Bank of Baroda,University of Colorado Boulder,United States of America,Listed,As per bank list - https://bankofbaroda.bank.in/personal-banking/loans/education-loan/-/media/Project/BOB/CountryWebsites/India/pdfs/management-course-new.pdf ,Management
Bank of Baroda,Indiana University Bloomington,United States of America,Listed,As per bank list - https://bankofbaroda.bank.in/personal-banking/loans/education-loan/-/media/Project/BOB/CountryWebsites/India/pdfs/management-course-new.pdf ,Management
Bank of Baroda,"University of California, Irvine",United States of America,Listed,As per bank list - https://bankofbaroda.bank.in/personal-banking/loans/education-loan/-/media/Project/BOB/CountryWebsites/India/pdfs/management-course-new.pdf ,Management
Bank of Baroda,University of Houston,United States of America,Listed,As per bank list - https://bankofbaroda.bank.in/personal-banking/loans/education-loan/-/media/Project/BOB/CountryWebsites/India/pdfs/management-course-new.pdf ,Management
Bank of Baroda,Syracuse University,United States of America,Listed,As per bank list - https://bankofbaroda.bank.in/personal-banking/loans/education-loan/-/media/Project/BOB/CountryWebsites/India/pdfs/management-course-new.pdf ,Management
Bank of Baroda,George Mason University,United States of America,Listed,As per bank list - https://bankofbaroda.bank.in/personal-banking/loans/education-loan/-/media/Project/BOB/CountryWebsites/India/pdfs/management-course-new.pdf ,Management
Bank of Baroda,Vanderbilt University,United States of America,Listed,As per bank list - https://bankofbaroda.bank.in/personal-banking/loans/education-loan/-/media/Project/BOB/CountryWebsites/India/pdfs/management-course-new.pdf ,Management
Bank of Baroda,University of Illinois Chicago,United States of America,Listed,As per bank list - https://bankofbaroda.bank.in/personal-banking/loans/education-loan/-/media/Project/BOB/CountryWebsites/India/pdfs/management-course-new.pdf ,Management
Bank of Baroda,University of Pittsburgh,United States of America,Listed,As per bank list - https://bankofbaroda.bank.in/personal-banking/loans/education-loan/-/media/Project/BOB/CountryWebsites/India/pdfs/management-course-new.pdf ,Management
Bank of Baroda,University of Pittsburgh,United States of America,Listed,As per bank list - https://bankofbaroda.bank.in/personal-banking/loans/education-loan/-/media/Project/BOB/CountryWebsites/India/pdfs/management-course-new.pdf ,Management
Bank of Baroda,Johns Hopkins University,United States of America,Listed,As per bank list - https://bankofbaroda.bank.in/personal-banking/loans/education-loan/-/media/Project/BOB/CountryWebsites/India/pdfs/management-course-new.pdf ,Management
Bank of Baroda,Iowa State University,United States of America,Listed,As per bank list - https://bankofbaroda.bank.in/personal-banking/loans/education-loan/-/media/Project/BOB/CountryWebsites/India/pdfs/management-course-new.pdf ,Management
Bank of Baroda,University of Massachusetts Amherst,United States of America,Listed,As per bank list - https://bankofbaroda.bank.in/personal-banking/loans/education-loan/-/media/Project/BOB/CountryWebsites/India/pdfs/management-course-new.pdf ,Management
Bank of Baroda,Virginia Polytechnic Institute and State University,United States of America,Listed,As per bank list - https://bankofbaroda.bank.in/personal-banking/loans/education-loan/-/media/Project/BOB/CountryWebsites/India/pdfs/management-course-new.pdf ,Management
Bank of Baroda,North Carolina State University,United States of America,Listed,As per bank list - https://bankofbaroda.bank.in/personal-banking/loans/education-loan/-/media/Project/BOB/CountryWebsites/India/pdfs/management-course-new.pdf ,Management
Bank of Baroda,Drexel University,United States of America,Listed,As per bank list - https://bankofbaroda.bank.in/personal-banking/loans/education-loan/-/media/Project/BOB/CountryWebsites/India/pdfs/management-course-new.pdf ,Management
Bank of Baroda,University of Alabama,United States of America,Listed,As per bank list - https://bankofbaroda.bank.in/personal-banking/loans/education-loan/-/media/Project/BOB/CountryWebsites/India/pdfs/management-course-new.pdf ,Management
Bank of Baroda,Emory University,United States of America,Listed,As per bank list - https://bankofbaroda.bank.in/personal-banking/loans/education-loan/-/media/Project/BOB/CountryWebsites/India/pdfs/management-course-new.pdf ,Management
Bank of Baroda,Rice University,United States of America,Listed,As per bank list - https://bankofbaroda.bank.in/personal-banking/loans/education-loan/-/media/Project/BOB/CountryWebsites/India/pdfs/management-course-new.pdf ,Management
Bank of Baroda,Brigham Young University,United States of America,Listed,As per bank list - https://bankofbaroda.bank.in/personal-banking/loans/education-loan/-/media/Project/BOB/CountryWebsites/India/pdfs/management-course-new.pdf ,Management
Bank of Baroda,Washington University in St. Louis,United States of America,Listed,As per bank list - https://bankofbaroda.bank.in/personal-banking/loans/education-loan/-/media/Project/BOB/CountryWebsites/India/pdfs/management-course-new.pdf ,Management
Bank of Baroda,University of Rochester,United States of America,Listed,As per bank list - https://bankofbaroda.bank.in/personal-banking/loans/education-loan/-/media/Project/BOB/CountryWebsites/India/pdfs/management-course-new.pdf ,Management
Bank of Baroda,University of Iowa,United States of America,Listed,As per bank list - https://bankofbaroda.bank.in/personal-banking/loans/education-loan/-/media/Project/BOB/CountryWebsites/India/pdfs/management-course-new.pdf ,Management
Bank of Baroda,Southern Methodist University,United States of America,Listed,As per bank list - https://bankofbaroda.bank.in/personal-banking/loans/education-loan/-/media/Project/BOB/CountryWebsites/India/pdfs/management-course-new.pdf ,Management
Bank of Baroda,California Institute of Technology,United States of America,Listed,As per bank list - https://bankofbaroda.bank.in/personal-banking/loans/education-loan/-/media/Project/BOB/CountryWebsites/India/pdfs/management-course-new.pdf ,Management
Bank of Baroda,Brown University,United States of America,Listed,As per bank list - https://bankofbaroda.bank.in/personal-banking/loans/education-loan/-/media/Project/BOB/CountryWebsites/India/pdfs/management-course-new.pdf ,Management
Bank of Baroda,"University of California, Santa Barbara",United States of America,Listed,As per bank list - https://bankofbaroda.bank.in/personal-banking/loans/education-loan/-/media/Project/BOB/CountryWebsites/India/pdfs/management-course-new.pdf ,Management
Bank of Baroda,Case Western Reserve University,United States of America,Listed,As per bank list - https://bankofbaroda.bank.in/personal-banking/loans/education-loan/-/media/Project/BOB/CountryWebsites/India/pdfs/management-course-new.pdf ,Management
Bank of Baroda,Tufts University,United States of America,Listed,As per bank list - https://bankofbaroda.bank.in/personal-banking/loans/education-loan/-/media/Project/BOB/CountryWebsites/India/pdfs/management-course-new.pdf ,Management
Bank of Baroda,University of Miami,United States of America,Listed,As per bank list - https://bankofbaroda.bank.in/personal-banking/loans/education-loan/-/media/Project/BOB/CountryWebsites/India/pdfs/management-course-new.pdf ,Management
Bank of Baroda,University at Buffalo,United States of America,Listed,As per bank list - https://bankofbaroda.bank.in/personal-banking/loans/education-loan/-/media/Project/BOB/CountryWebsites/India/pdfs/management-course-new.pdf ,Management
Bank of Baroda,"University of California, Riverside",United States of America,Listed,As per bank list - https://bankofbaroda.bank.in/personal-banking/loans/education-loan/-/media/Project/BOB/CountryWebsites/India/pdfs/management-course-new.pdf ,Management
Bank of Baroda,Yeshiva University,United States of America,Listed,As per bank list - https://bankofbaroda.bank.in/personal-banking/loans/education-loan/-/media/Project/BOB/CountryWebsites/India/pdfs/management-course-new.pdf ,Management
Bank of Baroda,Rensselaer Polytechnic Institute,United States of America,Listed,As per bank list - https://bankofbaroda.bank.in/personal-banking/loans/education-loan/-/media/Project/BOB/CountryWebsites/India/pdfs/management-course-new.pdf ,Management
Bank of Baroda,London School of Economics and Political Science,United Kingdom,Listed,As per bank list - https://bankofbaroda.bank.in/personal-banking/loans/education-loan/-/media/Project/BOB/CountryWebsites/India/pdfs/management-course-new.pdf ,Management
Bank of Baroda,University of Oxford,United Kingdom,Listed,As per bank list - https://bankofbaroda.bank.in/personal-banking/loans/education-loan/-/media/Project/BOB/CountryWebsites/India/pdfs/management-course-new.pdf ,Management
Bank of Baroda,University of Cambridge,United Kingdom,Listed,As per bank list - https://bankofbaroda.bank.in/personal-banking/loans/education-loan/-/media/Project/BOB/CountryWebsites/India/pdfs/management-course-new.pdf ,Management
Bank of Baroda,University of Warwick,United Kingdom,Listed,As per bank list - https://bankofbaroda.bank.in/personal-banking/loans/education-loan/-/media/Project/BOB/CountryWebsites/India/pdfs/management-course-new.pdf ,Management
Bank of Baroda,Imperial College London,United Kingdom,Listed,As per bank list - https://bankofbaroda.bank.in/personal-banking/loans/education-loan/-/media/Project/BOB/CountryWebsites/India/pdfs/management-course-new.pdf ,Management
Bank of Baroda,University College London,United Kingdom,Listed,As per bank list - https://bankofbaroda.bank.in/personal-banking/loans/education-loan/-/media/Project/BOB/CountryWebsites/India/pdfs/management-course-new.pdf ,Management
Bank of Baroda,University of Manchester,United Kingdom,Listed,As per bank list - https://bankofbaroda.bank.in/personal-banking/loans/education-loan/-/media/Project/BOB/CountryWebsites/India/pdfs/management-course-new.pdf ,Management
Bank of Baroda,"City, University of London",United Kingdom,Listed,As per bank list - https://bankofbaroda.bank.in/personal-banking/loans/education-loan/-/media/Project/BOB/CountryWebsites/India/pdfs/management-course-new.pdf ,Management
Bank of Baroda,University of Nottingham,United Kingdom,Listed,As per bank list - https://bankofbaroda.bank.in/personal-banking/loans/education-loan/-/media/Project/BOB/CountryWebsites/India/pdfs/management-course-new.pdf ,Management
Bank of Baroda,Lancaster University,United Kingdom,Listed,As per bank list - https://bankofbaroda.bank.in/personal-banking/loans/education-loan/-/media/Project/BOB/CountryWebsites/India/pdfs/management-course-new.pdf ,Management
Bank of Baroda,University of Leeds,United Kingdom,Listed,As per bank list - https://bankofbaroda.bank.in/personal-banking/loans/education-loan/-/media/Project/BOB/CountryWebsites/India/pdfs/management-course-new.pdf ,Management
Bank of Baroda,Cardiff University,United Kingdom,Listed,As per bank list - https://bankofbaroda.bank.in/personal-banking/loans/education-loan/-/media/Project/BOB/CountryWebsites/India/pdfs/management-course-new.pdf ,Management
Bank of Baroda,University of Bath,United Kingdom,Listed,As per bank list - https://bankofbaroda.bank.in/personal-banking/loans/education-loan/-/media/Project/BOB/CountryWebsites/India/pdfs/management-course-new.pdf ,Management
Bank of Baroda,University of Edinburgh,United Kingdom,Listed,As per bank list - https://bankofbaroda.bank.in/personal-banking/loans/education-loan/-/media/Project/BOB/CountryWebsites/India/pdfs/management-course-new.pdf ,Management
Bank of Baroda,University of Sheffield,United Kingdom,Listed,As per bank list - https://bankofbaroda.bank.in/personal-banking/loans/education-loan/-/media/Project/BOB/CountryWebsites/India/pdfs/management-course-new.pdf ,Management
Bank of Baroda,University of Sheffield,United Kingdom,Listed,As per bank list - https://bankofbaroda.bank.in/personal-banking/loans/education-loan/-/media/Project/BOB/CountryWebsites/India/pdfs/management-course-new.pdf ,Management
Bank of Baroda,University of York,United Kingdom,Listed,As per bank list - https://bankofbaroda.bank.in/personal-banking/loans/education-loan/-/media/Project/BOB/CountryWebsites/India/pdfs/management-course-new.pdf ,Management
Bank of Baroda,University of Southampton,United Kingdom,Listed,As per bank list - https://bankofbaroda.bank.in/personal-banking/loans/education-loan/-/media/Project/BOB/CountryWebsites/India/pdfs/management-course-new.pdf ,Management
Bank of Baroda,University of Strathclyde,United Kingdom,Listed,As per bank list - https://bankofbaroda.bank.in/personal-banking/loans/education-loan/-/media/Project/BOB/CountryWebsites/India/pdfs/management-course-new.pdf ,Management
Bank of Baroda,University of Birmingham,United Kingdom,Listed,As per bank list - https://bankofbaroda.bank.in/personal-banking/loans/education-loan/-/media/Project/BOB/CountryWebsites/India/pdfs/management-course-new.pdf ,Management
Bank of Baroda,University of Glasgow,United Kingdom,Listed,As per bank list - https://bankofbaroda.bank.in/personal-banking/loans/education-loan/-/media/Project/BOB/CountryWebsites/India/pdfs/management-course-new.pdf ,Management
Bank of Baroda,Durham University,United Kingdom,Listed,As per bank list - https://bankofbaroda.bank.in/personal-banking/loans/education-loan/-/media/Project/BOB/CountryWebsites/India/pdfs/management-course-new.pdf ,Management
Bank of Baroda,University of Exeter,United Kingdom,Listed,As per bank list - https://bankofbaroda.bank.in/personal-banking/loans/education-loan/-/media/Project/BOB/CountryWebsites/India/pdfs/management-course-new.pdf ,Management
Bank of Baroda,Newcastle University,United Kingdom,Listed,As per bank list - https://bankofbaroda.bank.in/personal-banking/loans/education-loan/-/media/Project/BOB/CountryWebsites/India/pdfs/management-course-new.pdf ,Management
Bank of Baroda,London Business School,United Kingdom,Listed,As per bank list - https://bankofbaroda.bank.in/personal-banking/loans/education-loan/-/media/Project/BOB/CountryWebsites/India/pdfs/management-course-new.pdf ,Management
Bank of Baroda,Cranfield University,United Kingdom,Listed,As per bank list - https://bankofbaroda.bank.in/personal-banking/loans/education-loan/-/media/Project/BOB/CountryWebsites/India/pdfs/management-course-new.pdf ,Management
Bank of Baroda,Kings College London,United Kingdom,Listed,As per bank list - https://bankofbaroda.bank.in/personal-banking/loans/education-loan/-/media/Project/BOB/CountryWebsites/India/pdfs/management-course-new.pdf ,Management
Bank of Baroda,University of Bristol,United Kingdom,Listed,As per bank list - https://bankofbaroda.bank.in/personal-banking/loans/education-loan/-/media/Project/BOB/CountryWebsites/India/pdfs/management-course-new.pdf ,Management
Bank of Baroda,University of St Andrews,United Kingdom,Listed,As per bank list - https://bankofbaroda.bank.in/personal-banking/loans/education-loan/-/media/Project/BOB/CountryWebsites/India/pdfs/management-course-new.pdf ,Management
Bank of Baroda,University of Zurich,Swiss Confederation,Listed,As per bank list - https://bankofbaroda.bank.in/personal-banking/loans/education-loan/-/media/Project/BOB/CountryWebsites/India/pdfs/management-course-new.pdf ,Management
Bank of Baroda,ETH Zurich,Swiss Confederation,Listed,As per bank list - https://bankofbaroda.bank.in/personal-banking/loans/education-loan/-/media/Project/BOB/CountryWebsites/India/pdfs/management-course-new.pdf ,Management
Bank of Baroda,University of St. Gallen,Swiss Confederation,Listed,As per bank list - https://bankofbaroda.bank.in/personal-banking/loans/education-loan/-/media/Project/BOB/CountryWebsites/India/pdfs/management-course-new.pdf ,Management
Bank of Baroda,IMD Business School,Swiss Confederation,Listed,As per bank list - https://bankofbaroda.bank.in/personal-banking/loans/education-loan/-/media/Project/BOB/CountryWebsites/India/pdfs/management-course-new.pdf ,Management
Bank of Baroda,University of Navarra,Spain,Listed,As per bank list - https://bankofbaroda.bank.in/personal-banking/loans/education-loan/-/media/Project/BOB/CountryWebsites/India/pdfs/management-course-new.pdf ,Management
Bank of Baroda,IE University,Spain,Listed,As per bank list - https://bankofbaroda.bank.in/personal-banking/loans/education-loan/-/media/Project/BOB/CountryWebsites/India/pdfs/management-course-new.pdf ,Management
Bank of Baroda,Ramon Llull University,Spain,Listed,As per bank list - https://bankofbaroda.bank.in/personal-banking/loans/education-loan/-/media/Project/BOB/CountryWebsites/India/pdfs/management-course-new.pdf ,Management
Bank of Baroda,Sungkyunkwan University GSB,South Korea,Listed,As per bank list - https://bankofbaroda.bank.in/personal-banking/loans/education-loan/-/media/Project/BOB/CountryWebsites/India/pdfs/management-course-new.pdf ,Management
Bank of Baroda,National University of Singapore,Singapore,Listed,As per bank list - https://bankofbaroda.bank.in/personal-banking/loans/education-loan/-/media/Project/BOB/CountryWebsites/India/pdfs/management-course-new.pdf ,Management
Bank of Baroda,Nanyang Technological University,Singapore,Listed,As per bank list - https://bankofbaroda.bank.in/personal-banking/loans/education-loan/-/media/Project/BOB/CountryWebsites/India/pdfs/management-course-new.pdf ,Management
Bank of Baroda,The Lisbon MBA,Portugal,Listed,As per bank list - https://bankofbaroda.bank.in/personal-banking/loans/education-loan/-/media/Project/BOB/CountryWebsites/India/pdfs/management-course-new.pdf ,Management
Bank of Baroda,Erasmus University Rotterdam,Netherlands,Listed,As per bank list - https://bankofbaroda.bank.in/personal-banking/loans/education-loan/-/media/Project/BOB/CountryWebsites/India/pdfs/management-course-new.pdf ,Management
Bank of Baroda,Bocconi University,Italy,Listed,As per bank list - https://bankofbaroda.bank.in/personal-banking/loans/education-loan/-/media/Project/BOB/CountryWebsites/India/pdfs/management-course-new.pdf ,Management
Bank of Baroda,University College Dublin,Ireland,Listed,As per bank list - https://bankofbaroda.bank.in/personal-banking/loans/education-loan/-/media/Project/BOB/CountryWebsites/India/pdfs/management-course-new.pdf ,Management
Bank of Baroda,Hong Kong University of Science and Technology,China,Listed,As per bank list - https://bankofbaroda.bank.in/personal-banking/loans/education-loan/-/media/Project/BOB/CountryWebsites/India/pdfs/management-course-new.pdf ,Management
Bank of Baroda,Chinese University of Hong Kong,China,Listed,As per bank list - https://bankofbaroda.bank.in/personal-banking/loans/education-loan/-/media/Project/BOB/CountryWebsites/India/pdfs/management-course-new.pdf ,Management
Bank of Baroda,University of Hong Kong,China,Listed,As per bank list - https://bankofbaroda.bank.in/personal-banking/loans/education-loan/-/media/Project/BOB/CountryWebsites/India/pdfs/management-course-new.pdf ,Management
Bank of Baroda,Technical University of Munich,Germany,Listed,As per bank list - https://bankofbaroda.bank.in/personal-banking/loans/education-loan/-/media/Project/BOB/CountryWebsites/India/pdfs/management-course-new.pdf ,Management
Bank of Baroda,Mannheim Business School,Germany,Listed,As per bank list - https://bankofbaroda.bank.in/personal-banking/loans/education-loan/-/media/Project/BOB/CountryWebsites/India/pdfs/management-course-new.pdf ,Management
Bank of Baroda,Freie Universitat Berlin,Germany,Listed,As per bank list - https://bankofbaroda.bank.in/personal-banking/loans/education-loan/-/media/Project/BOB/CountryWebsites/India/pdfs/management-course-new.pdf ,Management
Bank of Baroda,University of Freiburg,Germany,Listed,As per bank list - https://bankofbaroda.bank.in/personal-banking/loans/education-loan/-/media/Project/BOB/CountryWebsites/India/pdfs/management-course-new.pdf ,Management
Bank of Baroda,Goethe University Frankfurt,Germany,Listed,As per bank list - https://bankofbaroda.bank.in/personal-banking/loans/education-loan/-/media/Project/BOB/CountryWebsites/India/pdfs/management-course-new.pdf ,Management
Bank of Baroda,ESMT Berlin,Germany,Listed,As per bank list - https://bankofbaroda.bank.in/personal-banking/loans/education-loan/-/media/Project/BOB/CountryWebsites/India/pdfs/management-course-new.pdf ,Management
Bank of Baroda,Humboldt-Universitat zu Berlin,Germany,Listed,As per bank list - https://bankofbaroda.bank.in/personal-banking/loans/education-loan/-/media/Project/BOB/CountryWebsites/India/pdfs/management-course-new.pdf ,Management
Bank of Baroda,RWTH Aachen University,Germany,Listed,As per bank list - https://bankofbaroda.bank.in/personal-banking/loans/education-loan/-/media/Project/BOB/CountryWebsites/India/pdfs/management-course-new.pdf ,Management
Bank of Baroda,INSEAD,France,Listed,As per bank list - https://bankofbaroda.bank.in/personal-banking/loans/education-loan/-/media/Project/BOB/CountryWebsites/India/pdfs/management-course-new.pdf ,Management
Bank of Baroda,HEC Paris,France,Listed,As per bank list - https://bankofbaroda.bank.in/personal-banking/loans/education-loan/-/media/Project/BOB/CountryWebsites/India/pdfs/management-course-new.pdf ,Management
Bank of Baroda,Edhec Business School,France,Listed,As per bank list - https://bankofbaroda.bank.in/personal-banking/loans/education-loan/-/media/Project/BOB/CountryWebsites/India/pdfs/management-course-new.pdf ,Management
Bank of Baroda,Grenoble Ecole de Management,France,Listed,As per bank list - https://bankofbaroda.bank.in/personal-banking/loans/education-loan/-/media/Project/BOB/CountryWebsites/India/pdfs/management-course-new.pdf ,Management
Bank of Baroda,Peking University,China,Listed,As per bank list - https://bankofbaroda.bank.in/personal-banking/loans/education-loan/-/media/Project/BOB/CountryWebsites/India/pdfs/management-course-new.pdf ,Management
Bank of Baroda,Shanghai Jiao Tong University,China,Listed,As per bank list - https://bankofbaroda.bank.in/personal-banking/loans/education-loan/-/media/Project/BOB/CountryWebsites/India/pdfs/management-course-new.pdf ,Management
Bank of Baroda,China Europe International Business School,China,Listed,As per bank list - https://bankofbaroda.bank.in/personal-banking/loans/education-loan/-/media/Project/BOB/CountryWebsites/India/pdfs/management-course-new.pdf ,Management
Bank of Baroda,University of Toronto,Canada,Listed,As per bank list - https://bankofbaroda.bank.in/personal-banking/loans/education-loan/-/media/Project/BOB/CountryWebsites/India/pdfs/management-course-new.pdf ,Management
Bank of Baroda,University of British Columbia,Canada,Listed,As per bank list - https://bankofbaroda.bank.in/personal-banking/loans/education-loan/-/media/Project/BOB/CountryWebsites/India/pdfs/management-course-new.pdf ,Management
Bank of Baroda,University of Alberta,Canada,Listed,As per bank list - https://bankofbaroda.bank.in/personal-banking/loans/education-loan/-/media/Project/BOB/CountryWebsites/India/pdfs/management-course-new.pdf ,Management
Bank of Baroda,York University,Canada,Listed,As per bank list - https://bankofbaroda.bank.in/personal-banking/loans/education-loan/-/media/Project/BOB/CountryWebsites/India/pdfs/management-course-new.pdf ,Management
Bank of Baroda,Western University,Canada,Listed,As per bank list - https://bankofbaroda.bank.in/personal-banking/loans/education-loan/-/media/Project/BOB/CountryWebsites/India/pdfs/management-course-new.pdf ,Management
Bank of Baroda,McGill University,Canada,Listed,As per bank list - https://bankofbaroda.bank.in/personal-banking/loans/education-loan/-/media/Project/BOB/CountryWebsites/India/pdfs/management-course-new.pdf ,Management
Bank of Baroda,McMaster University,Canada,Listed,As per bank list - https://bankofbaroda.bank.in/personal-banking/loans/education-loan/-/media/Project/BOB/CountryWebsites/India/pdfs/management-course-new.pdf ,Management
Bank of Baroda,University of Montreal,Canada,Listed,As per bank list - https://bankofbaroda.bank.in/personal-banking/loans/education-loan/-/media/Project/BOB/CountryWebsites/India/pdfs/management-course-new.pdf ,Management
Bank of Baroda,University of Calgary,Canada,Listed,As per bank list - https://bankofbaroda.bank.in/personal-banking/loans/education-loan/-/media/Project/BOB/CountryWebsites/India/pdfs/management-course-new.pdf ,Management
Bank of Baroda,Queens University,Canada,Listed,As per bank list - https://bankofbaroda.bank.in/personal-banking/loans/education-loan/-/media/Project/BOB/CountryWebsites/India/pdfs/management-course-new.pdf ,Management
Bank of Baroda,KU Leuven,Belgium,Listed,As per bank list - https://bankofbaroda.bank.in/personal-banking/loans/education-loan/-/media/Project/BOB/CountryWebsites/India/pdfs/management-course-new.pdf ,Management
Bank of Baroda,Ghent University,Belgium,Listed,As per bank list - https://bankofbaroda.bank.in/personal-banking/loans/education-loan/-/media/Project/BOB/CountryWebsites/India/pdfs/management-course-new.pdf ,Management
Bank of Baroda,University of Melbourne,Australia,Listed,As per bank list - https://bankofbaroda.bank.in/personal-banking/loans/education-loan/-/media/Project/BOB/CountryWebsites/India/pdfs/management-course-new.pdf ,Management
Bank of Baroda,Monash University,Australia,Listed,As per bank list - https://bankofbaroda.bank.in/personal-banking/loans/education-loan/-/media/Project/BOB/CountryWebsites/India/pdfs/management-course-new.pdf ,Management
Bank of Baroda,University of New South Wales,Australia,Listed,As per bank list - https://bankofbaroda.bank.in/personal-banking/loans/education-loan/-/media/Project/BOB/CountryWebsites/India/pdfs/management-course-new.pdf ,Management
Bank of Baroda,University of Sydney,Australia,Listed,As per bank list - https://bankofbaroda.bank.in/personal-banking/loans/education-loan/-/media/Project/BOB/CountryWebsites/India/pdfs/management-course-new.pdf ,Management
Bank of Baroda,University of Queensland,Australia,Listed,As per bank list - https://bankofbaroda.bank.in/personal-banking/loans/education-loan/-/media/Project/BOB/CountryWebsites/India/pdfs/management-course-new.pdf ,Management
Bank of Baroda,Australian National University,Australia,Listed,As per bank list - https://bankofbaroda.bank.in/personal-banking/loans/education-loan/-/media/Project/BOB/CountryWebsites/India/pdfs/management-course-new.pdf ,Management
Bank of Baroda,University of Western Australia,Australia,Listed,As per bank list - https://bankofbaroda.bank.in/personal-banking/loans/education-loan/-/media/Project/BOB/CountryWebsites/India/pdfs/management-course-new.pdf ,Management
Bank of Baroda,University of Adelaide,Australia,Listed,As per bank list - https://bankofbaroda.bank.in/personal-banking/loans/education-loan/-/media/Project/BOB/CountryWebsites/India/pdfs/management-course-new.pdf ,Management
Bank of Baroda,James Cook University,Australia,Listed,As per bank list - https://bankofbaroda.bank.in/personal-banking/loans/education-loan/-/media/Project/BOB/CountryWebsites/India/pdfs/management-course-new.pdf ,Management
Bank of Baroda,Macquarie University,Australia,Listed,As per bank list - https://bankofbaroda.bank.in/personal-banking/loans/education-loan/-/media/Project/BOB/CountryWebsites/India/pdfs/management-course-new.pdf ,Management
Bank of Baroda,University of New South Wales,Australia,Listed,As per bank list - https://bankofbaroda.bank.in/personal-banking/loans/education-loan/-/media/Project/BOB/CountryWebsites/India/pdfs/management-course-new.pdf ,Management
Bank of Baroda,Stanford University,United States of America,Listed,As per bank list - https://bankofbaroda.bank.in/personal-banking/loans/education-loan/-/media/Project/BOB/CountryWebsites/India/pdfs2/2023/23-12/STEM-Courses-new.pdf ,STEM
Bank of Baroda,California Institute of Technology,United States of America,Listed,As per bank list - https://bankofbaroda.bank.in/personal-banking/loans/education-loan/-/media/Project/BOB/CountryWebsites/India/pdfs2/2023/23-12/STEM-Courses-new.pdf ,STEM
Bank of Baroda,Massachusetts Institute of Technology,United States of America,Listed,As per bank list - https://bankofbaroda.bank.in/personal-banking/loans/education-loan/-/media/Project/BOB/CountryWebsites/India/pdfs2/2023/23-12/STEM-Courses-new.pdf ,STEM
Bank of Baroda,Princeton University,United States of America,Listed,As per bank list - https://bankofbaroda.bank.in/personal-banking/loans/education-loan/-/media/Project/BOB/CountryWebsites/India/pdfs2/2023/23-12/STEM-Courses-new.pdf ,STEM
Bank of Baroda,Georgia Institute of Technology,United States of America,Listed,As per bank list - https://bankofbaroda.bank.in/personal-banking/loans/education-loan/-/media/Project/BOB/CountryWebsites/India/pdfs2/2023/23-12/STEM-Courses-new.pdf ,STEM
Bank of Baroda,Carnegie Mellon University,United States of America,Listed,As per bank list - https://bankofbaroda.bank.in/personal-banking/loans/education-loan/-/media/Project/BOB/CountryWebsites/India/pdfs2/2023/23-12/STEM-Courses-new.pdf ,STEM
Bank of Baroda,"University of California, Berkeley",United States of America,Listed,As per bank list - https://bankofbaroda.bank.in/personal-banking/loans/education-loan/-/media/Project/BOB/CountryWebsites/India/pdfs2/2023/23-12/STEM-Courses-new.pdf ,STEM
Bank of Baroda,University of Illinois at Urbana-Champaign,United States of America,Listed,As per bank list - https://bankofbaroda.bank.in/personal-banking/loans/education-loan/-/media/Project/BOB/CountryWebsites/India/pdfs2/2023/23-12/STEM-Courses-new.pdf ,STEM
Bank of Baroda,University of Michigan,United States of America,Listed,As per bank list - https://bankofbaroda.bank.in/personal-banking/loans/education-loan/-/media/Project/BOB/CountryWebsites/India/pdfs2/2023/23-12/STEM-Courses-new.pdf ,STEM
Bank of Baroda,Cornell University,United States of America,Listed,As per bank list - https://bankofbaroda.bank.in/personal-banking/loans/education-loan/-/media/Project/BOB/CountryWebsites/India/pdfs2/2023/23-12/STEM-Courses-new.pdf ,STEM
Bank of Baroda,Northwestern University,United States of America,Listed,As per bank list - https://bankofbaroda.bank.in/personal-banking/loans/education-loan/-/media/Project/BOB/CountryWebsites/India/pdfs2/2023/23-12/STEM-Courses-new.pdf ,STEM
Bank of Baroda,Purdue University West Lafayette,United States of America,Listed,As per bank list - https://bankofbaroda.bank.in/personal-banking/loans/education-loan/-/media/Project/BOB/CountryWebsites/India/pdfs2/2023/23-12/STEM-Courses-new.pdf ,STEM
Bank of Baroda,Columbia University (Fu Foundation),United States of America,Listed,As per bank list - https://bankofbaroda.bank.in/personal-banking/loans/education-loan/-/media/Project/BOB/CountryWebsites/India/pdfs2/2023/23-12/STEM-Courses-new.pdf ,STEM
Bank of Baroda,University of Texas at Austin,United States of America,Listed,As per bank list - https://bankofbaroda.bank.in/personal-banking/loans/education-loan/-/media/Project/BOB/CountryWebsites/India/pdfs2/2023/23-12/STEM-Courses-new.pdf ,STEM
Bank of Baroda,University of Texas at Austin,United States of America,Listed,As per bank list - https://bankofbaroda.bank.in/personal-banking/loans/education-loan/-/media/Project/BOB/CountryWebsites/India/pdfs2/2023/23-12/STEM-Courses-new.pdf ,STEM
Bank of Baroda,Harvard University,United States of America,Listed,As per bank list - https://bankofbaroda.bank.in/personal-banking/loans/education-loan/-/media/Project/BOB/CountryWebsites/India/pdfs2/2023/23-12/STEM-Courses-new.pdf ,STEM
Bank of Baroda,"University of California, Santa Barbara",United States of America,Listed,As per bank list - https://bankofbaroda.bank.in/personal-banking/loans/education-loan/-/media/Project/BOB/CountryWebsites/India/pdfs2/2023/23-12/STEM-Courses-new.pdf ,STEM
Bank of Baroda,"University of California, San Diego",United States of America,Listed,As per bank list - https://bankofbaroda.bank.in/personal-banking/loans/education-loan/-/media/Project/BOB/CountryWebsites/India/pdfs2/2023/23-12/STEM-Courses-new.pdf ,STEM
Bank of Baroda,Johns Hopkins University,United States of America,Listed,As per bank list - https://bankofbaroda.bank.in/personal-banking/loans/education-loan/-/media/Project/BOB/CountryWebsites/India/pdfs2/2023/23-12/STEM-Courses-new.pdf ,STEM
Bank of Baroda,University of Wisconsin-Madison,United States of America,Listed,As per bank list - https://bankofbaroda.bank.in/personal-banking/loans/education-loan/-/media/Project/BOB/CountryWebsites/India/pdfs2/2023/23-12/STEM-Courses-new.pdf ,STEM
Bank of Baroda,University of Washington,United States of America,Listed,As per bank list - https://bankofbaroda.bank.in/personal-banking/loans/education-loan/-/media/Project/BOB/CountryWebsites/India/pdfs2/2023/23-12/STEM-Courses-new.pdf ,STEM
Bank of Baroda,Rice University,United States of America,Listed,As per bank list - https://bankofbaroda.bank.in/personal-banking/loans/education-loan/-/media/Project/BOB/CountryWebsites/India/pdfs2/2023/23-12/STEM-Courses-new.pdf ,STEM
Bank of Baroda,Ohio State University,United States of America,Listed,As per bank list - https://bankofbaroda.bank.in/personal-banking/loans/education-loan/-/media/Project/BOB/CountryWebsites/India/pdfs2/2023/23-12/STEM-Courses-new.pdf ,STEM
Bank of Baroda,Pennsylvania State University University Park,United States of America,Listed,As per bank list - https://bankofbaroda.bank.in/personal-banking/loans/education-loan/-/media/Project/BOB/CountryWebsites/India/pdfs2/2023/23-12/STEM-Courses-new.pdf ,STEM
Bank of Baroda,Texas A&M University College Station,United States of America,Listed,As per bank list - https://bankofbaroda.bank.in/personal-banking/loans/education-loan/-/media/Project/BOB/CountryWebsites/India/pdfs2/2023/23-12/STEM-Courses-new.pdf ,STEM
Bank of Baroda,University of Southern California (Viterbi),United States of America,Listed,As per bank list - https://bankofbaroda.bank.in/personal-banking/loans/education-loan/-/media/Project/BOB/CountryWebsites/India/pdfs2/2023/23-12/STEM-Courses-new.pdf ,STEM
Bank of Baroda,"University of California, Davis",United States of America,Listed,As per bank list - https://bankofbaroda.bank.in/personal-banking/loans/education-loan/-/media/Project/BOB/CountryWebsites/India/pdfs2/2023/23-12/STEM-Courses-new.pdf ,STEM
Bank of Baroda,"University of Maryland, College Park",United States of America,Listed,As per bank list - https://bankofbaroda.bank.in/personal-banking/loans/education-loan/-/media/Project/BOB/CountryWebsites/India/pdfs2/2023/23-12/STEM-Courses-new.pdf ,STEM
Bank of Baroda,University of Minnesota Twin Cities,United States of America,Listed,As per bank list - https://bankofbaroda.bank.in/personal-banking/loans/education-loan/-/media/Project/BOB/CountryWebsites/India/pdfs2/2023/23-12/STEM-Courses-new.pdf ,STEM
Bank of Baroda,Virginia Polytechnic Institute and State University,United States of America,Listed,As per bank list - https://bankofbaroda.bank.in/personal-banking/loans/education-loan/-/media/Project/BOB/CountryWebsites/India/pdfs2/2023/23-12/STEM-Courses-new.pdf ,STEM
Bank of Baroda,University of Colorado Boulder,United States of America,Listed,As per bank list - https://bankofbaroda.bank.in/personal-banking/loans/education-loan/-/media/Project/BOB/CountryWebsites/India/pdfs2/2023/23-12/STEM-Courses-new.pdf ,STEM
Bank of Baroda,North Carolina State University,United States of America,Listed,As per bank list - https://bankofbaroda.bank.in/personal-banking/loans/education-loan/-/media/Project/BOB/CountryWebsites/India/pdfs2/2023/23-12/STEM-Courses-new.pdf ,STEM
Bank of Baroda,"University of California, Irvine",United States of America,Listed,As per bank list - https://bankofbaroda.bank.in/personal-banking/loans/education-loan/-/media/Project/BOB/CountryWebsites/India/pdfs2/2023/23-12/STEM-Courses-new.pdf ,STEM
Bank of Baroda,University of Florida,United States of America,Listed,As per bank list - https://bankofbaroda.bank.in/personal-banking/loans/education-loan/-/media/Project/BOB/CountryWebsites/India/pdfs2/2023/23-12/STEM-Courses-new.pdf ,STEM
Bank of Baroda,Arizona State University,United States of America,Listed,As per bank list - https://bankofbaroda.bank.in/personal-banking/loans/education-loan/-/media/Project/BOB/CountryWebsites/India/pdfs2/2023/23-12/STEM-Courses-new.pdf ,STEM
Bank of Baroda,Michigan State University,United States of America,Listed,As per bank list - https://bankofbaroda.bank.in/personal-banking/loans/education-loan/-/media/Project/BOB/CountryWebsites/India/pdfs2/2023/23-12/STEM-Courses-new.pdf ,STEM
Bank of Baroda,"University of California, Riverside",United States of America,Listed,As per bank list - https://bankofbaroda.bank.in/personal-banking/loans/education-loan/-/media/Project/BOB/CountryWebsites/India/pdfs2/2023/23-12/STEM-Courses-new.pdf ,STEM
Bank of Baroda,University of Notre Dame,United States of America,Listed,As per bank list - https://bankofbaroda.bank.in/personal-banking/loans/education-loan/-/media/Project/BOB/CountryWebsites/India/pdfs2/2023/23-12/STEM-Courses-new.pdf ,STEM
Bank of Baroda,University of Massachusetts Amherst,United States of America,Listed,As per bank list - https://bankofbaroda.bank.in/personal-banking/loans/education-loan/-/media/Project/BOB/CountryWebsites/India/pdfs2/2023/23-12/STEM-Courses-new.pdf ,STEM
Bank of Baroda,Case Western Reserve University,United States of America,Listed,As per bank list - https://bankofbaroda.bank.in/personal-banking/loans/education-loan/-/media/Project/BOB/CountryWebsites/India/pdfs2/2023/23-12/STEM-Courses-new.pdf ,STEM
Bank of Baroda,University of Virginia,United States of America,Listed,As per bank list - https://bankofbaroda.bank.in/personal-banking/loans/education-loan/-/media/Project/BOB/CountryWebsites/India/pdfs2/2023/23-12/STEM-Courses-new.pdf ,STEM
Bank of Baroda,"University of California, Santa Cruz",United States of America,Listed,As per bank list - https://bankofbaroda.bank.in/personal-banking/loans/education-loan/-/media/Project/BOB/CountryWebsites/India/pdfs2/2023/23-12/STEM-Courses-new.pdf ,STEM
Bank of Baroda,Boston University,United States of America,Listed,As per bank list - https://bankofbaroda.bank.in/personal-banking/loans/education-loan/-/media/Project/BOB/CountryWebsites/India/pdfs2/2023/23-12/STEM-Courses-new.pdf ,STEM
Bank of Baroda,Colorado School of Mines,United States of America,Listed,As per bank list - https://bankofbaroda.bank.in/personal-banking/loans/education-loan/-/media/Project/BOB/CountryWebsites/India/pdfs2/2023/23-12/STEM-Courses-new.pdf ,STEM
Bank of Baroda,"Rutgers, the State University of New Jersey",United States of America,Listed,As per bank list - https://bankofbaroda.bank.in/personal-banking/loans/education-loan/-/media/Project/BOB/CountryWebsites/India/pdfs2/2023/23-12/STEM-Courses-new.pdf ,STEM
Bank of Baroda,Florida State University,United States of America,Listed,As per bank list - https://bankofbaroda.bank.in/personal-banking/loans/education-loan/-/media/Project/BOB/CountryWebsites/India/pdfs2/2023/23-12/STEM-Courses-new.pdf ,STEM
Bank of Baroda,"The University of Tennessee, Knoxville",United States of America,Listed,As per bank list - https://bankofbaroda.bank.in/personal-banking/loans/education-loan/-/media/Project/BOB/CountryWebsites/India/pdfs2/2023/23-12/STEM-Courses-new.pdf ,STEM
Bank of Baroda,University of Texas Dallas,United States of America,Listed,As per bank list - https://bankofbaroda.bank.in/personal-banking/loans/education-loan/-/media/Project/BOB/CountryWebsites/India/pdfs2/2023/23-12/STEM-Courses-new.pdf ,STEM
Bank of Baroda,"Binghamton University, State University of New York",United States of America,Listed,As per bank list - https://bankofbaroda.bank.in/personal-banking/loans/education-loan/-/media/Project/BOB/CountryWebsites/India/pdfs2/2023/23-12/STEM-Courses-new.pdf ,STEM
Bank of Baroda,Rensselaer Polytechnic Institute,United States of America,Listed,As per bank list - https://bankofbaroda.bank.in/personal-banking/loans/education-loan/-/media/Project/BOB/CountryWebsites/India/pdfs2/2023/23-12/STEM-Courses-new.pdf ,STEM
Bank of Baroda,University at Buffalo,United States of America,Listed,As per bank list - https://bankofbaroda.bank.in/personal-banking/loans/education-loan/-/media/Project/BOB/CountryWebsites/India/pdfs2/2023/23-12/STEM-Courses-new.pdf ,STEM
Bank of Baroda,Northeastern University,United States of America,Listed,As per bank list - https://bankofbaroda.bank.in/personal-banking/loans/education-loan/-/media/Project/BOB/CountryWebsites/India/pdfs2/2023/23-12/STEM-Courses-new.pdf ,STEM
Bank of Baroda,University of Connecticut,United States of America,Listed,As per bank list - https://bankofbaroda.bank.in/personal-banking/loans/education-loan/-/media/Project/BOB/CountryWebsites/India/pdfs2/2023/23-12/STEM-Courses-new.pdf ,STEM
Bank of Baroda,Drexel University,United States of America,Listed,As per bank list - https://bankofbaroda.bank.in/personal-banking/loans/education-loan/-/media/Project/BOB/CountryWebsites/India/pdfs2/2023/23-12/STEM-Courses-new.pdf ,STEM
Bank of Baroda,The University of Arizona,United States of America,Listed,As per bank list - https://bankofbaroda.bank.in/personal-banking/loans/education-loan/-/media/Project/BOB/CountryWebsites/India/pdfs2/2023/23-12/STEM-Courses-new.pdf ,STEM
Bank of Baroda,Florida International University,United States of America,Listed,As per bank list - https://bankofbaroda.bank.in/personal-banking/loans/education-loan/-/media/Project/BOB/CountryWebsites/India/pdfs2/2023/23-12/STEM-Courses-new.pdf ,STEM
Bank of Baroda,George Washington University,United States of America,Listed,As per bank list - https://bankofbaroda.bank.in/personal-banking/loans/education-loan/-/media/Project/BOB/CountryWebsites/India/pdfs2/2023/23-12/STEM-Courses-new.pdf ,STEM
Bank of Baroda,University of Hawaii at Manoa,United States of America,Listed,As per bank list - https://bankofbaroda.bank.in/personal-banking/loans/education-loan/-/media/Project/BOB/CountryWebsites/India/pdfs2/2023/23-12/STEM-Courses-new.pdf ,STEM
Bank of Baroda,University of Houston,United States of America,Listed,As per bank list - https://bankofbaroda.bank.in/personal-banking/loans/education-loan/-/media/Project/BOB/CountryWebsites/India/pdfs2/2023/23-12/STEM-Courses-new.pdf ,STEM
Bank of Baroda,University of Nebraska-Lincoln,United States of America,Listed,As per bank list - https://bankofbaroda.bank.in/personal-banking/loans/education-loan/-/media/Project/BOB/CountryWebsites/India/pdfs2/2023/23-12/STEM-Courses-new.pdf ,STEM
Bank of Baroda,"University of Illinois, Chicago (UIC)",United States of America,Listed,As per bank list - https://bankofbaroda.bank.in/personal-banking/loans/education-loan/-/media/Project/BOB/CountryWebsites/India/pdfs2/2023/23-12/STEM-Courses-new.pdf ,STEM
Bank of Baroda,University of South Carolina,United States of America,Listed,As per bank list - https://bankofbaroda.bank.in/personal-banking/loans/education-loan/-/media/Project/BOB/CountryWebsites/India/pdfs2/2023/23-12/STEM-Courses-new.pdf ,STEM
Bank of Baroda,University of South Florida,United States of America,Listed,As per bank list - https://bankofbaroda.bank.in/personal-banking/loans/education-loan/-/media/Project/BOB/CountryWebsites/India/pdfs2/2023/23-12/STEM-Courses-new.pdf ,STEM
Bank of Baroda,Stony Brook University,United States of America,Listed,As per bank list - https://bankofbaroda.bank.in/personal-banking/loans/education-loan/-/media/Project/BOB/CountryWebsites/India/pdfs2/2023/23-12/STEM-Courses-new.pdf ,STEM
Bank of Baroda,University of Tulsa,United States of America,Listed,As per bank list - https://bankofbaroda.bank.in/personal-banking/loans/education-loan/-/media/Project/BOB/CountryWebsites/India/pdfs2/2023/23-12/STEM-Courses-new.pdf ,STEM
Bank of Baroda,University of Utah,United States of America,Listed,As per bank list - https://bankofbaroda.bank.in/personal-banking/loans/education-loan/-/media/Project/BOB/CountryWebsites/India/pdfs2/2023/23-12/STEM-Courses-new.pdf ,STEM
Bank of Baroda,Washington University in St. Louis,United States of America,Listed,As per bank list - https://bankofbaroda.bank.in/personal-banking/loans/education-loan/-/media/Project/BOB/CountryWebsites/India/pdfs2/2023/23-12/STEM-Courses-new.pdf ,STEM
Bank of Baroda,University of Iowa,United States of America,Listed,As per bank list - https://bankofbaroda.bank.in/personal-banking/loans/education-loan/-/media/Project/BOB/CountryWebsites/India/pdfs2/2023/23-12/STEM-Courses-new.pdf ,STEM
Bank of Baroda,Syracuse University,United States of America,Listed,As per bank list - https://bankofbaroda.bank.in/personal-banking/loans/education-loan/-/media/Project/BOB/CountryWebsites/India/pdfs2/2023/23-12/STEM-Courses-new.pdf ,STEM
Bank of Baroda,Tufts University,United States of America,Listed,As per bank list - https://bankofbaroda.bank.in/personal-banking/loans/education-loan/-/media/Project/BOB/CountryWebsites/India/pdfs2/2023/23-12/STEM-Courses-new.pdf ,STEM
Bank of Baroda,Iowa State University,United States of America,Listed,As per bank list - https://bankofbaroda.bank.in/personal-banking/loans/education-loan/-/media/Project/BOB/CountryWebsites/India/pdfs2/2023/23-12/STEM-Courses-new.pdf ,STEM
Bank of Baroda,Wake Forest University,United States of America,Listed,As per bank list - https://bankofbaroda.bank.in/personal-banking/loans/education-loan/-/media/Project/BOB/CountryWebsites/India/pdfs2/2023/23-12/STEM-Courses-new.pdf ,STEM
Bank of Baroda,University of Wisconsin-Milwaukee,United States of America,Listed,As per bank list - https://bankofbaroda.bank.in/personal-banking/loans/education-loan/-/media/Project/BOB/CountryWebsites/India/pdfs2/2023/23-12/STEM-Courses-new.pdf ,STEM
Bank of Baroda,Washington State University,United States of America,Listed,As per bank list - https://bankofbaroda.bank.in/personal-banking/loans/education-loan/-/media/Project/BOB/CountryWebsites/India/pdfs2/2023/23-12/STEM-Courses-new.pdf ,STEM
Bank of Baroda,Colorado State University,United States of America,Listed,As per bank list - https://bankofbaroda.bank.in/personal-banking/loans/education-loan/-/media/Project/BOB/CountryWebsites/India/pdfs2/2023/23-12/STEM-Courses-new.pdf ,STEM
Bank of Baroda,University of Arkansas,United States of America,Listed,As per bank list - https://bankofbaroda.bank.in/personal-banking/loans/education-loan/-/media/Project/BOB/CountryWebsites/India/pdfs2/2023/23-12/STEM-Courses-new.pdf ,STEM
Bank of Baroda,University of Cincinnati,United States of America,Listed,As per bank list - https://bankofbaroda.bank.in/personal-banking/loans/education-loan/-/media/Project/BOB/CountryWebsites/India/pdfs2/2023/23-12/STEM-Courses-new.pdf ,STEM
Bank of Baroda,Lehigh University,United States of America,Listed,As per bank list - https://bankofbaroda.bank.in/personal-banking/loans/education-loan/-/media/Project/BOB/CountryWebsites/India/pdfs2/2023/23-12/STEM-Courses-new.pdf ,STEM
Bank of Baroda,George Mason University,United States of America,Listed,As per bank list - https://bankofbaroda.bank.in/personal-banking/loans/education-loan/-/media/Project/BOB/CountryWebsites/India/pdfs2/2023/23-12/STEM-Courses-new.pdf ,STEM
Bank of Baroda,Louisiana State University,United States of America,Listed,As per bank list - https://bankofbaroda.bank.in/personal-banking/loans/education-loan/-/media/Project/BOB/CountryWebsites/India/pdfs2/2023/23-12/STEM-Courses-new.pdf ,STEM
Bank of Baroda,University of Oklahoma,United States of America,Listed,As per bank list - https://bankofbaroda.bank.in/personal-banking/loans/education-loan/-/media/Project/BOB/CountryWebsites/India/pdfs2/2023/23-12/STEM-Courses-new.pdf ,STEM
Bank of Baroda,"University of Maryland, Baltimore County",United States of America,Listed,As per bank list - https://bankofbaroda.bank.in/personal-banking/loans/education-loan/-/media/Project/BOB/CountryWebsites/India/pdfs2/2023/23-12/STEM-Courses-new.pdf ,STEM
Bank of Baroda,Missouri University of Science and Technology,United States of America,Listed,As per bank list - https://bankofbaroda.bank.in/personal-banking/loans/education-loan/-/media/Project/BOB/CountryWebsites/India/pdfs2/2023/23-12/STEM-Courses-new.pdf ,STEM
Bank of Baroda,New Jersey Institute of Technology,United States of America,Listed,As per bank list - https://bankofbaroda.bank.in/personal-banking/loans/education-loan/-/media/Project/BOB/CountryWebsites/India/pdfs2/2023/23-12/STEM-Courses-new.pdf ,STEM
Bank of Baroda,New Mexico State University,United States of America,Listed,As per bank list - https://bankofbaroda.bank.in/personal-banking/loans/education-loan/-/media/Project/BOB/CountryWebsites/India/pdfs2/2023/23-12/STEM-Courses-new.pdf ,STEM
Bank of Baroda,Old Dominion University,United States of America,Listed,As per bank list - https://bankofbaroda.bank.in/personal-banking/loans/education-loan/-/media/Project/BOB/CountryWebsites/India/pdfs2/2023/23-12/STEM-Courses-new.pdf ,STEM
Bank of Baroda,Oregon State University,United States of America,Listed,As per bank list - https://bankofbaroda.bank.in/personal-banking/loans/education-loan/-/media/Project/BOB/CountryWebsites/India/pdfs2/2023/23-12/STEM-Courses-new.pdf ,STEM
Bank of Baroda,Stevens Institute of Technology,United States of America,Listed,As per bank list - https://bankofbaroda.bank.in/personal-banking/loans/education-loan/-/media/Project/BOB/CountryWebsites/India/pdfs2/2023/23-12/STEM-Courses-new.pdf ,STEM
Bank of Baroda,University of Texas at Arlington,United States of America,Listed,As per bank list - https://bankofbaroda.bank.in/personal-banking/loans/education-loan/-/media/Project/BOB/CountryWebsites/India/pdfs2/2023/23-12/STEM-Courses-new.pdf ,STEM
Bank of Baroda,University of Texas at San Antonio,United States of America,Listed,As per bank list - https://bankofbaroda.bank.in/personal-banking/loans/education-loan/-/media/Project/BOB/CountryWebsites/India/pdfs2/2023/23-12/STEM-Courses-new.pdf ,STEM
Bank of Baroda,Texas Tech University,United States of America,Listed,As per bank list - https://bankofbaroda.bank.in/personal-banking/loans/education-loan/-/media/Project/BOB/CountryWebsites/India/pdfs2/2023/23-12/STEM-Courses-new.pdf ,STEM
Bank of Baroda,University of Toledo,United States of America,Listed,As per bank list - https://bankofbaroda.bank.in/personal-banking/loans/education-loan/-/media/Project/BOB/CountryWebsites/India/pdfs2/2023/23-12/STEM-Courses-new.pdf ,STEM
Bank of Baroda,University of Alabama,United States of America,Listed,As per bank list - https://bankofbaroda.bank.in/personal-banking/loans/education-loan/-/media/Project/BOB/CountryWebsites/India/pdfs2/2023/23-12/STEM-Courses-new.pdf ,STEM
Bank of Baroda,University of Alabama at Birmingham,United States of America,Listed,As per bank list - https://bankofbaroda.bank.in/personal-banking/loans/education-loan/-/media/Project/BOB/CountryWebsites/India/pdfs2/2023/23-12/STEM-Courses-new.pdf ,STEM
Bank of Baroda,Auburn University,United States of America,Listed,As per bank list - https://bankofbaroda.bank.in/personal-banking/loans/education-loan/-/media/Project/BOB/CountryWebsites/India/pdfs2/2023/23-12/STEM-Courses-new.pdf ,STEM
Bank of Baroda,Marquette University,United States of America,Listed,As per bank list - https://bankofbaroda.bank.in/personal-banking/loans/education-loan/-/media/Project/BOB/CountryWebsites/India/pdfs2/2023/23-12/STEM-Courses-new.pdf ,STEM
Bank of Baroda,Mississippi State University,United States of America,Listed,As per bank list - https://bankofbaroda.bank.in/personal-banking/loans/education-loan/-/media/Project/BOB/CountryWebsites/India/pdfs2/2023/23-12/STEM-Courses-new.pdf ,STEM
Bank of Baroda,University of Missouri,United States of America,Listed,As per bank list - https://bankofbaroda.bank.in/personal-banking/loans/education-loan/-/media/Project/BOB/CountryWebsites/India/pdfs2/2023/23-12/STEM-Courses-new.pdf ,STEM
Bank of Baroda,San Diego State University,United States of America,Listed,As per bank list - https://bankofbaroda.bank.in/personal-banking/loans/education-loan/-/media/Project/BOB/CountryWebsites/India/pdfs2/2023/23-12/STEM-Courses-new.pdf ,STEM
Bank of Baroda,University of Texas at El Paso,United States of America,Listed,As per bank list - https://bankofbaroda.bank.in/personal-banking/loans/education-loan/-/media/Project/BOB/CountryWebsites/India/pdfs2/2023/23-12/STEM-Courses-new.pdf ,STEM
Bank of Baroda,Villanova University,United States of America,Listed,As per bank list - https://bankofbaroda.bank.in/personal-banking/loans/education-loan/-/media/Project/BOB/CountryWebsites/India/pdfs2/2023/23-12/STEM-Courses-new.pdf ,STEM
Bank of Baroda,Wayne State University,United States of America,Listed,As per bank list - https://bankofbaroda.bank.in/personal-banking/loans/education-loan/-/media/Project/BOB/CountryWebsites/India/pdfs2/2023/23-12/STEM-Courses-new.pdf ,STEM
Bank of Baroda,Baylor University,United States of America,Listed,As per bank list - https://bankofbaroda.bank.in/personal-banking/loans/education-loan/-/media/Project/BOB/CountryWebsites/India/pdfs2/2023/23-12/STEM-Courses-new.pdf ,STEM
Bank of Baroda,Brandeis University,United States of America,Listed,As per bank list - https://bankofbaroda.bank.in/personal-banking/loans/education-loan/-/media/Project/BOB/CountryWebsites/India/pdfs2/2023/23-12/STEM-Courses-new.pdf ,STEM
Bank of Baroda,California Institute of Technology,United States of America,Listed,As per bank list - https://bankofbaroda.bank.in/personal-banking/loans/education-loan/-/media/Project/BOB/CountryWebsites/India/pdfs2/2023/23-12/STEM-Courses-new.pdf ,STEM
Bank of Baroda,Case Western Reserve University,United States of America,Listed,As per bank list - https://bankofbaroda.bank.in/personal-banking/loans/education-loan/-/media/Project/BOB/CountryWebsites/India/pdfs2/2023/23-12/STEM-Courses-new.pdf ,STEM
Bank of Baroda,City University of New York,United States of America,Listed,As per bank list - https://bankofbaroda.bank.in/personal-banking/loans/education-loan/-/media/Project/BOB/CountryWebsites/India/pdfs2/2023/23-12/STEM-Courses-new.pdf ,STEM
Bank of Baroda,Dartmouth College,United States of America,Listed,As per bank list - https://bankofbaroda.bank.in/personal-banking/loans/education-loan/-/media/Project/BOB/CountryWebsites/India/pdfs2/2023/23-12/STEM-Courses-new.pdf ,STEM
Bank of Baroda,Duke University,United States of America,Listed,As per bank list - https://bankofbaroda.bank.in/personal-banking/loans/education-loan/-/media/Project/BOB/CountryWebsites/India/pdfs2/2023/23-12/STEM-Courses-new.pdf ,STEM
Bank of Baroda,Georgetown University,United States of America,Listed,As per bank list - https://bankofbaroda.bank.in/personal-banking/loans/education-loan/-/media/Project/BOB/CountryWebsites/India/pdfs2/2023/23-12/STEM-Courses-new.pdf ,STEM
Bank of Baroda,Illinois Institute of Technology,United States of America,Listed,As per bank list - https://bankofbaroda.bank.in/personal-banking/loans/education-loan/-/media/Project/BOB/CountryWebsites/India/pdfs2/2023/23-12/STEM-Courses-new.pdf ,STEM
Bank of Baroda,Indiana University Bloomington,United States of America,Listed,As per bank list - https://bankofbaroda.bank.in/personal-banking/loans/education-loan/-/media/Project/BOB/CountryWebsites/India/pdfs2/2023/23-12/STEM-Courses-new.pdf ,STEM
Bank of Baroda,Indiana University-Purdue University--Indianapolis,United States of America,Listed,As per bank list - https://bankofbaroda.bank.in/personal-banking/loans/education-loan/-/media/Project/BOB/CountryWebsites/India/pdfs2/2023/23-12/STEM-Courses-new.pdf ,STEM
Bank of Baroda,Kansas State University,United States of America,Listed,As per bank list - https://bankofbaroda.bank.in/personal-banking/loans/education-loan/-/media/Project/BOB/CountryWebsites/India/pdfs2/2023/23-12/STEM-Courses-new.pdf ,STEM
Bank of Baroda,Medical University of South Carolina,United States of America,Listed,As per bank list - https://bankofbaroda.bank.in/personal-banking/loans/education-loan/-/media/Project/BOB/CountryWebsites/India/pdfs2/2023/23-12/STEM-Courses-new.pdf ,STEM
Bank of Baroda,Michigan Technological University,United States of America,Listed,As per bank list - https://bankofbaroda.bank.in/personal-banking/loans/education-loan/-/media/Project/BOB/CountryWebsites/India/pdfs2/2023/23-12/STEM-Courses-new.pdf ,STEM
Bank of Baroda,New York University,United States of America,Listed,As per bank list - https://bankofbaroda.bank.in/personal-banking/loans/education-loan/-/media/Project/BOB/CountryWebsites/India/pdfs2/2023/23-12/STEM-Courses-new.pdf ,STEM
Bank of Baroda,Rutgers University - New Brunswick,United States of America,Listed,As per bank list - https://bankofbaroda.bank.in/personal-banking/loans/education-loan/-/media/Project/BOB/CountryWebsites/India/pdfs2/2023/23-12/STEM-Courses-new.pdf ,STEM
Bank of Baroda,Temple University,United States of America,Listed,As per bank list - https://bankofbaroda.bank.in/personal-banking/loans/education-loan/-/media/Project/BOB/CountryWebsites/India/pdfs2/2023/23-12/STEM-Courses-new.pdf ,STEM
Bank of Baroda,Thomas Jefferson University,United States of America,Listed,As per bank list - https://bankofbaroda.bank.in/personal-banking/loans/education-loan/-/media/Project/BOB/CountryWebsites/India/pdfs2/2023/23-12/STEM-Courses-new.pdf ,STEM
Bank of Baroda,Tie Syracuse University,United States of America,Listed,As per bank list - https://bankofbaroda.bank.in/personal-banking/loans/education-loan/-/media/Project/BOB/CountryWebsites/India/pdfs2/2023/23-12/STEM-Courses-new.pdf ,STEM
Bank of Baroda,University at Albany--SUNY,United States of America,Listed,As per bank list - https://bankofbaroda.bank.in/personal-banking/loans/education-loan/-/media/Project/BOB/CountryWebsites/India/pdfs2/2023/23-12/STEM-Courses-new.pdf ,STEM
Bank of Baroda,"University of California, Irvine",United States of America,Listed,As per bank list - https://bankofbaroda.bank.in/personal-banking/loans/education-loan/-/media/Project/BOB/CountryWebsites/India/pdfs2/2023/23-12/STEM-Courses-new.pdf ,STEM
Bank of Baroda,"University of California, Los Angeles",United States of America,Listed,As per bank list - https://bankofbaroda.bank.in/personal-banking/loans/education-loan/-/media/Project/BOB/CountryWebsites/India/pdfs2/2023/23-12/STEM-Courses-new.pdf ,STEM
Bank of Baroda,University of Central Florida,United States of America,Listed,As per bank list - https://bankofbaroda.bank.in/personal-banking/loans/education-loan/-/media/Project/BOB/CountryWebsites/India/pdfs2/2023/23-12/STEM-Courses-new.pdf ,STEM
Bank of Baroda,University of Chicago,United States of America,Listed,As per bank list - https://bankofbaroda.bank.in/personal-banking/loans/education-loan/-/media/Project/BOB/CountryWebsites/India/pdfs2/2023/23-12/STEM-Courses-new.pdf ,STEM
Bank of Baroda,University of Colorado Denver,United States of America,Listed,As per bank list - https://bankofbaroda.bank.in/personal-banking/loans/education-loan/-/media/Project/BOB/CountryWebsites/India/pdfs2/2023/23-12/STEM-Courses-new.pdf ,STEM
Bank of Baroda,University of Delaware,United States of America,Listed,As per bank list - https://bankofbaroda.bank.in/personal-banking/loans/education-loan/-/media/Project/BOB/CountryWebsites/India/pdfs2/2023/23-12/STEM-Courses-new.pdf ,STEM
Bank of Baroda,University of Georgia,United States of America,Listed,As per bank list - https://bankofbaroda.bank.in/personal-banking/loans/education-loan/-/media/Project/BOB/CountryWebsites/India/pdfs2/2023/23-12/STEM-Courses-new.pdf ,STEM
Bank of Baroda,University of Kansas,United States of America,Listed,As per bank list - https://bankofbaroda.bank.in/personal-banking/loans/education-loan/-/media/Project/BOB/CountryWebsites/India/pdfs2/2023/23-12/STEM-Courses-new.pdf ,STEM
Bank of Baroda,University of Kentucky,United States of America,Listed,As per bank list - https://bankofbaroda.bank.in/personal-banking/loans/education-loan/-/media/Project/BOB/CountryWebsites/India/pdfs2/2023/23-12/STEM-Courses-new.pdf ,STEM
Bank of Baroda,University of Massachusetts Amherst,United States of America,Listed,As per bank list - https://bankofbaroda.bank.in/personal-banking/loans/education-loan/-/media/Project/BOB/CountryWebsites/India/pdfs2/2023/23-12/STEM-Courses-new.pdf ,STEM
Bank of Baroda,University of New Mexico,United States of America,Listed,As per bank list - https://bankofbaroda.bank.in/personal-banking/loans/education-loan/-/media/Project/BOB/CountryWebsites/India/pdfs2/2023/23-12/STEM-Courses-new.pdf ,STEM
Bank of Baroda,University of Pennsylvania,United States of America,Listed,As per bank list - https://bankofbaroda.bank.in/personal-banking/loans/education-loan/-/media/Project/BOB/CountryWebsites/India/pdfs2/2023/23-12/STEM-Courses-new.pdf ,STEM
Bank of Baroda,University of Pittsburgh,United States of America,Listed,As per bank list - https://bankofbaroda.bank.in/personal-banking/loans/education-loan/-/media/Project/BOB/CountryWebsites/India/pdfs2/2023/23-12/STEM-Courses-new.pdf ,STEM
Bank of Baroda,University of Rochester,United States of America,Listed,As per bank list - https://bankofbaroda.bank.in/personal-banking/loans/education-loan/-/media/Project/BOB/CountryWebsites/India/pdfs2/2023/23-12/STEM-Courses-new.pdf ,STEM
Bank of Baroda,Vanderbilt University,United States of America,Listed,As per bank list - https://bankofbaroda.bank.in/personal-banking/loans/education-loan/-/media/Project/BOB/CountryWebsites/India/pdfs2/2023/23-12/STEM-Courses-new.pdf ,STEM
Bank of Baroda,Virginia Commonwealth University,United States of America,Listed,As per bank list - https://bankofbaroda.bank.in/personal-banking/loans/education-loan/-/media/Project/BOB/CountryWebsites/India/pdfs2/2023/23-12/STEM-Courses-new.pdf ,STEM
Bank of Baroda,Virginia Polytechnic Institute and State University,United States of America,Listed,As per bank list - https://bankofbaroda.bank.in/personal-banking/loans/education-loan/-/media/Project/BOB/CountryWebsites/India/pdfs2/2023/23-12/STEM-Courses-new.pdf ,STEM
Bank of Baroda,Yale University,United States of America,Listed,As per bank list - https://bankofbaroda.bank.in/personal-banking/loans/education-loan/-/media/Project/BOB/CountryWebsites/India/pdfs2/2023/23-12/STEM-Courses-new.pdf ,STEM
Bank of Baroda,Yeshiva University,United States of America,Listed,As per bank list - https://bankofbaroda.bank.in/personal-banking/loans/education-loan/-/media/Project/BOB/CountryWebsites/India/pdfs2/2023/23-12/STEM-Courses-new.pdf ,STEM
Bank of Baroda,Cardiff University,United Kingdom,Listed,As per bank list - https://bankofbaroda.bank.in/personal-banking/loans/education-loan/-/media/Project/BOB/CountryWebsites/India/pdfs2/2023/23-12/STEM-Courses-new.pdf ,STEM
Bank of Baroda,University of Bath,United Kingdom,Listed,As per bank list - https://bankofbaroda.bank.in/personal-banking/loans/education-loan/-/media/Project/BOB/CountryWebsites/India/pdfs2/2023/23-12/STEM-Courses-new.pdf ,STEM
Bank of Baroda,University of Glasgow,United Kingdom,Listed,As per bank list - https://bankofbaroda.bank.in/personal-banking/loans/education-loan/-/media/Project/BOB/CountryWebsites/India/pdfs2/2023/23-12/STEM-Courses-new.pdf ,STEM
Bank of Baroda,Cranfield University,United Kingdom,Listed,As per bank list - https://bankofbaroda.bank.in/personal-banking/loans/education-loan/-/media/Project/BOB/CountryWebsites/India/pdfs2/2023/23-12/STEM-Courses-new.pdf ,STEM
Bank of Baroda,Imperial College London,United Kingdom,Listed,As per bank list - https://bankofbaroda.bank.in/personal-banking/loans/education-loan/-/media/Project/BOB/CountryWebsites/India/pdfs2/2023/23-12/STEM-Courses-new.pdf ,STEM
Bank of Baroda,Kings College London,United Kingdom,Listed,As per bank list - https://bankofbaroda.bank.in/personal-banking/loans/education-loan/-/media/Project/BOB/CountryWebsites/India/pdfs2/2023/23-12/STEM-Courses-new.pdf ,STEM
Bank of Baroda,University of Edinburgh,United Kingdom,Listed,As per bank list - https://bankofbaroda.bank.in/personal-banking/loans/education-loan/-/media/Project/BOB/CountryWebsites/India/pdfs2/2023/23-12/STEM-Courses-new.pdf ,STEM
Bank of Baroda,University of Manchester,United Kingdom,Listed,As per bank list - https://bankofbaroda.bank.in/personal-banking/loans/education-loan/-/media/Project/BOB/CountryWebsites/India/pdfs2/2023/23-12/STEM-Courses-new.pdf ,STEM
Bank of Baroda,University of Nottingham,United Kingdom,Listed,As per bank list - https://bankofbaroda.bank.in/personal-banking/loans/education-loan/-/media/Project/BOB/CountryWebsites/India/pdfs2/2023/23-12/STEM-Courses-new.pdf ,STEM
Bank of Baroda,University of Sheffield,United Kingdom,Listed,As per bank list - https://bankofbaroda.bank.in/personal-banking/loans/education-loan/-/media/Project/BOB/CountryWebsites/India/pdfs2/2023/23-12/STEM-Courses-new.pdf ,STEM
Bank of Baroda,University of Warwick,United Kingdom,Listed,As per bank list - https://bankofbaroda.bank.in/personal-banking/loans/education-loan/-/media/Project/BOB/CountryWebsites/India/pdfs2/2023/23-12/STEM-Courses-new.pdf ,STEM
Bank of Baroda,University College London,United Kingdom,Listed,As per bank list - https://bankofbaroda.bank.in/personal-banking/loans/education-loan/-/media/Project/BOB/CountryWebsites/India/pdfs2/2023/23-12/STEM-Courses-new.pdf ,STEM
Bank of Baroda,University of Birmingham,United Kingdom,Listed,As per bank list - https://bankofbaroda.bank.in/personal-banking/loans/education-loan/-/media/Project/BOB/CountryWebsites/India/pdfs2/2023/23-12/STEM-Courses-new.pdf ,STEM
Bank of Baroda,University of Bristol,United Kingdom,Listed,As per bank list - https://bankofbaroda.bank.in/personal-banking/loans/education-loan/-/media/Project/BOB/CountryWebsites/India/pdfs2/2023/23-12/STEM-Courses-new.pdf ,STEM
Bank of Baroda,University of Cambridge,United Kingdom,Listed,As per bank list - https://bankofbaroda.bank.in/personal-banking/loans/education-loan/-/media/Project/BOB/CountryWebsites/India/pdfs2/2023/23-12/STEM-Courses-new.pdf ,STEM
Bank of Baroda,University of Leeds,United Kingdom,Listed,As per bank list - https://bankofbaroda.bank.in/personal-banking/loans/education-loan/-/media/Project/BOB/CountryWebsites/India/pdfs2/2023/23-12/STEM-Courses-new.pdf ,STEM
Bank of Baroda,University of Oxford,United Kingdom,Listed,As per bank list - https://bankofbaroda.bank.in/personal-banking/loans/education-loan/-/media/Project/BOB/CountryWebsites/India/pdfs2/2023/23-12/STEM-Courses-new.pdf ,STEM
Bank of Baroda,University of Southampton,United Kingdom,Listed,As per bank list - https://bankofbaroda.bank.in/personal-banking/loans/education-loan/-/media/Project/BOB/CountryWebsites/India/pdfs2/2023/23-12/STEM-Courses-new.pdf ,STEM
Bank of Baroda,Durham University,United Kingdom,Listed,As per bank list - https://bankofbaroda.bank.in/personal-banking/loans/education-loan/-/media/Project/BOB/CountryWebsites/India/pdfs2/2023/23-12/STEM-Courses-new.pdf ,STEM
Bank of Baroda,Queen Mary University of London,United Kingdom,Listed,As per bank list - https://bankofbaroda.bank.in/personal-banking/loans/education-loan/-/media/Project/BOB/CountryWebsites/India/pdfs2/2023/23-12/STEM-Courses-new.pdf ,STEM
Bank of Baroda,University of Exeter,United Kingdom,Listed,As per bank list - https://bankofbaroda.bank.in/personal-banking/loans/education-loan/-/media/Project/BOB/CountryWebsites/India/pdfs2/2023/23-12/STEM-Courses-new.pdf ,STEM
Bank of Baroda,Lancaster University,United Kingdom,Listed,As per bank list - https://bankofbaroda.bank.in/personal-banking/loans/education-loan/-/media/Project/BOB/CountryWebsites/India/pdfs2/2023/23-12/STEM-Courses-new.pdf ,STEM
Bank of Baroda,University of Leicester,United Kingdom,Listed,As per bank list - https://bankofbaroda.bank.in/personal-banking/loans/education-loan/-/media/Project/BOB/CountryWebsites/India/pdfs2/2023/23-12/STEM-Courses-new.pdf ,STEM
Bank of Baroda,National Cheng Kung University (NCKU),China,Listed,As per bank list - https://bankofbaroda.bank.in/personal-banking/loans/education-loan/-/media/Project/BOB/CountryWebsites/India/pdfs2/2023/23-12/STEM-Courses-new.pdf ,STEM
Bank of Baroda,National Taiwan University of Science and Technology (Taiwan Tech),China,Listed,As per bank list - https://bankofbaroda.bank.in/personal-banking/loans/education-loan/-/media/Project/BOB/CountryWebsites/India/pdfs2/2023/23-12/STEM-Courses-new.pdf ,STEM
Bank of Baroda,National Taiwan University,China,Listed,As per bank list - https://bankofbaroda.bank.in/personal-banking/loans/education-loan/-/media/Project/BOB/CountryWebsites/India/pdfs2/2023/23-12/STEM-Courses-new.pdf ,STEM
Bank of Baroda,National Tsing Hua University,China,Listed,As per bank list - https://bankofbaroda.bank.in/personal-banking/loans/education-loan/-/media/Project/BOB/CountryWebsites/India/pdfs2/2023/23-12/STEM-Courses-new.pdf ,STEM
Bank of Baroda,EPFL (Ecole Polytechnique Federale de Lausanne),Swiss Confederation,Listed,As per bank list - https://bankofbaroda.bank.in/personal-banking/loans/education-loan/-/media/Project/BOB/CountryWebsites/India/pdfs2/2023/23-12/STEM-Courses-new.pdf ,STEM
Bank of Baroda,ETH Zurich - Swiss Federal Institute of Technology,Swiss Confederation,Listed,As per bank list - https://bankofbaroda.bank.in/personal-banking/loans/education-loan/-/media/Project/BOB/CountryWebsites/India/pdfs2/2023/23-12/STEM-Courses-new.pdf ,STEM
Bank of Baroda,University of Zurich,Swiss Confederation,Listed,As per bank list - https://bankofbaroda.bank.in/personal-banking/loans/education-loan/-/media/Project/BOB/CountryWebsites/India/pdfs2/2023/23-12/STEM-Courses-new.pdf ,STEM
Bank of Baroda,Chalmers University of Technology,Sweden,Listed,As per bank list - https://bankofbaroda.bank.in/personal-banking/loans/education-loan/-/media/Project/BOB/CountryWebsites/India/pdfs2/2023/23-12/STEM-Courses-new.pdf ,STEM
Bank of Baroda,KTH Royal Institute of Technology,Sweden,Listed,As per bank list - https://bankofbaroda.bank.in/personal-banking/loans/education-loan/-/media/Project/BOB/CountryWebsites/India/pdfs2/2023/23-12/STEM-Courses-new.pdf ,STEM
Bank of Baroda,Lund University,Sweden,Listed,As per bank list - https://bankofbaroda.bank.in/personal-banking/loans/education-loan/-/media/Project/BOB/CountryWebsites/India/pdfs2/2023/23-12/STEM-Courses-new.pdf ,STEM
Bank of Baroda,Politecnica de Madrid,Spain,Listed,As per bank list - https://bankofbaroda.bank.in/personal-banking/loans/education-loan/-/media/Project/BOB/CountryWebsites/India/pdfs2/2023/23-12/STEM-Courses-new.pdf ,STEM
Bank of Baroda,University of Barcelona,Spain,Listed,As per bank list - https://bankofbaroda.bank.in/personal-banking/loans/education-loan/-/media/Project/BOB/CountryWebsites/India/pdfs2/2023/23-12/STEM-Courses-new.pdf ,STEM
Bank of Baroda,Universitat Politecnica de Catalunya,Spain,Listed,As per bank list - https://bankofbaroda.bank.in/personal-banking/loans/education-loan/-/media/Project/BOB/CountryWebsites/India/pdfs2/2023/23-12/STEM-Courses-new.pdf ,STEM
Bank of Baroda,Universitat Politecnica de Valencia,Spain,Listed,As per bank list - https://bankofbaroda.bank.in/personal-banking/loans/education-loan/-/media/Project/BOB/CountryWebsites/India/pdfs2/2023/23-12/STEM-Courses-new.pdf ,STEM
Bank of Baroda,KAIST - Korea Advanced Institute of Science & Technology,South Korea,Listed,As per bank list - https://bankofbaroda.bank.in/personal-banking/loans/education-loan/-/media/Project/BOB/CountryWebsites/India/pdfs2/2023/23-12/STEM-Courses-new.pdf ,STEM
Bank of Baroda,Korea University,South Korea,Listed,As per bank list - https://bankofbaroda.bank.in/personal-banking/loans/education-loan/-/media/Project/BOB/CountryWebsites/India/pdfs2/2023/23-12/STEM-Courses-new.pdf ,STEM
Bank of Baroda,Pohang University of Science And Technology (POSTECH),South Korea,Listed,As per bank list - https://bankofbaroda.bank.in/personal-banking/loans/education-loan/-/media/Project/BOB/CountryWebsites/India/pdfs2/2023/23-12/STEM-Courses-new.pdf ,STEM
Bank of Baroda,Seoul National University,South Korea,Listed,As per bank list - https://bankofbaroda.bank.in/personal-banking/loans/education-loan/-/media/Project/BOB/CountryWebsites/India/pdfs2/2023/23-12/STEM-Courses-new.pdf ,STEM
Bank of Baroda,Sungkyunkwan University (SKKU),South Korea,Listed,As per bank list - https://bankofbaroda.bank.in/personal-banking/loans/education-loan/-/media/Project/BOB/CountryWebsites/India/pdfs2/2023/23-12/STEM-Courses-new.pdf ,STEM
Bank of Baroda,"Nanyang Technological University, Singapore (NTU)",Singapore,Listed,As per bank list - https://bankofbaroda.bank.in/personal-banking/loans/education-loan/-/media/Project/BOB/CountryWebsites/India/pdfs2/2023/23-12/STEM-Courses-new.pdf ,STEM
Bank of Baroda,National University of Singapore,Singapore,Listed,As per bank list - https://bankofbaroda.bank.in/personal-banking/loans/education-loan/-/media/Project/BOB/CountryWebsites/India/pdfs2/2023/23-12/STEM-Courses-new.pdf ,STEM
Bank of Baroda,Lomonosov Moscow State University,Russian Federation,Listed,As per bank list - https://bankofbaroda.bank.in/personal-banking/loans/education-loan/-/media/Project/BOB/CountryWebsites/India/pdfs2/2023/23-12/STEM-Courses-new.pdf ,STEM
Bank of Baroda,University of Lisbon,Portugal,Listed,As per bank list - https://bankofbaroda.bank.in/personal-banking/loans/education-loan/-/media/Project/BOB/CountryWebsites/India/pdfs2/2023/23-12/STEM-Courses-new.pdf ,STEM
Bank of Baroda,Norwegian University of Science And Technology,Norway,Listed,As per bank list - https://bankofbaroda.bank.in/personal-banking/loans/education-loan/-/media/Project/BOB/CountryWebsites/India/pdfs2/2023/23-12/STEM-Courses-new.pdf ,STEM
Bank of Baroda,University of Auckland,New Zealand,Listed,As per bank list - https://bankofbaroda.bank.in/personal-banking/loans/education-loan/-/media/Project/BOB/CountryWebsites/India/pdfs2/2023/23-12/STEM-Courses-new.pdf ,STEM
Bank of Baroda,Delft University of Technology,Netherlands,Listed,As per bank list - https://bankofbaroda.bank.in/personal-banking/loans/education-loan/-/media/Project/BOB/CountryWebsites/India/pdfs2/2023/23-12/STEM-Courses-new.pdf ,STEM
Bank of Baroda,Eindhoven University of Technology,Netherlands,Listed,As per bank list - https://bankofbaroda.bank.in/personal-banking/loans/education-loan/-/media/Project/BOB/CountryWebsites/India/pdfs2/2023/23-12/STEM-Courses-new.pdf ,STEM
Bank of Baroda,University of Amsterdam,Netherlands,Listed,As per bank list - https://bankofbaroda.bank.in/personal-banking/loans/education-loan/-/media/Project/BOB/CountryWebsites/India/pdfs2/2023/23-12/STEM-Courses-new.pdf ,STEM
Bank of Baroda,Universiti Sains Malaysia (USM),Malaysia,Listed,As per bank list - https://bankofbaroda.bank.in/personal-banking/loans/education-loan/-/media/Project/BOB/CountryWebsites/India/pdfs2/2023/23-12/STEM-Courses-new.pdf ,STEM
Bank of Baroda,Universiti Teknologi Malaysia,Malaysia,Listed,As per bank list - https://bankofbaroda.bank.in/personal-banking/loans/education-loan/-/media/Project/BOB/CountryWebsites/India/pdfs2/2023/23-12/STEM-Courses-new.pdf ,STEM
Bank of Baroda,University of Malaya,Malaysia,Listed,As per bank list - https://bankofbaroda.bank.in/personal-banking/loans/education-loan/-/media/Project/BOB/CountryWebsites/India/pdfs2/2023/23-12/STEM-Courses-new.pdf ,STEM
Bank of Baroda,Kyoto University,Japan,Listed,As per bank list - https://bankofbaroda.bank.in/personal-banking/loans/education-loan/-/media/Project/BOB/CountryWebsites/India/pdfs2/2023/23-12/STEM-Courses-new.pdf ,STEM
Bank of Baroda,Osaka University,Japan,Listed,As per bank list - https://bankofbaroda.bank.in/personal-banking/loans/education-loan/-/media/Project/BOB/CountryWebsites/India/pdfs2/2023/23-12/STEM-Courses-new.pdf ,STEM
Bank of Baroda,University of Tokyo,Japan,Listed,As per bank list - https://bankofbaroda.bank.in/personal-banking/loans/education-loan/-/media/Project/BOB/CountryWebsites/India/pdfs2/2023/23-12/STEM-Courses-new.pdf ,STEM
Bank of Baroda,Tohoku University,Japan,Listed,As per bank list - https://bankofbaroda.bank.in/personal-banking/loans/education-loan/-/media/Project/BOB/CountryWebsites/India/pdfs2/2023/23-12/STEM-Courses-new.pdf ,STEM
Bank of Baroda,Tokyo Institute of Technology,Japan,Listed,As per bank list - https://bankofbaroda.bank.in/personal-banking/loans/education-loan/-/media/Project/BOB/CountryWebsites/India/pdfs2/2023/23-12/STEM-Courses-new.pdf ,STEM
Bank of Baroda,Alma Mater Studiorum - University of Bologna,Italy,Listed,As per bank list - https://bankofbaroda.bank.in/personal-banking/loans/education-loan/-/media/Project/BOB/CountryWebsites/India/pdfs2/2023/23-12/STEM-Courses-new.pdf ,STEM
Bank of Baroda,Politecnico di Milano,Italy,Listed,As per bank list - https://bankofbaroda.bank.in/personal-banking/loans/education-loan/-/media/Project/BOB/CountryWebsites/India/pdfs2/2023/23-12/STEM-Courses-new.pdf ,STEM
Bank of Baroda,Politecnico di Torino,Italy,Listed,As per bank list - https://bankofbaroda.bank.in/personal-banking/loans/education-loan/-/media/Project/BOB/CountryWebsites/India/pdfs2/2023/23-12/STEM-Courses-new.pdf ,STEM
Bank of Baroda,Sapienza University of Rome,Italy,Listed,As per bank list - https://bankofbaroda.bank.in/personal-banking/loans/education-loan/-/media/Project/BOB/CountryWebsites/India/pdfs2/2023/23-12/STEM-Courses-new.pdf ,STEM
Bank of Baroda,Technion - Israel Institute of Technology,State of Israel,Listed,As per bank list - https://bankofbaroda.bank.in/personal-banking/loans/education-loan/-/media/Project/BOB/CountryWebsites/India/pdfs2/2023/23-12/STEM-Courses-new.pdf ,STEM
Bank of Baroda,Trinity College Dublin,Ireland,Listed,As per bank list - https://bankofbaroda.bank.in/personal-banking/loans/education-loan/-/media/Project/BOB/CountryWebsites/India/pdfs2/2023/23-12/STEM-Courses-new.pdf ,STEM
Bank of Baroda,City University of Hong Kong,China,Listed,As per bank list - https://bankofbaroda.bank.in/personal-banking/loans/education-loan/-/media/Project/BOB/CountryWebsites/India/pdfs2/2023/23-12/STEM-Courses-new.pdf ,STEM
Bank of Baroda,The Chinese University of Hong Kong (CUHK),China,Listed,As per bank list - https://bankofbaroda.bank.in/personal-banking/loans/education-loan/-/media/Project/BOB/CountryWebsites/India/pdfs2/2023/23-12/STEM-Courses-new.pdf ,STEM
Bank of Baroda,Hong Kong Polytechnic University,China,Listed,As per bank list - https://bankofbaroda.bank.in/personal-banking/loans/education-loan/-/media/Project/BOB/CountryWebsites/India/pdfs2/2023/23-12/STEM-Courses-new.pdf ,STEM
Bank of Baroda,The Hong Kong University of Science and Technology (HKUST),China,Listed,As per bank list - https://bankofbaroda.bank.in/personal-banking/loans/education-loan/-/media/Project/BOB/CountryWebsites/India/pdfs2/2023/23-12/STEM-Courses-new.pdf ,STEM
Bank of Baroda,University of Hong Kong,China,Listed,As per bank list - https://bankofbaroda.bank.in/personal-banking/loans/education-loan/-/media/Project/BOB/CountryWebsites/India/pdfs2/2023/23-12/STEM-Courses-new.pdf ,STEM
Bank of Baroda,National Technical University of Athens,Greece,Listed,As per bank list - https://bankofbaroda.bank.in/personal-banking/loans/education-loan/-/media/Project/BOB/CountryWebsites/India/pdfs2/2023/23-12/STEM-Courses-new.pdf ,STEM
Bank of Baroda,Friedrich-Alexander-Universitat Erlangen-Nurnberg,Germany,Listed,As per bank list - https://bankofbaroda.bank.in/personal-banking/loans/education-loan/-/media/Project/BOB/CountryWebsites/India/pdfs2/2023/23-12/STEM-Courses-new.pdf ,STEM
Bank of Baroda,Humboldt-Universitat zu Berlin,Germany,Listed,As per bank list - https://bankofbaroda.bank.in/personal-banking/loans/education-loan/-/media/Project/BOB/CountryWebsites/India/pdfs2/2023/23-12/STEM-Courses-new.pdf ,STEM
Bank of Baroda,"KIT, Karlsruhe Institute of Technology",Germany,Listed,As per bank list - https://bankofbaroda.bank.in/personal-banking/loans/education-loan/-/media/Project/BOB/CountryWebsites/India/pdfs2/2023/23-12/STEM-Courses-new.pdf ,STEM
Bank of Baroda,Ludwig Maximilians University Munich,Germany,Listed,As per bank list - https://bankofbaroda.bank.in/personal-banking/loans/education-loan/-/media/Project/BOB/CountryWebsites/India/pdfs2/2023/23-12/STEM-Courses-new.pdf ,STEM
Bank of Baroda,RWTH Aachen University,Germany,Listed,As per bank list - https://bankofbaroda.bank.in/personal-banking/loans/education-loan/-/media/Project/BOB/CountryWebsites/India/pdfs2/2023/23-12/STEM-Courses-new.pdf ,STEM
Bank of Baroda,Technische Universitat Berlin,Germany,Listed,As per bank list - https://bankofbaroda.bank.in/personal-banking/loans/education-loan/-/media/Project/BOB/CountryWebsites/India/pdfs2/2023/23-12/STEM-Courses-new.pdf ,STEM
Bank of Baroda,Technische Universitat Darmstadt,Germany,Listed,As per bank list - https://bankofbaroda.bank.in/personal-banking/loans/education-loan/-/media/Project/BOB/CountryWebsites/India/pdfs2/2023/23-12/STEM-Courses-new.pdf ,STEM
Bank of Baroda,Technische Universitat Dresden,Germany,Listed,As per bank list - https://bankofbaroda.bank.in/personal-banking/loans/education-loan/-/media/Project/BOB/CountryWebsites/India/pdfs2/2023/23-12/STEM-Courses-new.pdf ,STEM
Bank of Baroda,Technische Universitat Munchen,Germany,Listed,As per bank list - https://bankofbaroda.bank.in/personal-banking/loans/education-loan/-/media/Project/BOB/CountryWebsites/India/pdfs2/2023/23-12/STEM-Courses-new.pdf ,STEM
Bank of Baroda,Universitat Stuttgart,Germany,Listed,As per bank list - https://bankofbaroda.bank.in/personal-banking/loans/education-loan/-/media/Project/BOB/CountryWebsites/India/pdfs2/2023/23-12/STEM-Courses-new.pdf ,STEM
Bank of Baroda,CentraleSupelec,France,Listed,As per bank list - https://bankofbaroda.bank.in/personal-banking/loans/education-loan/-/media/Project/BOB/CountryWebsites/India/pdfs2/2023/23-12/STEM-Courses-new.pdf ,STEM
Bank of Baroda,Institut polytechnique de Grenoble - Grenoble Institute of Technology,France,Listed,As per bank list - https://bankofbaroda.bank.in/personal-banking/loans/education-loan/-/media/Project/BOB/CountryWebsites/India/pdfs2/2023/23-12/STEM-Courses-new.pdf ,STEM
Bank of Baroda,University Pierre et Marie Curie (UPMC),France,Listed,As per bank list - https://bankofbaroda.bank.in/personal-banking/loans/education-loan/-/media/Project/BOB/CountryWebsites/India/pdfs2/2023/23-12/STEM-Courses-new.pdf ,STEM
Bank of Baroda,Aalto University,Finland,Listed,As per bank list - https://bankofbaroda.bank.in/personal-banking/loans/education-loan/-/media/Project/BOB/CountryWebsites/India/pdfs2/2023/23-12/STEM-Courses-new.pdf ,STEM
Bank of Baroda,Aalborg University,Denmark,Listed,As per bank list - https://bankofbaroda.bank.in/personal-banking/loans/education-loan/-/media/Project/BOB/CountryWebsites/India/pdfs2/2023/23-12/STEM-Courses-new.pdf ,STEM
Bank of Baroda,Technical University of Denmark,Denmark,Listed,As per bank list - https://bankofbaroda.bank.in/personal-banking/loans/education-loan/-/media/Project/BOB/CountryWebsites/India/pdfs2/2023/23-12/STEM-Courses-new.pdf ,STEM
Bank of Baroda,Beijing Institute of Technology,China,Listed,As per bank list - https://bankofbaroda.bank.in/personal-banking/loans/education-loan/-/media/Project/BOB/CountryWebsites/India/pdfs2/2023/23-12/STEM-Courses-new.pdf ,STEM
Bank of Baroda,Fudan University,China,Listed,As per bank list - https://bankofbaroda.bank.in/personal-banking/loans/education-loan/-/media/Project/BOB/CountryWebsites/India/pdfs2/2023/23-12/STEM-Courses-new.pdf ,STEM
Bank of Baroda,Harbin Institute of Technology,China,Listed,As per bank list - https://bankofbaroda.bank.in/personal-banking/loans/education-loan/-/media/Project/BOB/CountryWebsites/India/pdfs2/2023/23-12/STEM-Courses-new.pdf ,STEM
Bank of Baroda,Peking University,China,Listed,As per bank list - https://bankofbaroda.bank.in/personal-banking/loans/education-loan/-/media/Project/BOB/CountryWebsites/India/pdfs2/2023/23-12/STEM-Courses-new.pdf ,STEM
Bank of Baroda,Shanghai Jiao Tong University,China,Listed,As per bank list - https://bankofbaroda.bank.in/personal-banking/loans/education-loan/-/media/Project/BOB/CountryWebsites/India/pdfs2/2023/23-12/STEM-Courses-new.pdf ,STEM
Bank of Baroda,Tsinghua University,China,Listed,As per bank list - https://bankofbaroda.bank.in/personal-banking/loans/education-loan/-/media/Project/BOB/CountryWebsites/India/pdfs2/2023/23-12/STEM-Courses-new.pdf ,STEM
Bank of Baroda,University of Science and Technology of China,China,Listed,As per bank list - https://bankofbaroda.bank.in/personal-banking/loans/education-loan/-/media/Project/BOB/CountryWebsites/India/pdfs2/2023/23-12/STEM-Courses-new.pdf ,STEM
Bank of Baroda,Xian Jiaotong University,China,Listed,As per bank list - https://bankofbaroda.bank.in/personal-banking/loans/education-loan/-/media/Project/BOB/CountryWebsites/India/pdfs2/2023/23-12/STEM-Courses-new.pdf ,STEM
Bank of Baroda,Zhejiang University,China,Listed,As per bank list - https://bankofbaroda.bank.in/personal-banking/loans/education-loan/-/media/Project/BOB/CountryWebsites/India/pdfs2/2023/23-12/STEM-Courses-new.pdf ,STEM
Bank of Baroda,McGill University,Canada,Listed,As per bank list - https://bankofbaroda.bank.in/personal-banking/loans/education-loan/-/media/Project/BOB/CountryWebsites/India/pdfs2/2023/23-12/STEM-Courses-new.pdf ,STEM
Bank of Baroda,McMaster University,Canada,Listed,As per bank list - https://bankofbaroda.bank.in/personal-banking/loans/education-loan/-/media/Project/BOB/CountryWebsites/India/pdfs2/2023/23-12/STEM-Courses-new.pdf ,STEM
Bank of Baroda,Queens University at Kingston,Canada,Listed,As per bank list - https://bankofbaroda.bank.in/personal-banking/loans/education-loan/-/media/Project/BOB/CountryWebsites/India/pdfs2/2023/23-12/STEM-Courses-new.pdf ,STEM
Bank of Baroda,University of Montreal,Canada,Listed,As per bank list - https://bankofbaroda.bank.in/personal-banking/loans/education-loan/-/media/Project/BOB/CountryWebsites/India/pdfs2/2023/23-12/STEM-Courses-new.pdf ,STEM
Bank of Baroda,University of Alberta,Canada,Listed,As per bank list - https://bankofbaroda.bank.in/personal-banking/loans/education-loan/-/media/Project/BOB/CountryWebsites/India/pdfs2/2023/23-12/STEM-Courses-new.pdf ,STEM
Bank of Baroda,University of British Columbia,Canada,Listed,As per bank list - https://bankofbaroda.bank.in/personal-banking/loans/education-loan/-/media/Project/BOB/CountryWebsites/India/pdfs2/2023/23-12/STEM-Courses-new.pdf ,STEM
Bank of Baroda,University of Toronto,Canada,Listed,As per bank list - https://bankofbaroda.bank.in/personal-banking/loans/education-loan/-/media/Project/BOB/CountryWebsites/India/pdfs2/2023/23-12/STEM-Courses-new.pdf ,STEM
Bank of Baroda,University of Waterloo,Canada,Listed,As per bank list - https://bankofbaroda.bank.in/personal-banking/loans/education-loan/-/media/Project/BOB/CountryWebsites/India/pdfs2/2023/23-12/STEM-Courses-new.pdf ,STEM
Bank of Baroda,Ghent University,Belgium,Listed,As per bank list - https://bankofbaroda.bank.in/personal-banking/loans/education-loan/-/media/Project/BOB/CountryWebsites/India/pdfs2/2023/23-12/STEM-Courses-new.pdf ,STEM
Bank of Baroda,KU Leuven,Belgium,Listed,As per bank list - https://bankofbaroda.bank.in/personal-banking/loans/education-loan/-/media/Project/BOB/CountryWebsites/India/pdfs2/2023/23-12/STEM-Courses-new.pdf ,STEM
Bank of Baroda,Vienna University of Technology,Austria,Listed,As per bank list - https://bankofbaroda.bank.in/personal-banking/loans/education-loan/-/media/Project/BOB/CountryWebsites/India/pdfs2/2023/23-12/STEM-Courses-new.pdf ,STEM
Bank of Baroda,Curtin University,Australia,Listed,As per bank list - https://bankofbaroda.bank.in/personal-banking/loans/education-loan/-/media/Project/BOB/CountryWebsites/India/pdfs2/2023/23-12/STEM-Courses-new.pdf ,STEM
Bank of Baroda,Monash University,Australia,Listed,As per bank list - https://bankofbaroda.bank.in/personal-banking/loans/education-loan/-/media/Project/BOB/CountryWebsites/India/pdfs2/2023/23-12/STEM-Courses-new.pdf ,STEM
Bank of Baroda,Queensland University of Technology (QUT),Australia,Listed,As per bank list - https://bankofbaroda.bank.in/personal-banking/loans/education-loan/-/media/Project/BOB/CountryWebsites/India/pdfs2/2023/23-12/STEM-Courses-new.pdf ,STEM
Bank of Baroda,RMIT University,Australia,Listed,As per bank list - https://bankofbaroda.bank.in/personal-banking/loans/education-loan/-/media/Project/BOB/CountryWebsites/India/pdfs2/2023/23-12/STEM-Courses-new.pdf ,STEM
Bank of Baroda,The Australian National University (ANU),Australia,Listed,As per bank list - https://bankofbaroda.bank.in/personal-banking/loans/education-loan/-/media/Project/BOB/CountryWebsites/India/pdfs2/2023/23-12/STEM-Courses-new.pdf ,STEM
Bank of Baroda,University of Adelaide,Australia,Listed,As per bank list - https://bankofbaroda.bank.in/personal-banking/loans/education-loan/-/media/Project/BOB/CountryWebsites/India/pdfs2/2023/23-12/STEM-Courses-new.pdf ,STEM
Bank of Baroda,University of Melbourne,Australia,Listed,As per bank list - https://bankofbaroda.bank.in/personal-banking/loans/education-loan/-/media/Project/BOB/CountryWebsites/India/pdfs2/2023/23-12/STEM-Courses-new.pdf ,STEM
Bank of Baroda,The University of New South Wales (UNSW Australia),Australia,Listed,As per bank list - https://bankofbaroda.bank.in/personal-banking/loans/education-loan/-/media/Project/BOB/CountryWebsites/India/pdfs2/2023/23-12/STEM-Courses-new.pdf ,STEM
Bank of Baroda,"The University of Newcastle, Australia (UON)",Australia,Listed,As per bank list - https://bankofbaroda.bank.in/personal-banking/loans/education-loan/-/media/Project/BOB/CountryWebsites/India/pdfs2/2023/23-12/STEM-Courses-new.pdf ,STEM
Bank of Baroda,University of Queensland,Australia,Listed,As per bank list - https://bankofbaroda.bank.in/personal-banking/loans/education-loan/-/media/Project/BOB/CountryWebsites/India/pdfs2/2023/23-12/STEM-Courses-new.pdf ,STEM
Bank of Baroda,University of Sydney,Australia,Listed,As per bank list - https://bankofbaroda.bank.in/personal-banking/loans/education-loan/-/media/Project/BOB/CountryWebsites/India/pdfs2/2023/23-12/STEM-Courses-new.pdf ,STEM
Bank of Baroda,University of Western Australia,Australia,Listed,As per bank list - https://bankofbaroda.bank.in/personal-banking/loans/education-loan/-/media/Project/BOB/CountryWebsites/India/pdfs2/2023/23-12/STEM-Courses-new.pdf ,STEM
Bank of Baroda,University of Technology Sydney,Australia,Listed,As per bank list - https://bankofbaroda.bank.in/personal-banking/loans/education-loan/-/media/Project/BOB/CountryWebsites/India/pdfs2/2023/23-12/STEM-Courses-new.pdf ,STEM
Bank of Baroda,University of Wollongong,Australia,Listed,As per bank list - https://bankofbaroda.bank.in/personal-banking/loans/education-loan/-/media/Project/BOB/CountryWebsites/India/pdfs2/2023/23-12/STEM-Courses-new.pdf ,STEM
Bank of Baroda,Golisano College of Computing and Information Sciences of Rochester Institute of Technology (RIT),United States of America,Listed,As per bank list - https://bankofbaroda.bank.in/personal-banking/loans/education-loan/-/media/Project/BOB/CountryWebsites/India/pdfs2/2023/23-12/STEM-Courses-new.pdf ,STEM
Bank of Baroda,Indian Institute of Technology-Madras Zanzibar Campus,Tanzania,Listed,As per bank list - https://bankofbaroda.bank.in/personal-banking/loans/education-loan/-/media/Project/BOB/CountryWebsites/India/pdfs2/2023/23-12/STEM-Courses-new.pdf ,STEM
Bank of Baroda,Boston University,United States of America,Listed,As per bank list - https://bankofbaroda.bank.in/personal-banking/loans/education-loan/-/media/Project/BOB/CountryWebsites/India/pdfs/medical-courses-new.pdf ,Medical
Bank of Baroda,Brown University,United States of America,Listed,As per bank list - https://bankofbaroda.bank.in/personal-banking/loans/education-loan/-/media/Project/BOB/CountryWebsites/India/pdfs/medical-courses-new.pdf ,Medical
Bank of Baroda,Columbia University,United States of America,Listed,As per bank list - https://bankofbaroda.bank.in/personal-banking/loans/education-loan/-/media/Project/BOB/CountryWebsites/India/pdfs/medical-courses-new.pdf ,Medical
Bank of Baroda,Cornell University,United States of America,Listed,As per bank list - https://bankofbaroda.bank.in/personal-banking/loans/education-loan/-/media/Project/BOB/CountryWebsites/India/pdfs/medical-courses-new.pdf ,Medical
Bank of Baroda,Dartmouth College,United States of America,Listed,As per bank list - https://bankofbaroda.bank.in/personal-banking/loans/education-loan/-/media/Project/BOB/CountryWebsites/India/pdfs/medical-courses-new.pdf ,Medical
Bank of Baroda,Duke University,United States of America,Listed,As per bank list - https://bankofbaroda.bank.in/personal-banking/loans/education-loan/-/media/Project/BOB/CountryWebsites/India/pdfs/medical-courses-new.pdf ,Medical
Bank of Baroda,Emory University,United States of America,Listed,As per bank list - https://bankofbaroda.bank.in/personal-banking/loans/education-loan/-/media/Project/BOB/CountryWebsites/India/pdfs/medical-courses-new.pdf ,Medical
Bank of Baroda,Harvard University,United States of America,Listed,As per bank list - https://bankofbaroda.bank.in/personal-banking/loans/education-loan/-/media/Project/BOB/CountryWebsites/India/pdfs/medical-courses-new.pdf ,Medical
Bank of Baroda,Johns Hopkins University,United States of America,Listed,As per bank list - https://bankofbaroda.bank.in/personal-banking/loans/education-loan/-/media/Project/BOB/CountryWebsites/India/pdfs/medical-courses-new.pdf ,Medical
Bank of Baroda,New York University,United States of America,Listed,As per bank list - https://bankofbaroda.bank.in/personal-banking/loans/education-loan/-/media/Project/BOB/CountryWebsites/India/pdfs/medical-courses-new.pdf ,Medical
Bank of Baroda,Northwestern University,United States of America,Listed,As per bank list - https://bankofbaroda.bank.in/personal-banking/loans/education-loan/-/media/Project/BOB/CountryWebsites/India/pdfs/medical-courses-new.pdf ,Medical
Bank of Baroda,The Ohio State University,United States of America,Listed,As per bank list - https://bankofbaroda.bank.in/personal-banking/loans/education-loan/-/media/Project/BOB/CountryWebsites/India/pdfs/medical-courses-new.pdf ,Medical
Bank of Baroda,Stanford University,United States of America,Listed,As per bank list - https://bankofbaroda.bank.in/personal-banking/loans/education-loan/-/media/Project/BOB/CountryWebsites/India/pdfs/medical-courses-new.pdf ,Medical
Bank of Baroda,Tufts University,United States of America,Listed,As per bank list - https://bankofbaroda.bank.in/personal-banking/loans/education-loan/-/media/Project/BOB/CountryWebsites/India/pdfs/medical-courses-new.pdf ,Medical
Bank of Baroda,"University of California, Berkeley",United States of America,Listed,As per bank list - https://bankofbaroda.bank.in/personal-banking/loans/education-loan/-/media/Project/BOB/CountryWebsites/India/pdfs/medical-courses-new.pdf ,Medical
Bank of Baroda,"University of California, Davis",United States of America,Listed,As per bank list - https://bankofbaroda.bank.in/personal-banking/loans/education-loan/-/media/Project/BOB/CountryWebsites/India/pdfs/medical-courses-new.pdf ,Medical
Bank of Baroda,"University of California, Los Angeles",United States of America,Listed,As per bank list - https://bankofbaroda.bank.in/personal-banking/loans/education-loan/-/media/Project/BOB/CountryWebsites/India/pdfs/medical-courses-new.pdf ,Medical
Bank of Baroda,"University of California, San Diego",United States of America,Listed,As per bank list - https://bankofbaroda.bank.in/personal-banking/loans/education-loan/-/media/Project/BOB/CountryWebsites/India/pdfs/medical-courses-new.pdf ,Medical
Bank of Baroda,University of Chicago,United States of America,Listed,As per bank list - https://bankofbaroda.bank.in/personal-banking/loans/education-loan/-/media/Project/BOB/CountryWebsites/India/pdfs/medical-courses-new.pdf ,Medical
Bank of Baroda,University of Florida,United States of America,Listed,As per bank list - https://bankofbaroda.bank.in/personal-banking/loans/education-loan/-/media/Project/BOB/CountryWebsites/India/pdfs/medical-courses-new.pdf ,Medical
Bank of Baroda,University of Michigan,United States of America,Listed,As per bank list - https://bankofbaroda.bank.in/personal-banking/loans/education-loan/-/media/Project/BOB/CountryWebsites/India/pdfs/medical-courses-new.pdf ,Medical
Bank of Baroda,University of Minnesota,United States of America,Listed,As per bank list - https://bankofbaroda.bank.in/personal-banking/loans/education-loan/-/media/Project/BOB/CountryWebsites/India/pdfs/medical-courses-new.pdf ,Medical
Bank of Baroda,University of North Carolina at Chapel Hill,United States of America,Listed,As per bank list - https://bankofbaroda.bank.in/personal-banking/loans/education-loan/-/media/Project/BOB/CountryWebsites/India/pdfs/medical-courses-new.pdf ,Medical
Bank of Baroda,University of Pennsylvania,United States of America,Listed,As per bank list - https://bankofbaroda.bank.in/personal-banking/loans/education-loan/-/media/Project/BOB/CountryWebsites/India/pdfs/medical-courses-new.pdf ,Medical
Bank of Baroda,University of Pittsburgh,United States of America,Listed,As per bank list - https://bankofbaroda.bank.in/personal-banking/loans/education-loan/-/media/Project/BOB/CountryWebsites/India/pdfs/medical-courses-new.pdf ,Medical
Bank of Baroda,University of Southern California,United States of America,Listed,As per bank list - https://bankofbaroda.bank.in/personal-banking/loans/education-loan/-/media/Project/BOB/CountryWebsites/India/pdfs/medical-courses-new.pdf ,Medical
Bank of Baroda,University of Texas at Austin,United States of America,Listed,As per bank list - https://bankofbaroda.bank.in/personal-banking/loans/education-loan/-/media/Project/BOB/CountryWebsites/India/pdfs/medical-courses-new.pdf ,Medical
Bank of Baroda,University of Washington,United States of America,Listed,As per bank list - https://bankofbaroda.bank.in/personal-banking/loans/education-loan/-/media/Project/BOB/CountryWebsites/India/pdfs/medical-courses-new.pdf ,Medical
Bank of Baroda,University of Wisconsin-Madison,United States of America,Listed,As per bank list - https://bankofbaroda.bank.in/personal-banking/loans/education-loan/-/media/Project/BOB/CountryWebsites/India/pdfs/medical-courses-new.pdf ,Medical
Bank of Baroda,Vanderbilt University,United States of America,Listed,As per bank list - https://bankofbaroda.bank.in/personal-banking/loans/education-loan/-/media/Project/BOB/CountryWebsites/India/pdfs/medical-courses-new.pdf ,Medical
Bank of Baroda,Washington University in St. Louis,United States of America,Listed,As per bank list - https://bankofbaroda.bank.in/personal-banking/loans/education-loan/-/media/Project/BOB/CountryWebsites/India/pdfs/medical-courses-new.pdf ,Medical
Bank of Baroda,Yale University,United States of America,Listed,As per bank list - https://bankofbaroda.bank.in/personal-banking/loans/education-loan/-/media/Project/BOB/CountryWebsites/India/pdfs/medical-courses-new.pdf ,Medical
Bank of Baroda,Cardiff University,United Kingdom,Listed,As per bank list - https://bankofbaroda.bank.in/personal-banking/loans/education-loan/-/media/Project/BOB/CountryWebsites/India/pdfs/medical-courses-new.pdf ,Medical
Bank of Baroda,Imperial College London,United Kingdom,Listed,As per bank list - https://bankofbaroda.bank.in/personal-banking/loans/education-loan/-/media/Project/BOB/CountryWebsites/India/pdfs/medical-courses-new.pdf ,Medical
Bank of Baroda,Kings College London,United Kingdom,Listed,As per bank list - https://bankofbaroda.bank.in/personal-banking/loans/education-loan/-/media/Project/BOB/CountryWebsites/India/pdfs/medical-courses-new.pdf ,Medical
Bank of Baroda,London School of Hygiene & Tropical Medicine,United Kingdom,Listed,As per bank list - https://bankofbaroda.bank.in/personal-banking/loans/education-loan/-/media/Project/BOB/CountryWebsites/India/pdfs/medical-courses-new.pdf ,Medical
Bank of Baroda,Queen Mary University of London,United Kingdom,Listed,As per bank list - https://bankofbaroda.bank.in/personal-banking/loans/education-loan/-/media/Project/BOB/CountryWebsites/India/pdfs/medical-courses-new.pdf ,Medical
Bank of Baroda,University College London,United Kingdom,Listed,As per bank list - https://bankofbaroda.bank.in/personal-banking/loans/education-loan/-/media/Project/BOB/CountryWebsites/India/pdfs/medical-courses-new.pdf ,Medical
Bank of Baroda,University of Bristol,United Kingdom,Listed,As per bank list - https://bankofbaroda.bank.in/personal-banking/loans/education-loan/-/media/Project/BOB/CountryWebsites/India/pdfs/medical-courses-new.pdf ,Medical
Bank of Baroda,University of Cambridge,United Kingdom,Listed,As per bank list - https://bankofbaroda.bank.in/personal-banking/loans/education-loan/-/media/Project/BOB/CountryWebsites/India/pdfs/medical-courses-new.pdf ,Medical
Bank of Baroda,University of Dundee,United Kingdom,Listed,As per bank list - https://bankofbaroda.bank.in/personal-banking/loans/education-loan/-/media/Project/BOB/CountryWebsites/India/pdfs/medical-courses-new.pdf ,Medical
Bank of Baroda,University of Edinburgh,United Kingdom,Listed,As per bank list - https://bankofbaroda.bank.in/personal-banking/loans/education-loan/-/media/Project/BOB/CountryWebsites/India/pdfs/medical-courses-new.pdf ,Medical
Bank of Baroda,University of Glasgow,United Kingdom,Listed,As per bank list - https://bankofbaroda.bank.in/personal-banking/loans/education-loan/-/media/Project/BOB/CountryWebsites/India/pdfs/medical-courses-new.pdf ,Medical
Bank of Baroda,University of Leicester,United Kingdom,Listed,As per bank list - https://bankofbaroda.bank.in/personal-banking/loans/education-loan/-/media/Project/BOB/CountryWebsites/India/pdfs/medical-courses-new.pdf ,Medical
Bank of Baroda,University of Liverpool,United Kingdom,Listed,As per bank list - https://bankofbaroda.bank.in/personal-banking/loans/education-loan/-/media/Project/BOB/CountryWebsites/India/pdfs/medical-courses-new.pdf ,Medical
Bank of Baroda,University of Manchester,United Kingdom,Listed,As per bank list - https://bankofbaroda.bank.in/personal-banking/loans/education-loan/-/media/Project/BOB/CountryWebsites/India/pdfs/medical-courses-new.pdf ,Medical
Bank of Baroda,University of Nottingham,United Kingdom,Listed,As per bank list - https://bankofbaroda.bank.in/personal-banking/loans/education-loan/-/media/Project/BOB/CountryWebsites/India/pdfs/medical-courses-new.pdf ,Medical
Bank of Baroda,University of Oxford,United Kingdom,Listed,As per bank list - https://bankofbaroda.bank.in/personal-banking/loans/education-loan/-/media/Project/BOB/CountryWebsites/India/pdfs/medical-courses-new.pdf ,Medical
Bank of Baroda,University of Southampton,United Kingdom,Listed,As per bank list - https://bankofbaroda.bank.in/personal-banking/loans/education-loan/-/media/Project/BOB/CountryWebsites/India/pdfs/medical-courses-new.pdf ,Medical
Bank of Baroda,National Taiwan University,China,Listed,As per bank list - https://bankofbaroda.bank.in/personal-banking/loans/education-loan/-/media/Project/BOB/CountryWebsites/India/pdfs/medical-courses-new.pdf ,Medical
Bank of Baroda,University of Basel,Swiss Confederation,Listed,As per bank list - https://bankofbaroda.bank.in/personal-banking/loans/education-loan/-/media/Project/BOB/CountryWebsites/India/pdfs/medical-courses-new.pdf ,Medical
Bank of Baroda,University of Bern,Swiss Confederation,Listed,As per bank list - https://bankofbaroda.bank.in/personal-banking/loans/education-loan/-/media/Project/BOB/CountryWebsites/India/pdfs/medical-courses-new.pdf ,Medical
Bank of Baroda,University of Zurich,Swiss Confederation,Listed,As per bank list - https://bankofbaroda.bank.in/personal-banking/loans/education-loan/-/media/Project/BOB/CountryWebsites/India/pdfs/medical-courses-new.pdf ,Medical
Bank of Baroda,Karolinska Institutet,Sweden,Listed,As per bank list - https://bankofbaroda.bank.in/personal-banking/loans/education-loan/-/media/Project/BOB/CountryWebsites/India/pdfs/medical-courses-new.pdf ,Medical
Bank of Baroda,Lund University,Sweden,Listed,As per bank list - https://bankofbaroda.bank.in/personal-banking/loans/education-loan/-/media/Project/BOB/CountryWebsites/India/pdfs/medical-courses-new.pdf ,Medical
Bank of Baroda,Uppsala University,Sweden,Listed,As per bank list - https://bankofbaroda.bank.in/personal-banking/loans/education-loan/-/media/Project/BOB/CountryWebsites/India/pdfs/medical-courses-new.pdf ,Medical
Bank of Baroda,Autonomous University of Barcelona (Universitat Autonoma de Barcelona),Spain,Listed,As per bank list - https://bankofbaroda.bank.in/personal-banking/loans/education-loan/-/media/Project/BOB/CountryWebsites/India/pdfs/medical-courses-new.pdf ,Medical
Bank of Baroda,Seoul National University,South Korea,Listed,As per bank list - https://bankofbaroda.bank.in/personal-banking/loans/education-loan/-/media/Project/BOB/CountryWebsites/India/pdfs/medical-courses-new.pdf ,Medical
Bank of Baroda,Sungkyunkwan University (SKKU),South Korea,Listed,As per bank list - https://bankofbaroda.bank.in/personal-banking/loans/education-loan/-/media/Project/BOB/CountryWebsites/India/pdfs/medical-courses-new.pdf ,Medical
Bank of Baroda,University of Cape Town,South Africa,Listed,As per bank list - https://bankofbaroda.bank.in/personal-banking/loans/education-loan/-/media/Project/BOB/CountryWebsites/India/pdfs/medical-courses-new.pdf ,Medical
Bank of Baroda,National University of Singapore,Singapore,Listed,As per bank list - https://bankofbaroda.bank.in/personal-banking/loans/education-loan/-/media/Project/BOB/CountryWebsites/India/pdfs/medical-courses-new.pdf ,Medical
Bank of Baroda,University of Auckland,New Zealand,Listed,As per bank list - https://bankofbaroda.bank.in/personal-banking/loans/education-loan/-/media/Project/BOB/CountryWebsites/India/pdfs/medical-courses-new.pdf ,Medical
Bank of Baroda,Erasmus University Rotterdam,Netherlands,Listed,As per bank list - https://bankofbaroda.bank.in/personal-banking/loans/education-loan/-/media/Project/BOB/CountryWebsites/India/pdfs/medical-courses-new.pdf ,Medical
Bank of Baroda,Leiden University,Netherlands,Listed,As per bank list - https://bankofbaroda.bank.in/personal-banking/loans/education-loan/-/media/Project/BOB/CountryWebsites/India/pdfs/medical-courses-new.pdf ,Medical
Bank of Baroda,Maastricht University,Netherlands,Listed,As per bank list - https://bankofbaroda.bank.in/personal-banking/loans/education-loan/-/media/Project/BOB/CountryWebsites/India/pdfs/medical-courses-new.pdf ,Medical
Bank of Baroda,University of Amsterdam,Netherlands,Listed,As per bank list - https://bankofbaroda.bank.in/personal-banking/loans/education-loan/-/media/Project/BOB/CountryWebsites/India/pdfs/medical-courses-new.pdf ,Medical
Bank of Baroda,University of Groningen,Netherlands,Listed,As per bank list - https://bankofbaroda.bank.in/personal-banking/loans/education-loan/-/media/Project/BOB/CountryWebsites/India/pdfs/medical-courses-new.pdf ,Medical
Bank of Baroda,Utrecht University,Netherlands,Listed,As per bank list - https://bankofbaroda.bank.in/personal-banking/loans/education-loan/-/media/Project/BOB/CountryWebsites/India/pdfs/medical-courses-new.pdf ,Medical
Bank of Baroda,Wageningen University & Research,Netherlands,Listed,As per bank list - https://bankofbaroda.bank.in/personal-banking/loans/education-loan/-/media/Project/BOB/CountryWebsites/India/pdfs/medical-courses-new.pdf ,Medical
Bank of Baroda,Kyoto University,Japan,Listed,As per bank list - https://bankofbaroda.bank.in/personal-banking/loans/education-loan/-/media/Project/BOB/CountryWebsites/India/pdfs/medical-courses-new.pdf ,Medical
Bank of Baroda,Osaka University,Japan,Listed,As per bank list - https://bankofbaroda.bank.in/personal-banking/loans/education-loan/-/media/Project/BOB/CountryWebsites/India/pdfs/medical-courses-new.pdf ,Medical
Bank of Baroda,University of Tokyo,Japan,Listed,As per bank list - https://bankofbaroda.bank.in/personal-banking/loans/education-loan/-/media/Project/BOB/CountryWebsites/India/pdfs/medical-courses-new.pdf ,Medical
Bank of Baroda,Chinese University of Hong Kong,China,Listed,As per bank list - https://bankofbaroda.bank.in/personal-banking/loans/education-loan/-/media/Project/BOB/CountryWebsites/India/pdfs/medical-courses-new.pdf ,Medical
Bank of Baroda,University of Hong Kong,China,Listed,As per bank list - https://bankofbaroda.bank.in/personal-banking/loans/education-loan/-/media/Project/BOB/CountryWebsites/India/pdfs/medical-courses-new.pdf ,Medical
Bank of Baroda,Charite - Universitatsmedizin Berlin (Charite – Berlin University of Medicine),Germany,Listed,As per bank list - https://bankofbaroda.bank.in/personal-banking/loans/education-loan/-/media/Project/BOB/CountryWebsites/India/pdfs/medical-courses-new.pdf ,Medical
Bank of Baroda,Heidelberg University,Germany,Listed,As per bank list - https://bankofbaroda.bank.in/personal-banking/loans/education-loan/-/media/Project/BOB/CountryWebsites/India/pdfs/medical-courses-new.pdf ,Medical
Bank of Baroda,Ludwig Maximilians University Munich,Germany,Listed,As per bank list - https://bankofbaroda.bank.in/personal-banking/loans/education-loan/-/media/Project/BOB/CountryWebsites/India/pdfs/medical-courses-new.pdf ,Medical
Bank of Baroda,Technical University of Munich (Technische Universitat Munchen),Germany,Listed,As per bank list - https://bankofbaroda.bank.in/personal-banking/loans/education-loan/-/media/Project/BOB/CountryWebsites/India/pdfs/medical-courses-new.pdf ,Medical
Bank of Baroda,University of Freiburg (Albert-Ludwigs-Universitat Freiburg),Germany,Listed,As per bank list - https://bankofbaroda.bank.in/personal-banking/loans/education-loan/-/media/Project/BOB/CountryWebsites/India/pdfs/medical-courses-new.pdf ,Medical
Bank of Baroda,University of Tubingen (Eberhard Karls Universitat Tubingen),Germany,Listed,As per bank list - https://bankofbaroda.bank.in/personal-banking/loans/education-loan/-/media/Project/BOB/CountryWebsites/India/pdfs/medical-courses-new.pdf ,Medical
Bank of Baroda,Paris-Sud University (now part of Paris-Saclay University),France,Listed,As per bank list - https://bankofbaroda.bank.in/personal-banking/loans/education-loan/-/media/Project/BOB/CountryWebsites/India/pdfs/medical-courses-new.pdf ,Medical
Bank of Baroda,University of Copenhagen,Denmark,Listed,As per bank list - https://bankofbaroda.bank.in/personal-banking/loans/education-loan/-/media/Project/BOB/CountryWebsites/India/pdfs/medical-courses-new.pdf ,Medical
Bank of Baroda,Fudan University,China,Listed,As per bank list - https://bankofbaroda.bank.in/personal-banking/loans/education-loan/-/media/Project/BOB/CountryWebsites/India/pdfs/medical-courses-new.pdf ,Medical
Bank of Baroda,Peking University,China,Listed,As per bank list - https://bankofbaroda.bank.in/personal-banking/loans/education-loan/-/media/Project/BOB/CountryWebsites/India/pdfs/medical-courses-new.pdf ,Medical
Bank of Baroda,Tsinghua University,China,Listed,As per bank list - https://bankofbaroda.bank.in/personal-banking/loans/education-loan/-/media/Project/BOB/CountryWebsites/India/pdfs/medical-courses-new.pdf ,Medical
Bank of Baroda,McGill University,Canada,Listed,As per bank list - https://bankofbaroda.bank.in/personal-banking/loans/education-loan/-/media/Project/BOB/CountryWebsites/India/pdfs/medical-courses-new.pdf ,Medical
Bank of Baroda,McMaster University,Canada,Listed,As per bank list - https://bankofbaroda.bank.in/personal-banking/loans/education-loan/-/media/Project/BOB/CountryWebsites/India/pdfs/medical-courses-new.pdf ,Medical
Bank of Baroda,University of Alberta,Canada,Listed,As per bank list - https://bankofbaroda.bank.in/personal-banking/loans/education-loan/-/media/Project/BOB/CountryWebsites/India/pdfs/medical-courses-new.pdf ,Medical
Bank of Baroda,University of British Columbia,Canada,Listed,As per bank list - https://bankofbaroda.bank.in/personal-banking/loans/education-loan/-/media/Project/BOB/CountryWebsites/India/pdfs/medical-courses-new.pdf ,Medical
Bank of Baroda,University of Calgary,Canada,Listed,As per bank list - https://bankofbaroda.bank.in/personal-banking/loans/education-loan/-/media/Project/BOB/CountryWebsites/India/pdfs/medical-courses-new.pdf ,Medical
Bank of Baroda,University of Montreal (University of Montreal),Canada,Listed,As per bank list - https://bankofbaroda.bank.in/personal-banking/loans/education-loan/-/media/Project/BOB/CountryWebsites/India/pdfs/medical-courses-new.pdf ,Medical
Bank of Baroda,University of Toronto,Canada,Listed,As per bank list - https://bankofbaroda.bank.in/personal-banking/loans/education-loan/-/media/Project/BOB/CountryWebsites/India/pdfs/medical-courses-new.pdf ,Medical
Bank of Baroda,Ghent University,Belgium,Listed,As per bank list - https://bankofbaroda.bank.in/personal-banking/loans/education-loan/-/media/Project/BOB/CountryWebsites/India/pdfs/medical-courses-new.pdf ,Medical
Bank of Baroda,KU Leuven,Belgium,Listed,As per bank list - https://bankofbaroda.bank.in/personal-banking/loans/education-loan/-/media/Project/BOB/CountryWebsites/India/pdfs/medical-courses-new.pdf ,Medical
Bank of Baroda,Australian National University,Australia,Listed,As per bank list - https://bankofbaroda.bank.in/personal-banking/loans/education-loan/-/media/Project/BOB/CountryWebsites/India/pdfs/medical-courses-new.pdf ,Medical
Bank of Baroda,Monash University,Australia,Listed,As per bank list - https://bankofbaroda.bank.in/personal-banking/loans/education-loan/-/media/Project/BOB/CountryWebsites/India/pdfs/medical-courses-new.pdf ,Medical
Bank of Baroda,University of Melbourne,Australia,Listed,As per bank list - https://bankofbaroda.bank.in/personal-banking/loans/education-loan/-/media/Project/BOB/CountryWebsites/India/pdfs/medical-courses-new.pdf ,Medical
Bank of Baroda,University of New South Wales (UNSW Sydney),Australia,Listed,As per bank list - https://bankofbaroda.bank.in/personal-banking/loans/education-loan/-/media/Project/BOB/CountryWebsites/India/pdfs/medical-courses-new.pdf ,Medical
Bank of Baroda,University of Queensland,Australia,Listed,As per bank list - https://bankofbaroda.bank.in/personal-banking/loans/education-loan/-/media/Project/BOB/CountryWebsites/India/pdfs/medical-courses-new.pdf ,Medical
Bank of Baroda,University of Sydney,Australia,Listed,As per bank list - https://bankofbaroda.bank.in/personal-banking/loans/education-loan/-/media/Project/BOB/CountryWebsites/India/pdfs/medical-courses-new.pdf ,Medical
Bank of Baroda,California Institute of Technology,United States of America,Listed,As per bank list - https://bankofbaroda.bank.in/personal-banking/loans/education-loan/-/media/Project/BOB/CountryWebsites/India/pdfs/other-courses-new.pdf ,"Law, Econamics & Econometrics, Art, Performing Arts and Design Courses"
Bank of Baroda,Carnegie Mellon University,United States of America,Listed,As per bank list - https://bankofbaroda.bank.in/personal-banking/loans/education-loan/-/media/Project/BOB/CountryWebsites/India/pdfs/other-courses-new.pdf ,"Law, Econamics & Econometrics, Art, Performing Arts and Design Courses"
Bank of Baroda,Columbia University (Columbia University in the City of New York),United States of America,Listed,As per bank list - https://bankofbaroda.bank.in/personal-banking/loans/education-loan/-/media/Project/BOB/CountryWebsites/India/pdfs/other-courses-new.pdf ,"Law, Econamics & Econometrics, Art, Performing Arts and Design Courses"
Bank of Baroda,Cornell University,United States of America,Listed,As per bank list - https://bankofbaroda.bank.in/personal-banking/loans/education-loan/-/media/Project/BOB/CountryWebsites/India/pdfs/other-courses-new.pdf ,"Law, Econamics & Econometrics, Art, Performing Arts and Design Courses"
Bank of Baroda,Duke University,United States of America,Listed,As per bank list - https://bankofbaroda.bank.in/personal-banking/loans/education-loan/-/media/Project/BOB/CountryWebsites/India/pdfs/other-courses-new.pdf ,"Law, Econamics & Econometrics, Art, Performing Arts and Design Courses"
Bank of Baroda,Georgia Institute of Technology (Georgia Tech),United States of America,Listed,As per bank list - https://bankofbaroda.bank.in/personal-banking/loans/education-loan/-/media/Project/BOB/CountryWebsites/India/pdfs/other-courses-new.pdf ,"Law, Econamics & Econometrics, Art, Performing Arts and Design Courses"
Bank of Baroda,Harvard University,United States of America,Listed,As per bank list - https://bankofbaroda.bank.in/personal-banking/loans/education-loan/-/media/Project/BOB/CountryWebsites/India/pdfs/other-courses-new.pdf ,"Law, Econamics & Econometrics, Art, Performing Arts and Design Courses"
Bank of Baroda,Johns Hopkins University,United States of America,Listed,As per bank list - https://bankofbaroda.bank.in/personal-banking/loans/education-loan/-/media/Project/BOB/CountryWebsites/India/pdfs/other-courses-new.pdf ,"Law, Econamics & Econometrics, Art, Performing Arts and Design Courses"
Bank of Baroda,Massachusetts Institute of Technology,United States of America,Listed,As per bank list - https://bankofbaroda.bank.in/personal-banking/loans/education-loan/-/media/Project/BOB/CountryWebsites/India/pdfs/other-courses-new.pdf ,"Law, Econamics & Econometrics, Art, Performing Arts and Design Courses"
Bank of Baroda,New York University,United States of America,Listed,As per bank list - https://bankofbaroda.bank.in/personal-banking/loans/education-loan/-/media/Project/BOB/CountryWebsites/India/pdfs/other-courses-new.pdf ,"Law, Econamics & Econometrics, Art, Performing Arts and Design Courses"
Bank of Baroda,Northwestern University,United States of America,Listed,As per bank list - https://bankofbaroda.bank.in/personal-banking/loans/education-loan/-/media/Project/BOB/CountryWebsites/India/pdfs/other-courses-new.pdf ,"Law, Econamics & Econometrics, Art, Performing Arts and Design Courses"
Bank of Baroda,Princeton University,United States of America,Listed,As per bank list - https://bankofbaroda.bank.in/personal-banking/loans/education-loan/-/media/Project/BOB/CountryWebsites/India/pdfs/other-courses-new.pdf ,"Law, Econamics & Econometrics, Art, Performing Arts and Design Courses"
Bank of Baroda,Stanford University,United States of America,Listed,As per bank list - https://bankofbaroda.bank.in/personal-banking/loans/education-loan/-/media/Project/BOB/CountryWebsites/India/pdfs/other-courses-new.pdf ,"Law, Econamics & Econometrics, Art, Performing Arts and Design Courses"
Bank of Baroda,"University of California, Berkeley",United States of America,Listed,As per bank list - https://bankofbaroda.bank.in/personal-banking/loans/education-loan/-/media/Project/BOB/CountryWebsites/India/pdfs/other-courses-new.pdf ,"Law, Econamics & Econometrics, Art, Performing Arts and Design Courses"
Bank of Baroda,"University of California, Los Angeles",United States of America,Listed,As per bank list - https://bankofbaroda.bank.in/personal-banking/loans/education-loan/-/media/Project/BOB/CountryWebsites/India/pdfs/other-courses-new.pdf ,"Law, Econamics & Econometrics, Art, Performing Arts and Design Courses"
Bank of Baroda,"University of California, San Diego (UC San Diego)",United States of America,Listed,As per bank list - https://bankofbaroda.bank.in/personal-banking/loans/education-loan/-/media/Project/BOB/CountryWebsites/India/pdfs/other-courses-new.pdf ,"Law, Econamics & Econometrics, Art, Performing Arts and Design Courses"
Bank of Baroda,University of Chicago,United States of America,Listed,As per bank list - https://bankofbaroda.bank.in/personal-banking/loans/education-loan/-/media/Project/BOB/CountryWebsites/India/pdfs/other-courses-new.pdf ,"Law, Econamics & Econometrics, Art, Performing Arts and Design Courses"
Bank of Baroda,University of Michigan (University of Michigan–Ann Arbor),United States of America,Listed,As per bank list - https://bankofbaroda.bank.in/personal-banking/loans/education-loan/-/media/Project/BOB/CountryWebsites/India/pdfs/other-courses-new.pdf ,"Law, Econamics & Econometrics, Art, Performing Arts and Design Courses"
Bank of Baroda,University of Pennsylvania (UPenn),United States of America,Listed,As per bank list - https://bankofbaroda.bank.in/personal-banking/loans/education-loan/-/media/Project/BOB/CountryWebsites/India/pdfs/other-courses-new.pdf ,"Law, Econamics & Econometrics, Art, Performing Arts and Design Courses"
Bank of Baroda,University of Washington,United States of America,Listed,As per bank list - https://bankofbaroda.bank.in/personal-banking/loans/education-loan/-/media/Project/BOB/CountryWebsites/India/pdfs/other-courses-new.pdf ,"Law, Econamics & Econometrics, Art, Performing Arts and Design Courses"
Bank of Baroda,Yale University,United States of America,Listed,As per bank list - https://bankofbaroda.bank.in/personal-banking/loans/education-loan/-/media/Project/BOB/CountryWebsites/India/pdfs/other-courses-new.pdf ,"Law, Econamics & Econometrics, Art, Performing Arts and Design Courses"
Bank of Baroda,University of Illinois at Urbana-Champaign,United States of America,Listed,As per bank list - https://bankofbaroda.bank.in/personal-banking/loans/education-loan/-/media/Project/BOB/CountryWebsites/India/pdfs/other-courses-new.pdf ,"Law, Econamics & Econometrics, Art, Performing Arts and Design Courses"
Bank of Baroda,University of Wisconsin-Madison,United States of America,Listed,As per bank list - https://bankofbaroda.bank.in/personal-banking/loans/education-loan/-/media/Project/BOB/CountryWebsites/India/pdfs/other-courses-new.pdf ,"Law, Econamics & Econometrics, Art, Performing Arts and Design Courses"
Bank of Baroda,University of Texas at Austin,United States of America,Listed,As per bank list - https://bankofbaroda.bank.in/personal-banking/loans/education-loan/-/media/Project/BOB/CountryWebsites/India/pdfs/other-courses-new.pdf ,"Law, Econamics & Econometrics, Art, Performing Arts and Design Courses"
Bank of Baroda,Brown University,United States of America,Listed,As per bank list - https://bankofbaroda.bank.in/personal-banking/loans/education-loan/-/media/Project/BOB/CountryWebsites/India/pdfs/other-courses-new.pdf ,"Law, Econamics & Econometrics, Art, Performing Arts and Design Courses"
Bank of Baroda,Washington University in St. Louis,United States of America,Listed,As per bank list - https://bankofbaroda.bank.in/personal-banking/loans/education-loan/-/media/Project/BOB/CountryWebsites/India/pdfs/other-courses-new.pdf ,"Law, Econamics & Econometrics, Art, Performing Arts and Design Courses"
Bank of Baroda,"University of California, Santa Barbara",United States of America,Listed,As per bank list - https://bankofbaroda.bank.in/personal-banking/loans/education-loan/-/media/Project/BOB/CountryWebsites/India/pdfs/other-courses-new.pdf ,"Law, Econamics & Econometrics, Art, Performing Arts and Design Courses"
Bank of Baroda,Kings College London,United Kingdom,Listed,As per bank list - https://bankofbaroda.bank.in/personal-banking/loans/education-loan/-/media/Project/BOB/CountryWebsites/India/pdfs/other-courses-new.pdf ,"Law, Econamics & Econometrics, Art, Performing Arts and Design Courses"
Bank of Baroda,London School of Economics and Political Science,United Kingdom,Listed,As per bank list - https://bankofbaroda.bank.in/personal-banking/loans/education-loan/-/media/Project/BOB/CountryWebsites/India/pdfs/other-courses-new.pdf ,"Law, Econamics & Econometrics, Art, Performing Arts and Design Courses"
Bank of Baroda,University College London,United Kingdom,Listed,As per bank list - https://bankofbaroda.bank.in/personal-banking/loans/education-loan/-/media/Project/BOB/CountryWebsites/India/pdfs/other-courses-new.pdf ,"Law, Econamics & Econometrics, Art, Performing Arts and Design Courses"
Bank of Baroda,University of Cambridge,United Kingdom,Listed,As per bank list - https://bankofbaroda.bank.in/personal-banking/loans/education-loan/-/media/Project/BOB/CountryWebsites/India/pdfs/other-courses-new.pdf ,"Law, Econamics & Econometrics, Art, Performing Arts and Design Courses"
Bank of Baroda,University of Edinburgh,United Kingdom,Listed,As per bank list - https://bankofbaroda.bank.in/personal-banking/loans/education-loan/-/media/Project/BOB/CountryWebsites/India/pdfs/other-courses-new.pdf ,"Law, Econamics & Econometrics, Art, Performing Arts and Design Courses"
Bank of Baroda,University of Oxford,United Kingdom,Listed,As per bank list - https://bankofbaroda.bank.in/personal-banking/loans/education-loan/-/media/Project/BOB/CountryWebsites/India/pdfs/other-courses-new.pdf ,"Law, Econamics & Econometrics, Art, Performing Arts and Design Courses"
Bank of Baroda,ETH Zurich (Eidgenossische Technische Hochschule Zurich / Swiss Federal Institute of Technology Zurich),Swiss Confederation,Listed,As per bank list - https://bankofbaroda.bank.in/personal-banking/loans/education-loan/-/media/Project/BOB/CountryWebsites/India/pdfs/other-courses-new.pdf ,"Law, Econamics & Econometrics, Art, Performing Arts and Design Courses"
Bank of Baroda,National University of Singapore,Singapore,Listed,As per bank list - https://bankofbaroda.bank.in/personal-banking/loans/education-loan/-/media/Project/BOB/CountryWebsites/India/pdfs/other-courses-new.pdf ,"Law, Econamics & Econometrics, Art, Performing Arts and Design Courses"
Bank of Baroda,The University of Hong Kong (HKU),China,Listed,As per bank list - https://bankofbaroda.bank.in/personal-banking/loans/education-loan/-/media/Project/BOB/CountryWebsites/India/pdfs/other-courses-new.pdf ,"Law, Econamics & Econometrics, Art, Performing Arts and Design Courses"
Bank of Baroda,Peking University,China,Listed,As per bank list - https://bankofbaroda.bank.in/personal-banking/loans/education-loan/-/media/Project/BOB/CountryWebsites/India/pdfs/other-courses-new.pdf ,"Law, Econamics & Econometrics, Art, Performing Arts and Design Courses"
Bank of Baroda,University of British Columbia (UBC),Canada,Listed,As per bank list - https://bankofbaroda.bank.in/personal-banking/loans/education-loan/-/media/Project/BOB/CountryWebsites/India/pdfs/other-courses-new.pdf ,"Law, Econamics & Econometrics, Art, Performing Arts and Design Courses"
Bank of Baroda,University of Toronto,Canada,Listed,As per bank list - https://bankofbaroda.bank.in/personal-banking/loans/education-loan/-/media/Project/BOB/CountryWebsites/India/pdfs/other-courses-new.pdf ,"Law, Econamics & Econometrics, Art, Performing Arts and Design Courses"
Bank of Baroda,University of Melbourne,Australia,Listed,As per bank list - https://bankofbaroda.bank.in/personal-banking/loans/education-loan/-/media/Project/BOB/CountryWebsites/India/pdfs/other-courses-new.pdf ,"Law, Econamics & Econometrics, Art, Performing Arts and Design Courses"
State Bank of India,University of Adelaide,Australia,Annexure,As per bank list - https://drive.google.com/file/d/12exUFGGWOjypQI8sfCYLEz_Moavy22eH/view ,
State Bank of India,Australian National University,Australia,Annexure,As per bank list - https://drive.google.com/file/d/12exUFGGWOjypQI8sfCYLEz_Moavy22eH/view ,
State Bank of India,Monash University,Australia,Annexure,As per bank list - https://drive.google.com/file/d/12exUFGGWOjypQI8sfCYLEz_Moavy22eH/view ,
State Bank of India,University of Melbourne,Australia,Annexure,As per bank list - https://drive.google.com/file/d/12exUFGGWOjypQI8sfCYLEz_Moavy22eH/view ,
State Bank of India,University of New South Wales,Australia,Annexure,As per bank list - https://drive.google.com/file/d/12exUFGGWOjypQI8sfCYLEz_Moavy22eH/view ,
State Bank of India,University of Queensland,Australia,Annexure,As per bank list - https://drive.google.com/file/d/12exUFGGWOjypQI8sfCYLEz_Moavy22eH/view ,
State Bank of India,University of Sydney,Australia,Annexure,As per bank list - https://drive.google.com/file/d/12exUFGGWOjypQI8sfCYLEz_Moavy22eH/view ,
State Bank of India,University of Western Australia,Australia,Annexure,As per bank list - https://drive.google.com/file/d/12exUFGGWOjypQI8sfCYLEz_Moavy22eH/view ,
State Bank of India,University of Technology Sydney,Australia,Annexure,As per bank list - https://drive.google.com/file/d/12exUFGGWOjypQI8sfCYLEz_Moavy22eH/view ,
State Bank of India,KU Leuven,Belgium,Annexure,As per bank list - https://drive.google.com/file/d/12exUFGGWOjypQI8sfCYLEz_Moavy22eH/view ,
State Bank of India,University of Copenhagen,Denmark,Annexure,As per bank list - https://drive.google.com/file/d/12exUFGGWOjypQI8sfCYLEz_Moavy22eH/view ,
State Bank of India,University of Helsinki,Finland,Annexure,As per bank list - https://drive.google.com/file/d/12exUFGGWOjypQI8sfCYLEz_Moavy22eH/view ,
State Bank of India,Institut Polytechnique de Paris,France,Annexure,As per bank list - https://drive.google.com/file/d/12exUFGGWOjypQI8sfCYLEz_Moavy22eH/view ,
State Bank of India,PSL University,France,Annexure,As per bank list - https://drive.google.com/file/d/12exUFGGWOjypQI8sfCYLEz_Moavy22eH/view ,
State Bank of India,Sorbonne University,France,Annexure,As per bank list - https://drive.google.com/file/d/12exUFGGWOjypQI8sfCYLEz_Moavy22eH/view ,
State Bank of India,University Paris-Saclay,France,Annexure,As per bank list - https://drive.google.com/file/d/12exUFGGWOjypQI8sfCYLEz_Moavy22eH/view ,
State Bank of India,Freie Universitat Berlin,Germany,Annexure,As per bank list - https://drive.google.com/file/d/12exUFGGWOjypQI8sfCYLEz_Moavy22eH/view ,
State Bank of India,Humboldt-Universitat zu Berlin,Germany,Annexure,As per bank list - https://drive.google.com/file/d/12exUFGGWOjypQI8sfCYLEz_Moavy22eH/view ,
State Bank of India,LMU Munich,Germany,Annexure,As per bank list - https://drive.google.com/file/d/12exUFGGWOjypQI8sfCYLEz_Moavy22eH/view ,
State Bank of India,Heidelberg University,Germany,Annexure,As per bank list - https://drive.google.com/file/d/12exUFGGWOjypQI8sfCYLEz_Moavy22eH/view ,
State Bank of India,Technical University of Munich,Germany,Annexure,As per bank list - https://drive.google.com/file/d/12exUFGGWOjypQI8sfCYLEz_Moavy22eH/view ,
State Bank of India,City University of Hong Kong,China,Annexure,As per bank list - https://drive.google.com/file/d/12exUFGGWOjypQI8sfCYLEz_Moavy22eH/view ,
State Bank of India,Chinese University of Hong Kong,China,Annexure,As per bank list - https://drive.google.com/file/d/12exUFGGWOjypQI8sfCYLEz_Moavy22eH/view ,
State Bank of India,Hong Kong Polytechnic University,China,Annexure,As per bank list - https://drive.google.com/file/d/12exUFGGWOjypQI8sfCYLEz_Moavy22eH/view ,
State Bank of India,Hong Kong University of Science and Technology,China,Annexure,As per bank list - https://drive.google.com/file/d/12exUFGGWOjypQI8sfCYLEz_Moavy22eH/view ,
State Bank of India,University of Hong Kong,China,Annexure,As per bank list - https://drive.google.com/file/d/12exUFGGWOjypQI8sfCYLEz_Moavy22eH/view ,
State Bank of India,University of Bologna,Italy,Annexure,As per bank list - https://drive.google.com/file/d/12exUFGGWOjypQI8sfCYLEz_Moavy22eH/view ,
State Bank of India,Sapienza University of Rome,Italy,Annexure,As per bank list - https://drive.google.com/file/d/12exUFGGWOjypQI8sfCYLEz_Moavy22eH/view ,
State Bank of India,Kyoto University,Japan,Annexure,As per bank list - https://drive.google.com/file/d/12exUFGGWOjypQI8sfCYLEz_Moavy22eH/view ,
State Bank of India,University of Tokyo,Japan,Annexure,As per bank list - https://drive.google.com/file/d/12exUFGGWOjypQI8sfCYLEz_Moavy22eH/view ,
State Bank of India,Delft University of Technology,Netherlands,Annexure,As per bank list - https://drive.google.com/file/d/12exUFGGWOjypQI8sfCYLEz_Moavy22eH/view ,
State Bank of India,Erasmus University Rotterdam,Netherlands,Annexure,As per bank list - https://drive.google.com/file/d/12exUFGGWOjypQI8sfCYLEz_Moavy22eH/view ,
State Bank of India,Leiden University,Netherlands,Annexure,As per bank list - https://drive.google.com/file/d/12exUFGGWOjypQI8sfCYLEz_Moavy22eH/view ,
State Bank of India,University of Amsterdam,Netherlands,Annexure,As per bank list - https://drive.google.com/file/d/12exUFGGWOjypQI8sfCYLEz_Moavy22eH/view ,
State Bank of India,University of Groningen,Netherlands,Annexure,As per bank list - https://drive.google.com/file/d/12exUFGGWOjypQI8sfCYLEz_Moavy22eH/view ,
State Bank of India,Utrecht University,Netherlands,Annexure,As per bank list - https://drive.google.com/file/d/12exUFGGWOjypQI8sfCYLEz_Moavy22eH/view ,
State Bank of India,Wageningen University & Research,Netherlands,Annexure,As per bank list - https://drive.google.com/file/d/12exUFGGWOjypQI8sfCYLEz_Moavy22eH/view ,
State Bank of India,University of Auckland,New Zealand,Annexure,As per bank list - https://drive.google.com/file/d/12exUFGGWOjypQI8sfCYLEz_Moavy22eH/view ,
State Bank of India,University of Oslo,Norway,Annexure,As per bank list - https://drive.google.com/file/d/12exUFGGWOjypQI8sfCYLEz_Moavy22eH/view ,
State Bank of India,"Nanyang Technological University, Singapore",Singapore,Annexure,As per bank list - https://drive.google.com/file/d/12exUFGGWOjypQI8sfCYLEz_Moavy22eH/view ,
State Bank of India,National University of Singapore,Singapore,Annexure,As per bank list - https://drive.google.com/file/d/12exUFGGWOjypQI8sfCYLEz_Moavy22eH/view ,
State Bank of India,Lund University,Sweden,Annexure,As per bank list - https://drive.google.com/file/d/12exUFGGWOjypQI8sfCYLEz_Moavy22eH/view ,
State Bank of India,Uppsala University,Sweden,Annexure,As per bank list - https://drive.google.com/file/d/12exUFGGWOjypQI8sfCYLEz_Moavy22eH/view ,
State Bank of India,Ecole Polytechnique Federale de Lausanne,Swiss Confederation,Annexure,As per bank list - https://drive.google.com/file/d/12exUFGGWOjypQI8sfCYLEz_Moavy22eH/view ,
State Bank of India,ETH Zurich,Swiss Confederation,Annexure,As per bank list - https://drive.google.com/file/d/12exUFGGWOjypQI8sfCYLEz_Moavy22eH/view ,
State Bank of India,University of Zurich,Swiss Confederation,Annexure,As per bank list - https://drive.google.com/file/d/12exUFGGWOjypQI8sfCYLEz_Moavy22eH/view ,
State Bank of India,Imperial College London,United Kingdom,Annexure,As per bank list - https://drive.google.com/file/d/12exUFGGWOjypQI8sfCYLEz_Moavy22eH/view ,
State Bank of India,Kings College London,United Kingdom,Annexure,As per bank list - https://drive.google.com/file/d/12exUFGGWOjypQI8sfCYLEz_Moavy22eH/view ,
State Bank of India,London School of Economics and Political Science,United Kingdom,Annexure,As per bank list - https://drive.google.com/file/d/12exUFGGWOjypQI8sfCYLEz_Moavy22eH/view ,
State Bank of India,Queen Mary University of London,United Kingdom,Annexure,As per bank list - https://drive.google.com/file/d/12exUFGGWOjypQI8sfCYLEz_Moavy22eH/view ,
State Bank of India,University of Manchester,United Kingdom,Annexure,As per bank list - https://drive.google.com/file/d/12exUFGGWOjypQI8sfCYLEz_Moavy22eH/view ,
State Bank of India,University of Nottingham,United Kingdom,Annexure,As per bank list - https://drive.google.com/file/d/12exUFGGWOjypQI8sfCYLEz_Moavy22eH/view ,
State Bank of India,University of Sheffield,United Kingdom,Annexure,As per bank list - https://drive.google.com/file/d/12exUFGGWOjypQI8sfCYLEz_Moavy22eH/view ,
State Bank of India,University of Warwick,United Kingdom,Annexure,As per bank list - https://drive.google.com/file/d/12exUFGGWOjypQI8sfCYLEz_Moavy22eH/view ,
State Bank of India,University College London,United Kingdom,Annexure,As per bank list - https://drive.google.com/file/d/12exUFGGWOjypQI8sfCYLEz_Moavy22eH/view ,
State Bank of India,University of Birmingham,United Kingdom,Annexure,As per bank list - https://drive.google.com/file/d/12exUFGGWOjypQI8sfCYLEz_Moavy22eH/view ,
State Bank of India,University of Bristol,United Kingdom,Annexure,As per bank list - https://drive.google.com/file/d/12exUFGGWOjypQI8sfCYLEz_Moavy22eH/view ,
State Bank of India,University of Cambridge,United Kingdom,Annexure,As per bank list - https://drive.google.com/file/d/12exUFGGWOjypQI8sfCYLEz_Moavy22eH/view ,
State Bank of India,University of Edinburgh,United Kingdom,Annexure,As per bank list - https://drive.google.com/file/d/12exUFGGWOjypQI8sfCYLEz_Moavy22eH/view ,
State Bank of India,University of Exeter,United Kingdom,Annexure,As per bank list - https://drive.google.com/file/d/12exUFGGWOjypQI8sfCYLEz_Moavy22eH/view ,
State Bank of India,University of Glasgow,United Kingdom,Annexure,As per bank list - https://drive.google.com/file/d/12exUFGGWOjypQI8sfCYLEz_Moavy22eH/view ,
State Bank of India,University of Leeds,United Kingdom,Annexure,As per bank list - https://drive.google.com/file/d/12exUFGGWOjypQI8sfCYLEz_Moavy22eH/view ,
State Bank of India,University of Oxford,United Kingdom,Annexure,As per bank list - https://drive.google.com/file/d/12exUFGGWOjypQI8sfCYLEz_Moavy22eH/view ,
State Bank of India,University of Southampton,United Kingdom,Annexure,As per bank list - https://drive.google.com/file/d/12exUFGGWOjypQI8sfCYLEz_Moavy22eH/view ,
State Bank of India,Boston University,United States of America,Annexure,As per bank list - https://drive.google.com/file/d/12exUFGGWOjypQI8sfCYLEz_Moavy22eH/view ,
State Bank of India,Brown University,United States of America,Annexure,As per bank list - https://drive.google.com/file/d/12exUFGGWOjypQI8sfCYLEz_Moavy22eH/view ,
State Bank of India,California Institute of Technology,United States of America,Annexure,As per bank list - https://drive.google.com/file/d/12exUFGGWOjypQI8sfCYLEz_Moavy22eH/view ,
State Bank of India,Carnegie Mellon University,United States of America,Annexure,As per bank list - https://drive.google.com/file/d/12exUFGGWOjypQI8sfCYLEz_Moavy22eH/view ,
State Bank of India,Columbia University,United States of America,Annexure,As per bank list - https://drive.google.com/file/d/12exUFGGWOjypQI8sfCYLEz_Moavy22eH/view ,
State Bank of India,Cornell University,United States of America,Annexure,As per bank list - https://drive.google.com/file/d/12exUFGGWOjypQI8sfCYLEz_Moavy22eH/view ,
State Bank of India,Duke University,United States of America,Annexure,As per bank list - https://drive.google.com/file/d/12exUFGGWOjypQI8sfCYLEz_Moavy22eH/view ,
State Bank of India,Emory University,United States of America,Annexure,As per bank list - https://drive.google.com/file/d/12exUFGGWOjypQI8sfCYLEz_Moavy22eH/view ,
State Bank of India,Georgia Institute of Technology,United States of America,Annexure,As per bank list - https://drive.google.com/file/d/12exUFGGWOjypQI8sfCYLEz_Moavy22eH/view ,
State Bank of India,Harvard University,United States of America,Annexure,As per bank list - https://drive.google.com/file/d/12exUFGGWOjypQI8sfCYLEz_Moavy22eH/view ,
State Bank of India,Johns Hopkins University,United States of America,Annexure,As per bank list - https://drive.google.com/file/d/12exUFGGWOjypQI8sfCYLEz_Moavy22eH/view ,
State Bank of India,Massachusetts Institute of Technology,United States of America,Annexure,As per bank list - https://drive.google.com/file/d/12exUFGGWOjypQI8sfCYLEz_Moavy22eH/view ,
State Bank of India,Michigan State University,United States of America,Annexure,As per bank list - https://drive.google.com/file/d/12exUFGGWOjypQI8sfCYLEz_Moavy22eH/view ,
State Bank of India,New York University,United States of America,Annexure,As per bank list - https://drive.google.com/file/d/12exUFGGWOjypQI8sfCYLEz_Moavy22eH/view ,
State Bank of India,Northwestern University,United States of America,Annexure,As per bank list - https://drive.google.com/file/d/12exUFGGWOjypQI8sfCYLEz_Moavy22eH/view ,
State Bank of India,Pennsylvania State University,United States of America,Annexure,As per bank list - https://drive.google.com/file/d/12exUFGGWOjypQI8sfCYLEz_Moavy22eH/view ,
State Bank of India,Princeton University,United States of America,Annexure,As per bank list - https://drive.google.com/file/d/12exUFGGWOjypQI8sfCYLEz_Moavy22eH/view ,
State Bank of India,Purdue University,United States of America,Annexure,As per bank list - https://drive.google.com/file/d/12exUFGGWOjypQI8sfCYLEz_Moavy22eH/view ,
State Bank of India,Stanford University,United States of America,Annexure,As per bank list - https://drive.google.com/file/d/12exUFGGWOjypQI8sfCYLEz_Moavy22eH/view ,
State Bank of India,Texas A&M University,United States of America,Annexure,As per bank list - https://drive.google.com/file/d/12exUFGGWOjypQI8sfCYLEz_Moavy22eH/view ,
State Bank of India,"University of California, Berkeley",United States of America,Annexure,As per bank list - https://drive.google.com/file/d/12exUFGGWOjypQI8sfCYLEz_Moavy22eH/view ,
State Bank of India,"University of California, Davis",United States of America,Annexure,As per bank list - https://drive.google.com/file/d/12exUFGGWOjypQI8sfCYLEz_Moavy22eH/view ,
State Bank of India,"University of California, Los Angeles",United States of America,Annexure,As per bank list - https://drive.google.com/file/d/12exUFGGWOjypQI8sfCYLEz_Moavy22eH/view ,
State Bank of India,"University of California, San Diego",United States of America,Annexure,As per bank list - https://drive.google.com/file/d/12exUFGGWOjypQI8sfCYLEz_Moavy22eH/view ,
State Bank of India,"University of California, Santa Barbara",United States of America,Annexure,As per bank list - https://drive.google.com/file/d/12exUFGGWOjypQI8sfCYLEz_Moavy22eH/view ,
State Bank of India,University of Chicago,United States of America,Annexure,As per bank list - https://drive.google.com/file/d/12exUFGGWOjypQI8sfCYLEz_Moavy22eH/view ,
State Bank of India,University of Illinois at Urbana-Champaign,United States of America,Annexure,As per bank list - https://drive.google.com/file/d/12exUFGGWOjypQI8sfCYLEz_Moavy22eH/view ,
State Bank of India,University of Michigan,United States of America,Annexure,As per bank list - https://drive.google.com/file/d/12exUFGGWOjypQI8sfCYLEz_Moavy22eH/view ,
State Bank of India,University of North Carolina at Chapel Hill,United States of America,Annexure,As per bank list - https://drive.google.com/file/d/12exUFGGWOjypQI8sfCYLEz_Moavy22eH/view ,
State Bank of India,University of Pennsylvania,United States of America,Annexure,As per bank list - https://drive.google.com/file/d/12exUFGGWOjypQI8sfCYLEz_Moavy22eH/view ,
State Bank of India,University of Southern California,United States of America,Annexure,As per bank list - https://drive.google.com/file/d/12exUFGGWOjypQI8sfCYLEz_Moavy22eH/view ,
State Bank of India,University of Texas at Austin,United States of America,Annexure,As per bank list - https://drive.google.com/file/d/12exUFGGWOjypQI8sfCYLEz_Moavy22eH/view ,
State Bank of India,University of Washington,United States of America,Annexure,As per bank list - https://drive.google.com/file/d/12exUFGGWOjypQI8sfCYLEz_Moavy22eH/view ,
State Bank of India,University of Wisconsin-Madison,United States of America,Annexure,As per bank list - https://drive.google.com/file/d/12exUFGGWOjypQI8sfCYLEz_Moavy22eH/view ,
State Bank of India,Washington University in St. Louis,United States of America,Annexure,As per bank list - https://drive.google.com/file/d/12exUFGGWOjypQI8sfCYLEz_Moavy22eH/view ,
State Bank of India,Yale University,United States of America,Top 75 as per QS Rankings 2026,https://www.topuniversities.com/world-university-rankings,
Yes Bank,Massachusetts Institute of Technology,United States of America,Top 75 as per QS Rankings 2026,https://www.topuniversities.com/world-university-rankings,
Yes Bank,Imperial College London,United Kingdom,Top 75 as per QS Rankings 2026,https://www.topuniversities.com/world-university-rankings,
Yes Bank,Stanford University,United States of America,Top 75 as per QS Rankings 2026,https://www.topuniversities.com/world-university-rankings,
Yes Bank,University of Oxford,United Kingdom,Top 75 as per QS Rankings 2026,https://www.topuniversities.com/world-university-rankings,
Yes Bank,Harvard University,United States of America,Top 75 as per QS Rankings 2026,https://www.topuniversities.com/world-university-rankings,
Yes Bank,University of Cambridge,United Kingdom,Top 75 as per QS Rankings 2026,https://www.topuniversities.com/world-university-rankings,
Yes Bank,ETH Zurich,Switzerland,Top 75 as per QS Rankings 2026,https://www.topuniversities.com/world-university-rankings,
Yes Bank,National University of Singapore,Singapore,Top 75 as per QS Rankings 2026,https://www.topuniversities.com/world-university-rankings,
Yes Bank,University College London,United Kingdom,Top 75 as per QS Rankings 2026,https://www.topuniversities.com/world-university-rankings,
Yes Bank,California Institute of Technology,United States of America,Top 75 as per QS Rankings 2026,https://www.topuniversities.com/world-university-rankings,
Yes Bank,University of Hong Kong,China,Top 75 as per QS Rankings 2026,https://www.topuniversities.com/world-university-rankings,
Yes Bank,Nanyang Technological University,Singapore,Top 75 as per QS Rankings 2026,https://www.topuniversities.com/world-university-rankings,
Yes Bank,University of Chicago,United States of America,Top 75 as per QS Rankings 2026,https://www.topuniversities.com/world-university-rankings,
Yes Bank,Peking University,China,Top 75 as per QS Rankings 2026,https://www.topuniversities.com/world-university-rankings,
Yes Bank,University of Pennsylvania,United States of America,Top 75 as per QS Rankings 2026,https://www.topuniversities.com/world-university-rankings,
Yes Bank,Cornell University,United States of America,Top 75 as per QS Rankings 2026,https://www.topuniversities.com/world-university-rankings,
Yes Bank,Tsinghua University,China,Top 75 as per QS Rankings 2026,https://www.topuniversities.com/world-university-rankings,
Yes Bank,"University of California, Berkeley",United States of America,Top 75 as per QS Rankings 2026,https://www.topuniversities.com/world-university-rankings,
Yes Bank,University of Melbourne,Australia,Top 75 as per QS Rankings 2026,https://www.topuniversities.com/world-university-rankings,
Yes Bank,University of New South Wales,Australia,Top 75 as per QS Rankings 2026,https://www.topuniversities.com/world-university-rankings,
Yes Bank,Yale University,United States of America,Top 75 as per QS Rankings 2026,https://www.topuniversities.com/world-university-rankings,
Yes Bank,Ecole Polytechnique Federale de Lausanne,Switzerland,Top 75 as per QS Rankings 2026,https://www.topuniversities.com/world-university-rankings,
Yes Bank,Technical University of Munich,Germany,Top 75 as per QS Rankings 2026,https://www.topuniversities.com/world-university-rankings,
Yes Bank,Johns Hopkins University,United States of America,Top 75 as per QS Rankings 2026,https://www.topuniversities.com/world-university-rankings,
Yes Bank,Princeton University,United States of America,Top 75 as per QS Rankings 2026,https://www.topuniversities.com/world-university-rankings,
Yes Bank,University of Sydney,Australia,Top 75 as per QS Rankings 2026,https://www.topuniversities.com/world-university-rankings,
Yes Bank,McGill University,Canada,Top 75 as per QS Rankings 2026,https://www.topuniversities.com/world-university-rankings,
Yes Bank,PSL University,France,Top 75 as per QS Rankings 2026,https://www.topuniversities.com/world-university-rankings,
Yes Bank,University of Toronto,Canada,Top 75 as per QS Rankings 2026,https://www.topuniversities.com/world-university-rankings,
Yes Bank,Fudan University,China,Top 75 as per QS Rankings 2026,https://www.topuniversities.com/world-university-rankings,
Yes Bank,Kings College London,United Kingdom,Top 75 as per QS Rankings 2026,https://www.topuniversities.com/world-university-rankings,
Yes Bank,Australian National University,Australia,Top 75 as per QS Rankings 2026,https://www.topuniversities.com/world-university-rankings,
Yes Bank,Chinese University of Hong Kong,China,Top 75 as per QS Rankings 2026,https://www.topuniversities.com/world-university-rankings,
Yes Bank,University of Edinburgh,United Kingdom,Top 75 as per QS Rankings 2026,https://www.topuniversities.com/world-university-rankings,
Yes Bank,University of Manchester,United Kingdom,Top 75 as per QS Rankings 2026,https://www.topuniversities.com/world-university-rankings,
Yes Bank,Monash University,Australia,Top 75 as per QS Rankings 2026,https://www.topuniversities.com/world-university-rankings,
Yes Bank,University of Tokyo,Japan,Top 75 as per QS Rankings 2026,https://www.topuniversities.com/world-university-rankings,
Yes Bank,Columbia University,United States of America,Top 75 as per QS Rankings 2026,https://www.topuniversities.com/world-university-rankings,
Yes Bank,Seoul National University,South Korea,Top 75 as per QS Rankings 2026,https://www.topuniversities.com/world-university-rankings,
Yes Bank,University of British Columbia,Canada,Top 75 as per QS Rankings 2026,https://www.topuniversities.com/world-university-rankings,
Yes Bank,Institut Polytechnique de Paris,France,Top 75 as per QS Rankings 2026,https://www.topuniversities.com/world-university-rankings,
Yes Bank,Northwestern University,United States of America,Top 75 as per QS Rankings 2026,https://www.topuniversities.com/world-university-rankings,
Yes Bank,University of Queensland,Australia,Top 75 as per QS Rankings 2026,https://www.topuniversities.com/world-university-rankings,
Yes Bank,Hong Kong University of Science and Technology,China,Top 75 as per QS Rankings 2026,https://www.topuniversities.com/world-university-rankings,
Yes Bank,University of Michigan,United States of America,Top 75 as per QS Rankings 2026,https://www.topuniversities.com/world-university-rankings,
Yes Bank,"University of California, Los Angeles",United States of America,Top 75 as per QS Rankings 2026,https://www.topuniversities.com/world-university-rankings,
Yes Bank,Delft University of Technology,Netherlands,Top 75 as per QS Rankings 2026,https://www.topuniversities.com/world-university-rankings,
Yes Bank,Shanghai Jiao Tong University,China,Top 75 as per QS Rankings 2026,https://www.topuniversities.com/world-university-rankings,
Yes Bank,Zhejiang University,China,Top 75 as per QS Rankings 2026,https://www.topuniversities.com/world-university-rankings,
Yes Bank,Yonsei University,South Korea,Top 75 as per QS Rankings 2026,https://www.topuniversities.com/world-university-rankings,
Yes Bank,University of Bristol,United Kingdom,Top 75 as per QS Rankings 2026,https://www.topuniversities.com/world-university-rankings,
Yes Bank,Carnegie Mellon University,United States of America,Top 75 as per QS Rankings 2026,https://www.topuniversities.com/world-university-rankings,
Yes Bank,University of Amsterdam,Netherlands,Top 75 as per QS Rankings 2026,https://www.topuniversities.com/world-university-rankings,
Yes Bank,Hong Kong Polytechnic University,China,Top 75 as per QS Rankings 2026,https://www.topuniversities.com/world-university-rankings,
Yes Bank,New York University,United States of America,Top 75 as per QS Rankings 2026,https://www.topuniversities.com/world-university-rankings,
Yes Bank,London School of Economics and Political Science,United Kingdom,Top 75 as per QS Rankings 2026,https://www.topuniversities.com/world-university-rankings,
Yes Bank,Kyoto University,Japan,Top 75 as per QS Rankings 2026,https://www.topuniversities.com/world-university-rankings,
Yes Bank,Ludwig Maximilians University Munich,Germany,Top 75 as per QS Rankings 2026,https://www.topuniversities.com/world-university-rankings,
Yes Bank,Universiti Malaya,Malaysia,Top 75 as per QS Rankings 2026,https://www.topuniversities.com/world-university-rankings,
Yes Bank,KU Leuven,Belgium,Top 75 as per QS Rankings 2026,https://www.topuniversities.com/world-university-rankings,
Yes Bank,Korea University,South Korea,Top 75 as per QS Rankings 2026,https://www.topuniversities.com/world-university-rankings,
Yes Bank,Duke University,United States of America,Top 75 as per QS Rankings 2026,https://www.topuniversities.com/world-university-rankings,
Yes Bank,City University of Hong Kong,China,Top 75 as per QS Rankings 2026,https://www.topuniversities.com/world-university-rankings,
Yes Bank,National Taiwan University,Taiwan,Top 75 as per QS Rankings 2026,https://www.topuniversities.com/world-university-rankings,
Yes Bank,University of Auckland,New Zealand,Top 75 as per QS Rankings 2026,https://www.topuniversities.com/world-university-rankings,
Yes Bank,"University of California, San Diego",United States of America,Top 75 as per QS Rankings 2026,https://www.topuniversities.com/world-university-rankings,
Yes Bank,King Fahd University of Petroleum & Minerals,Saudi Arabia,Top 75 as per QS Rankings 2026,https://www.topuniversities.com/world-university-rankings,
Yes Bank,University of Texas at Austin,United States of America,Top 75 as per QS Rankings 2026,https://www.topuniversities.com/world-university-rankings,
Yes Bank,Brown University,United States of America,Top 75 as per QS Rankings 2026,https://www.topuniversities.com/world-university-rankings,
Yes Bank,University Paris-Saclay,France,Top 75 as per QS Rankings 2026,https://www.topuniversities.com/world-university-rankings,
Yes Bank,University of Illinois at Urbana-Champaign,United States of America,Top 75 as per QS Rankings 2026,https://www.topuniversities.com/world-university-rankings,
Yes Bank,Lund University,Sweden,Top 75 as per QS Rankings 2026,https://www.topuniversities.com/world-university-rankings,
Yes Bank,Sorbonne University,France,Top 75 as per QS Rankings 2026,https://www.topuniversities.com/world-university-rankings,
Yes Bank,University of Warwick,United Kingdom,Top 75 as per QS Rankings 2026,https://www.topuniversities.com/world-university-rankings,
Yes Bank,Trinity College Dublin,Ireland,Top 75 as per QS Rankings 2026,https://www.topuniversities.com/world-university-rankings,
Yes Bank,University of Birmingham,United Kingdom,Top 75-300 as per QS Rankings 2026,https://www.topuniversities.com/world-university-rankings,
Yes Bank,University of Western Australia,Australia,Top 75-300 as per QS Rankings 2026,https://www.topuniversities.com/world-university-rankings,
Yes Bank,KTH Royal Institute of Technology,Sweden,Top 75-300 as per QS Rankings 2026,https://www.topuniversities.com/world-university-rankings,
Yes Bank,University of Glasgow,United Kingdom,Top 75-300 as per QS Rankings 2026,https://www.topuniversities.com/world-university-rankings,
Yes Bank,Heidelberg University,Germany,Top 75-300 as per QS Rankings 2026,https://www.topuniversities.com/world-university-rankings,
Yes Bank,University of Washington,United States of America,Top 75-300 as per QS Rankings 2026,https://www.topuniversities.com/world-university-rankings,
Yes Bank,University of Adelaide,Australia,Top 75-300 as per QS Rankings 2026,https://www.topuniversities.com/world-university-rankings,
Yes Bank,Pennsylvania State University,United States of America,Top 75-300 as per QS Rankings 2026,https://www.topuniversities.com/world-university-rankings,
Yes Bank,Universidad de Buenos Aires,Argentina,Top 75-300 as per QS Rankings 2026,https://www.topuniversities.com/world-university-rankings,
Yes Bank,Tokyo Institute of Technology,Japan,Top 75-300 as per QS Rankings 2026,https://www.topuniversities.com/world-university-rankings,
Yes Bank,University of Leeds,United Kingdom,Top 75-300 as per QS Rankings 2026,https://www.topuniversities.com/world-university-rankings,
Yes Bank,University of Southampton,United Kingdom,Top 75-300 as per QS Rankings 2026,https://www.topuniversities.com/world-university-rankings,
Yes Bank,Boston University,United States of America,Top 75-300 as per QS Rankings 2026,https://www.topuniversities.com/world-university-rankings,
Yes Bank,Freie Universitat Berlin,Germany,Top 75-300 as per QS Rankings 2026,https://www.topuniversities.com/world-university-rankings,
Yes Bank,Purdue University,United States of America,Top 75-300 as per QS Rankings 2026,https://www.topuniversities.com/world-university-rankings,
Yes Bank,Osaka University,Japan,Top 75-300 as per QS Rankings 2026,https://www.topuniversities.com/world-university-rankings,
Yes Bank,University of Sheffield,United Kingdom,Top 75-300 as per QS Rankings 2026,https://www.topuniversities.com/world-university-rankings,
Yes Bank,Uppsala University,Sweden,Top 75-300 as per QS Rankings 2026,https://www.topuniversities.com/world-university-rankings,
Yes Bank,Durham University,United Kingdom,Top 75-300 as per QS Rankings 2026,https://www.topuniversities.com/world-university-rankings,
Yes Bank,University of Alberta,Canada,Top 75-300 as per QS Rankings 2026,https://www.topuniversities.com/world-university-rankings,
Yes Bank,University of Technology Sydney,Australia,Top 75-300 as per QS Rankings 2026,https://www.topuniversities.com/world-university-rankings,
Yes Bank,University of Nottingham,United Kingdom,Top 75-300 as per QS Rankings 2026,https://www.topuniversities.com/world-university-rankings,
Yes Bank,Karlsruhe Institute of Technology (KIT),Germany,Top 75-300 as per QS Rankings 2026,https://www.topuniversities.com/world-university-rankings,
Yes Bank,Politecnico di Milano,Italy,Top 75-300 as per QS Rankings 2026,https://www.topuniversities.com/world-university-rankings,
Yes Bank,University of Zurich (UZH),Switzerland,Top 75-300 as per QS Rankings 2026,https://www.topuniversities.com/world-university-rankings,
Yes Bank,University of Copenhagen,Denmark,Top 75-300 as per QS Rankings 2026,https://www.topuniversities.com/world-university-rankings,
Yes Bank,Pohang University of Science And Technology (POSTECH),South Korea,Top 75-300 as per QS Rankings 2026,https://www.topuniversities.com/world-university-rankings,
Yes Bank,Nanjing University,China,Top 75-300 as per QS Rankings 2026,https://www.topuniversities.com/world-university-rankings,
Yes Bank,Utrecht University,Netherlands,Top 75-300 as per QS Rankings 2026,https://www.topuniversities.com/world-university-rankings,
Yes Bank,Lomonosov Moscow State University,Russian Federation,Top 75-300 as per QS Rankings 2026,https://www.topuniversities.com/world-university-rankings,
Yes Bank,Rheinisch-Westfalische Technische Hochschule Aachen,Germany,Top 75-300 as per QS Rankings 2026,https://www.topuniversities.com/world-university-rankings,
Yes Bank,Technical University of Denmark,Denmark,Top 75-300 as per QS Rankings 2026,https://www.topuniversities.com/world-university-rankings,
Yes Bank,Universidade de Sao Paulo (USP),Brazil,Top 75-300 as per QS Rankings 2026,https://www.topuniversities.com/world-university-rankings,
Yes Bank,Tohoku University,Japan,Top 75-300 as per QS Rankings 2026,https://www.topuniversities.com/world-university-rankings,
Yes Bank,Queen Mary University of London (QMUL),United Kingdom,Top 75-300 as per QS Rankings 2026,https://www.topuniversities.com/world-university-rankings,
Yes Bank,University of Wisconsin-Madison,United States of America,Top 75-300 as per QS Rankings 2026,https://www.topuniversities.com/world-university-rankings,
Yes Bank,Qatar University,Qatar,Top 75-300 as per QS Rankings 2026,https://www.topuniversities.com/world-university-rankings,
Yes Bank,University of St Andrews,United Kingdom,Top 75-300 as per QS Rankings 2026,https://www.topuniversities.com/world-university-rankings,
Yes Bank,Aalto University,Finland,Top 75-300 as per QS Rankings 2026,https://www.topuniversities.com/world-university-rankings,
Yes Bank,"University of California, Davis",United States of America,Top 75-300 as per QS Rankings 2026,https://www.topuniversities.com/world-university-rankings,
Yes Bank,Pontificia Universidad Catolica de Chile,Chile,Top 75-300 as per QS Rankings 2026,https://www.topuniversities.com/world-university-rankings,
Yes Bank,University of Helsinki,Finland,Top 75-300 as per QS Rankings 2026,https://www.topuniversities.com/world-university-rankings,
Yes Bank,University College Dublin,Ireland,Top 75-300 as per QS Rankings 2026,https://www.topuniversities.com/world-university-rankings,
Yes Bank,Leiden University,Netherlands,Top 75-300 as per QS Rankings 2026,https://www.topuniversities.com/world-university-rankings,
Yes Bank,Rice University,United States of America,Top 75-300 as per QS Rankings 2026,https://www.topuniversities.com/world-university-rankings,
Yes Bank,University of Oslo,Norway,Top 75-300 as per QS Rankings 2026,https://www.topuniversities.com/world-university-rankings,
Yes Bank,University of Waterloo,Canada,Top 75-300 as per QS Rankings 2026,https://www.topuniversities.com/world-university-rankings,
Yes Bank,Georgia Institute of Technology,United States of America,Top 75-300 as per QS Rankings 2026,https://www.topuniversities.com/world-university-rankings,
Yes Bank,Indian Institute of Technology Delhi (IITD),India,Top 75-300 as per QS Rankings 2026,https://www.topuniversities.com/world-university-rankings,
Yes Bank,RMIT University,Australia,Top 75-300 as per QS Rankings 2026,https://www.topuniversities.com/world-university-rankings,
Yes Bank,Sungkyunkwan University,South Korea,Top 75-300 as per QS Rankings 2026,https://www.topuniversities.com/world-university-rankings,
Yes Bank,Universiti Kebangsaan Malaysia (UKM),Malaysia,Top 75-300 as per QS Rankings 2026,https://www.topuniversities.com/world-university-rankings,
Yes Bank,Sapienza University of Rome,Italy,Top 75-300 as per QS Rankings 2026,https://www.topuniversities.com/world-university-rankings,
Yes Bank,Indian Institute of Technology Bombay (IITB),India,Top 75-300 as per QS Rankings 2026,https://www.topuniversities.com/world-university-rankings,
Yes Bank,Humboldt-Universitat zu Berlin,Germany,Top 75-300 as per QS Rankings 2026,https://www.topuniversities.com/world-university-rankings,
Yes Bank,Aarhus University,Denmark,Top 75-300 as per QS Rankings 2026,https://www.topuniversities.com/world-university-rankings,
Yes Bank,University of Bath,United Kingdom,Top 75-300 as per QS Rankings 2026,https://www.topuniversities.com/world-university-rankings,
Yes Bank,University of Science and Technology of China,China,Top 75-300 as per QS Rankings 2026,https://www.topuniversities.com/world-university-rankings,
Yes Bank,Universiti Putra Malaysia (UPM),Malaysia,Top 75-300 as per QS Rankings 2026,https://www.topuniversities.com/world-university-rankings,
Yes Bank,Universiti Sains Malaysia (USM),Malaysia,Top 75-300 as per QS Rankings 2026,https://www.topuniversities.com/world-university-rankings,
Yes Bank,Universidad Nacional Autonoma de Mexico (UNAM),Mexico,Top 75-300 as per QS Rankings 2026,https://www.topuniversities.com/world-university-rankings,
Yes Bank,Newcastle University,United Kingdom,Top 75-300 as per QS Rankings 2026,https://www.topuniversities.com/world-university-rankings,
Yes Bank,Alma Mater Studiorum - University of Bologna,Italy,Top 75-300 as per QS Rankings 2026,https://www.topuniversities.com/world-university-rankings,
Yes Bank,Macquarie University,Australia,Top 75-300 as per QS Rankings 2026,https://www.topuniversities.com/world-university-rankings,
Yes Bank,Eindhoven University of Technology,Netherlands,Top 75-300 as per QS Rankings 2026,https://www.topuniversities.com/world-university-rankings,
Yes Bank,Erasmus University Rotterdam,Netherlands,Top 75-300 as per QS Rankings 2026,https://www.topuniversities.com/world-university-rankings,
Yes Bank,"University of North Carolina, Chapel Hill",United States of America,Top 75-300 as per QS Rankings 2026,https://www.topuniversities.com/world-university-rankings,
Yes Bank,King Saud University,Saudi Arabia,Top 75-300 as per QS Rankings 2026,https://www.topuniversities.com/world-university-rankings,
Yes Bank,Texas A&M University,United States of America,Top 75-300 as per QS Rankings 2026,https://www.topuniversities.com/world-university-rankings,
Yes Bank,Technische Universitat Berlin,Germany,Top 75-300 as per QS Rankings 2026,https://www.topuniversities.com/world-university-rankings,
Yes Bank,University of Southern California,United States of America,Top 75-300 as per QS Rankings 2026,https://www.topuniversities.com/world-university-rankings,
Yes Bank,Stockholm University,Sweden,Top 75-300 as per QS Rankings 2026,https://www.topuniversities.com/world-university-rankings,
Yes Bank,University of Groningen,Netherlands,Top 75-300 as per QS Rankings 2026,https://www.topuniversities.com/world-university-rankings,
Yes Bank,University of Liverpool,United Kingdom,Top 75-300 as per QS Rankings 2026,https://www.topuniversities.com/world-university-rankings,
Yes Bank,University of Cape Town,South Africa,Top 75-300 as per QS Rankings 2026,https://www.topuniversities.com/world-university-rankings,
Yes Bank,Western University,Canada,Top 75-300 as per QS Rankings 2026,https://www.topuniversities.com/world-university-rankings,
Yes Bank,University of Vienna,Austria,Top 75-300 as per QS Rankings 2026,https://www.topuniversities.com/world-university-rankings,
Yes Bank,Universiti Teknologi Malaysia (UTM),Malaysia,Top 75-300 as per QS Rankings 2026,https://www.topuniversities.com/world-university-rankings,
Yes Bank,Wageningen University & Research,Netherlands,Top 75-300 as per QS Rankings 2026,https://www.topuniversities.com/world-university-rankings,
Yes Bank,University of Exeter,United Kingdom,Top 75-300 as per QS Rankings 2026,https://www.topuniversities.com/world-university-rankings,
Yes Bank,University of Geneva,Switzerland,Top 75-300 as per QS Rankings 2026,https://www.topuniversities.com/world-university-rankings,
Yes Bank,Lancaster University,United Kingdom,Top 75-300 as per QS Rankings 2026,https://www.topuniversities.com/world-university-rankings,
Yes Bank,University of Basel,Switzerland,Top 75-300 as per QS Rankings 2026,https://www.topuniversities.com/world-university-rankings,
Yes Bank,Hanyang University,South Korea,Top 75-300 as per QS Rankings 2026,https://www.topuniversities.com/world-university-rankings,
Yes Bank,University of Barcelona,Spain,Top 75-300 as per QS Rankings 2026,https://www.topuniversities.com/world-university-rankings,
Yes Bank,Michigan State University,United States of America,Top 75-300 as per QS Rankings 2026,https://www.topuniversities.com/world-university-rankings,
Yes Bank,Ghent University,Belgium,Top 75-300 as per QS Rankings 2026,https://www.topuniversities.com/world-university-rankings,
Yes Bank,King Abdul Aziz University (KAU),Saudi Arabia,Top 75-300 as per QS Rankings 2026,https://www.topuniversities.com/world-university-rankings,
Yes Bank,Nagoya University,Japan,Top 75-300 as per QS Rankings 2026,https://www.topuniversities.com/world-university-rankings,
Yes Bank,Chalmers University of Technology,Sweden,Top 75-300 as per QS Rankings 2026,https://www.topuniversities.com/world-university-rankings,
Yes Bank,Al-Farabi Kazakh National University,Kazakhstan,Top 75-300 as per QS Rankings 2026,https://www.topuniversities.com/world-university-rankings,
Yes Bank,Washington University in St. Louis,United States of America,Top 75-300 as per QS Rankings 2026,https://www.topuniversities.com/world-university-rankings,
Yes Bank,University of Montreal,Canada,Top 75-300 as per QS Rankings 2026,https://www.topuniversities.com/world-university-rankings,
Yes Bank,University of York,United Kingdom,Top 75-300 as per QS Rankings 2026,https://www.topuniversities.com/world-university-rankings,
Yes Bank,Hokkaido University,Japan,Top 75-300 as per QS Rankings 2026,https://www.topuniversities.com/world-university-rankings,
Yes Bank,Kyushu University,Japan,Top 75-300 as per QS Rankings 2026,https://www.topuniversities.com/world-university-rankings,
Yes Bank,Universitat Autonoma de Barcelona,Spain,Top 75-300 as per QS Rankings 2026,https://www.topuniversities.com/world-university-rankings,
Yes Bank,Arizona State University,United States of America,Top 75-300 as per QS Rankings 2026,https://www.topuniversities.com/world-university-rankings,
Yes Bank,McMaster University,Canada,Top 75-300 as per QS Rankings 2026,https://www.topuniversities.com/world-university-rankings,
Yes Bank,Universidad de Chile,Chile,Top 75-300 as per QS Rankings 2026,https://www.topuniversities.com/world-university-rankings,
Yes Bank,National Tsing Hua University,Taiwan,Top 75-300 as per QS Rankings 2026,https://www.topuniversities.com/world-university-rankings,
Yes Bank,Khalifa University of Science and Technology,United Arab Emirates,Top 75-300 as per QS Rankings 2026,https://www.topuniversities.com/world-university-rankings,
Yes Bank,Tongji University,China,Top 75-300 as per QS Rankings 2026,https://www.topuniversities.com/world-university-rankings,
Yes Bank,"University of California, Santa Barbara",United States of America,Top 75-300 as per QS Rankings 2026,https://www.topuniversities.com/world-university-rankings,
Yes Bank,Indian Institute of Technology Madras (IITM),India,Top 75-300 as per QS Rankings 2026,https://www.topuniversities.com/world-university-rankings,
Yes Bank,Cardiff University,United Kingdom,Top 75-300 as per QS Rankings 2026,https://www.topuniversities.com/world-university-rankings,
Yes Bank,Emory University,United States of America,Top 75-300 as per QS Rankings 2026,https://www.topuniversities.com/world-university-rankings,
Yes Bank,Curtin University,Australia,Top 75-300 as per QS Rankings 2026,https://www.topuniversities.com/world-university-rankings,
Yes Bank,University of Bern,Switzerland,Top 75-300 as per QS Rankings 2026,https://www.topuniversities.com/world-university-rankings,
Yes Bank,University of Wollongong,Australia,Top 75-300 as per QS Rankings 2026,https://www.topuniversities.com/world-university-rankings,
Yes Bank,Wuhan University,China,Top 75-300 as per QS Rankings 2026,https://www.topuniversities.com/world-university-rankings,
Yes Bank,Tecnologico de Monterrey (ITESM),Mexico,Top 75-300 as per QS Rankings 2026,https://www.topuniversities.com/world-university-rankings,
Yes Bank,University Complutense Madrid,Spain,Top 75-300 as per QS Rankings 2026,https://www.topuniversities.com/world-university-rankings,
Yes Bank,UNIVERSITAS INDONESIA,Indonesia,Top 75-300 as per QS Rankings 2026,https://www.topuniversities.com/world-university-rankings,
Yes Bank,Ohio State University,United States of America,Top 75-300 as per QS Rankings 2026,https://www.topuniversities.com/world-university-rankings,
Yes Bank,"Queens University, Ontario",Canada,Top 75-300 as per QS Rankings 2026,https://www.topuniversities.com/world-university-rankings,
Yes Bank,University Catholique de Louvain (UCL),Belgium,Top 75-300 as per QS Rankings 2026,https://www.topuniversities.com/world-university-rankings,
Yes Bank,Universitat Hamburg,Germany,Top 75-300 as per QS Rankings 2026,https://www.topuniversities.com/world-university-rankings,
Yes Bank,University of Reading,United Kingdom,Top 75-300 as per QS Rankings 2026,https://www.topuniversities.com/world-university-rankings,
Yes Bank,Vrije Universiteit Amsterdam,Netherlands,Top 75-300 as per QS Rankings 2026,https://www.topuniversities.com/world-university-rankings,
Yes Bank,Waseda University,Japan,Top 75-300 as per QS Rankings 2026,https://www.topuniversities.com/world-university-rankings,
Yes Bank,University of Otago,New Zealand,Top 75-300 as per QS Rankings 2026,https://www.topuniversities.com/world-university-rankings,
Yes Bank,Vienna University of Technology,Austria,Top 75-300 as per QS Rankings 2026,https://www.topuniversities.com/world-university-rankings,
Yes Bank,National Yang Ming Chiao Tung University,Taiwan,Top 75-300 as per QS Rankings 2026,https://www.topuniversities.com/world-university-rankings,
Yes Bank,Queens University Belfast,United Kingdom,Top 75-300 as per QS Rankings 2026,https://www.topuniversities.com/world-university-rankings,
Yes Bank,Universitat Freiburg,Germany,Top 75-300 as per QS Rankings 2026,https://www.topuniversities.com/world-university-rankings,
Yes Bank,University of Gothenburg,Sweden,Top 75-300 as per QS Rankings 2026,https://www.topuniversities.com/world-university-rankings,
Yes Bank,National Cheng Kung University (NCKU),Taiwan,Top 75-300 as per QS Rankings 2026,https://www.topuniversities.com/world-university-rankings,
Yes Bank,University of Twente,Netherlands,Top 75-300 as per QS Rankings 2026,https://www.topuniversities.com/world-university-rankings,
Yes Bank,Ecole Normale Superieure de Lyon,France,Top 75-300 as per QS Rankings 2026,https://www.topuniversities.com/world-university-rankings,
Yes Bank,Universidad Autonoma de Madrid,Spain,Top 75-300 as per QS Rankings 2026,https://www.topuniversities.com/world-university-rankings,
Yes Bank,Deakin University,Australia,Top 75-300 as per QS Rankings 2026,https://www.topuniversities.com/world-university-rankings,
Yes Bank,Rheinische Friedrich-Wilhelms-Universitat Bonn,Germany,Top 75-300 as per QS Rankings 2026,https://www.topuniversities.com/world-university-rankings,
Yes Bank,"University of Maryland, College Park",United States of America,Top 75-300 as per QS Rankings 2026,https://www.topuniversities.com/world-university-rankings,
Yes Bank,University of Minnesota (System),United States of America,Top 75-300 as per QS Rankings 2026,https://www.topuniversities.com/world-university-rankings,
Yes Bank,University of Calgary,Canada,Top 75-300 as per QS Rankings 2026,https://www.topuniversities.com/world-university-rankings,
Yes Bank,Universidad de Los Andes Colombia,Colombia,Top 75-300 as per QS Rankings 2026,https://www.topuniversities.com/world-university-rankings,
Yes Bank,University of Florida,United States of America,Top 75-300 as per QS Rankings 2026,https://www.topuniversities.com/world-university-rankings,
Yes Bank,University of Lausanne,Switzerland,Top 75-300 as per QS Rankings 2026,https://www.topuniversities.com/world-university-rankings,
Yes Bank,Eberhard Karls Universitat Tubingen,Germany,Top 75-300 as per QS Rankings 2026,https://www.topuniversities.com/world-university-rankings,
Yes Bank,Indian Institute of Technology Kharagpur (IITKGP),India,Top 75-300 as per QS Rankings 2026,https://www.topuniversities.com/world-university-rankings,
Yes Bank,Keio University,Japan,Top 75-300 as per QS Rankings 2026,https://www.topuniversities.com/world-university-rankings,
Yes Bank,Technische Universitat Dresden,Germany,Top 75-300 as per QS Rankings 2026,https://www.topuniversities.com/world-university-rankings,
Yes Bank,Indian Institute of Science (IISc) Bangalore,India,Top 75-300 as per QS Rankings 2026,https://www.topuniversities.com/world-university-rankings,
Yes Bank,University of Ottawa,Canada,Top 75-300 as per QS Rankings 2026,https://www.topuniversities.com/world-university-rankings,
Yes Bank,Chulalongkorn University,Thailand,Top 75-300 as per QS Rankings 2026,https://www.topuniversities.com/world-university-rankings,
Yes Bank,Indian Institute of Technology Kanpur (IITK),India,Top 75-300 as per QS Rankings 2026,https://www.topuniversities.com/world-university-rankings,
Yes Bank,Tel Aviv University,Israel,Top 75-300 as per QS Rankings 2026,https://www.topuniversities.com/world-university-rankings,
Yes Bank,Universitas Gadjah Mada,Indonesia,Top 75-300 as per QS Rankings 2026,https://www.topuniversities.com/world-university-rankings,
Yes Bank,Loughborough University,United Kingdom,Top 75-300 as per QS Rankings 2026,https://www.topuniversities.com/world-university-rankings,
Yes Bank,Queensland University of Technology,Australia,Top 75-300 as per QS Rankings 2026,https://www.topuniversities.com/world-university-rankings,
Yes Bank,The University of Newcastle,Australia,Top 75-300 as per QS Rankings 2026,https://www.topuniversities.com/world-university-rankings,
Yes Bank,University Libre de Bruxelles (ULB),Belgium,Top 75-300 as per QS Rankings 2026,https://www.topuniversities.com/world-university-rankings,
Yes Bank,United Arab Emirates University,United Arab Emirates,Top 75-300 as per QS Rankings 2026,https://www.topuniversities.com/world-university-rankings,
Yes Bank,Massey University,New Zealand,Top 75-300 as per QS Rankings 2026,https://www.topuniversities.com/world-university-rankings,
Yes Bank,University of Lisbon,Portugal,Top 75-300 as per QS Rankings 2026,https://www.topuniversities.com/world-university-rankings,
Yes Bank,Universitat Erlangen-Nurnberg,Germany,Top 75-300 as per QS Rankings 2026,https://www.topuniversities.com/world-university-rankings,
Yes Bank,La Trobe University,Australia,Top 75-300 as per QS Rankings 2026,https://www.topuniversities.com/world-university-rankings,
Yes Bank,Universidade Estadual de Campinas (Unicamp),Brazil,Top 75-300 as per QS Rankings 2026,https://www.topuniversities.com/world-university-rankings,
Yes Bank,University of Padova,Italy,Top 75-300 as per QS Rankings 2026,https://www.topuniversities.com/world-university-rankings,
Yes Bank,University of Rochester,United States of America,Top 75-300 as per QS Rankings 2026,https://www.topuniversities.com/world-university-rankings,
Yes Bank,American University of Beirut (AUB),Lebanon,Top 75-300 as per QS Rankings 2026,https://www.topuniversities.com/world-university-rankings,
Yes Bank,University of Porto,Portugal,Top 75-300 as per QS Rankings 2026,https://www.topuniversities.com/world-university-rankings,
Yes Bank,Maastricht University,Netherlands,Top 75-300 as per QS Rankings 2026,https://www.topuniversities.com/world-university-rankings,
Yes Bank,Hebrew University of Jerusalem,Israel,Top 75-300 as per QS Rankings 2026,https://www.topuniversities.com/world-university-rankings,
Yes Bank,Victoria University of Wellington,New Zealand,Top 75-300 as per QS Rankings 2026,https://www.topuniversities.com/world-university-rankings,
Yes Bank,Politecnico di Torino,Italy,Top 75-300 as per QS Rankings 2026,https://www.topuniversities.com/world-university-rankings,
Yes Bank,Georg-August-Universitat Gottingen,Germany,Top 75-300 as per QS Rankings 2026,https://www.topuniversities.com/world-university-rankings,
Yes Bank,Hamad Bin Khalifa University,Qatar,Top 75-300 as per QS Rankings 2026,https://www.topuniversities.com/world-university-rankings,
Yes Bank,Hong Kong Baptist University,China,Top 75-300 as per QS Rankings 2026,https://www.topuniversities.com/world-university-rankings,
Yes Bank,University College Cork,Ireland,Top 75-300 as per QS Rankings 2026,https://www.topuniversities.com/world-university-rankings,
Yes Bank,Beijing Normal University,China,Top 75-300 as per QS Rankings 2026,https://www.topuniversities.com/world-university-rankings,
Yes Bank,Dartmouth College,United States of America,Top 75-300 as per QS Rankings 2026,https://www.topuniversities.com/world-university-rankings,
Yes Bank,University of Massachusetts Amherst,United States of America,Top 75-300 as per QS Rankings 2026,https://www.topuniversities.com/world-university-rankings,
Yes Bank,Vanderbilt University,United States of America,Top 75-300 as per QS Rankings 2026,https://www.topuniversities.com/world-university-rankings,
Yes Bank,Universiti Teknologi Petronas (UTP),Malaysia,Top 75-300 as per QS Rankings 2026,https://www.topuniversities.com/world-university-rankings,
Yes Bank,University of Strathclyde,United Kingdom,Top 75-300 as per QS Rankings 2026,https://www.topuniversities.com/world-university-rankings,
Yes Bank,Taylors University (Malaysia),Malaysia,Top 75-300 as per QS Rankings 2026,https://www.topuniversities.com/world-university-rankings,
Yes Bank,Technische Universitat Darmstadt,Germany,Top 75-300 as per QS Rankings 2026,https://www.topuniversities.com/world-university-rankings,
Yes Bank,Bandung Institute of Technology (ITB),Indonesia,Top 75-300 as per QS Rankings 2026,https://www.topuniversities.com/world-university-rankings,
Yes Bank,Harbin Institute of Technology,China,Top 75-300 as per QS Rankings 2026,https://www.topuniversities.com/world-university-rankings,
Yes Bank,Tianjin University,China,Top 75-300 as per QS Rankings 2026,https://www.topuniversities.com/world-university-rankings,
Yes Bank,University Paris 1 Pantheon-Sorbonne,France,Top 75-300 as per QS Rankings 2026,https://www.topuniversities.com/world-university-rankings,
Yes Bank,Beijing Institute of Technology,China,Top 75-300 as per QS Rankings 2026,https://www.topuniversities.com/world-university-rankings,
Yes Bank,Universidad Nacional de Colombia,Colombia,Top 75-300 as per QS Rankings 2026,https://www.topuniversities.com/world-university-rankings,
Yes Bank,University of Canterbury,New Zealand,Top 75-300 as per QS Rankings 2026,https://www.topuniversities.com/world-university-rankings,
Yes Bank,University of Aberdeen,United Kingdom,Top 75-300 as per QS Rankings 2026,https://www.topuniversities.com/world-university-rankings,
Yes Bank,University of Navarra,Spain,Top 75-300 as per QS Rankings 2026,https://www.topuniversities.com/world-university-rankings,
Yes Bank,University of Surrey,United Kingdom,Top 75-300 as per QS Rankings 2026,https://www.topuniversities.com/world-university-rankings,
Yes Bank,Charles University,Czechia,Top 75-300 as per QS Rankings 2026,https://www.topuniversities.com/world-university-rankings,
Yes Bank,Universitat Pompeu Fabra,Spain,Top 75-300 as per QS Rankings 2026,https://www.topuniversities.com/world-university-rankings,
Yes Bank,Norwegian University of Science And Technology,Norway,Top 75-300 as per QS Rankings 2026,https://www.topuniversities.com/world-university-rankings,
Yes Bank,Griffith University,Australia,Top 75-300 as per QS Rankings 2026,https://www.topuniversities.com/world-university-rankings,
Yes Bank,Middle East Technical University,Türkiye,Top 75-300 as per QS Rankings 2026,https://www.topuniversities.com/world-university-rankings,
Yes Bank,UCSI University,Malaysia,Top 75-300 as per QS Rankings 2026,https://www.topuniversities.com/world-university-rankings,
Yes Bank,University of Warsaw,Poland,Top 75-300 as per QS Rankings 2026,https://www.topuniversities.com/world-university-rankings,
Yes Bank,American University of Sharjah (AUS),United Arab Emirates,Top 75-300 as per QS Rankings 2026,https://www.topuniversities.com/world-university-rankings,
Yes Bank,North Carolina State University,United States of America,Top 75-300 as per QS Rankings 2026,https://www.topuniversities.com/world-university-rankings,
Yes Bank,Universitat zu Koln,Germany,Top 75-300 as per QS Rankings 2026,https://www.topuniversities.com/world-university-rankings,
Yes Bank,University of Virginia,United States of America,Top 75-300 as per QS Rankings 2026,https://www.topuniversities.com/world-university-rankings,
Yes Bank,Sun Yat-sen University,China,Top 75-300 as per QS Rankings 2026,https://www.topuniversities.com/world-university-rankings,
Yes Bank,University of Milan,Italy,Top 75-300 as per QS Rankings 2026,https://www.topuniversities.com/world-university-rankings,
Yes Bank,University of Sussex,United Kingdom,Top 75-300 as per QS Rankings 2026,https://www.topuniversities.com/world-university-rankings,
Yes Bank,Radboud University Nijmegen,Netherlands,Top 75-300 as per QS Rankings 2026,https://www.topuniversities.com/world-university-rankings,
Yes Bank,University of Antwerp,Belgium,Top 75-300 as per QS Rankings 2026,https://www.topuniversities.com/world-university-rankings,
Yes Bank,University of Pittsburgh,United States of America,Top 75-300 as per QS Rankings 2026,https://www.topuniversities.com/world-university-rankings,
Yes Bank,University of Waikato,New Zealand,Top 75-300 as per QS Rankings 2026,https://www.topuniversities.com/world-university-rankings,
Yes Bank,Dalhousie University,Canada,Top 75-300 as per QS Rankings 2026,https://www.topuniversities.com/world-university-rankings,
Yes Bank,University of Galway / Ollscoil na Gaillimhe,Ireland,Top 75-300 as per QS Rankings 2026,https://www.topuniversities.com/world-university-rankings,
Yes Bank,Georgetown University,United States of America,Top 75-300 as per QS Rankings 2026,https://www.topuniversities.com/world-university-rankings,
Yes Bank,University of Macau,China,Top 75-300 as per QS Rankings 2026,https://www.topuniversities.com/world-university-rankings,
Yes Bank,Heriot-Watt University,United Kingdom,Top 75-300 as per QS Rankings 2026,https://www.topuniversities.com/world-university-rankings,
Yes Bank,Universitas Airlangga,Indonesia,Top 75-300 as per QS Rankings 2026,https://www.topuniversities.com/world-university-rankings,
Yes Bank,University of Arizona,United States of America,Top 75-300 as per QS Rankings 2026,https://www.topuniversities.com/world-university-rankings,
Yes Bank,University of Bergen,Norway,Top 75-300 as per QS Rankings 2026,https://www.topuniversities.com/world-university-rankings,
Yes Bank,University of The Witwatersrand,South Africa,Top 75-300 as per QS Rankings 2026,https://www.topuniversities.com/world-university-rankings,
Yes Bank,Swansea University,United Kingdom,Top 75-300 as per QS Rankings 2026,https://www.topuniversities.com/world-university-rankings,
Yes Bank,"University of California, Irvine",United States of America,Top 75-300 as per QS Rankings 2026,https://www.topuniversities.com/world-university-rankings,
Yes Bank,Case Western Reserve University,United States of America,Top 75-300 as per QS Rankings 2026,https://www.topuniversities.com/world-university-rankings,
Yes Bank,Swinburne University of Technology,Australia,Top 75-300 as per QS Rankings 2026,https://www.topuniversities.com/world-university-rankings,
Yes Bank,University of Notre Dame,United States of America,Top 75-300 as per QS Rankings 2026,https://www.topuniversities.com/world-university-rankings,
Yes Bank,Vrije Universiteit Brussel (VUB),Belgium,Top 75-300 as per QS Rankings 2026,https://www.topuniversities.com/world-university-rankings,
Yes Bank,Istanbul Technical University,Türkiye,Top 75-300 as per QS Rankings 2026,https://www.topuniversities.com/world-university-rankings,
Yes Bank,University of Colorado Boulder,United States of America,Top 75-300 as per QS Rankings 2026,https://www.topuniversities.com/world-university-rankings,
Yes Bank,University Paris Cite,France,Top 75-300 as per QS Rankings 2026,https://www.topuniversities.com/world-university-rankings,
Yes Bank,Universidad Carlos 3 de Madrid,Spain,Top 300-500 as per QS Rankings 2026,https://www.topuniversities.com/world-university-rankings,
Yes Bank,Stellenbosch University,South Africa,Top 300-500 as per QS Rankings 2026,https://www.topuniversities.com/world-university-rankings,
Yes Bank,Jagiellonian University,Poland,Top 300-500 as per QS Rankings 2026,https://www.topuniversities.com/world-university-rankings,
Yes Bank,University of Southern Denmark,Denmark,Top 300-500 as per QS Rankings 2026,https://www.topuniversities.com/world-university-rankings,
Yes Bank,Xian Jiaotong University,China,Top 300-500 as per QS Rankings 2026,https://www.topuniversities.com/world-university-rankings,
Yes Bank,Aalborg University,Denmark,Top 300-500 as per QS Rankings 2026,https://www.topuniversities.com/world-university-rankings,
Yes Bank,Indiana University Bloomington,United States of America,Top 300-500 as per QS Rankings 2026,https://www.topuniversities.com/world-university-rankings,
Yes Bank,Simon Fraser University,Canada,Top 300-500 as per QS Rankings 2026,https://www.topuniversities.com/world-university-rankings,
Yes Bank,University of Johannesburg,South Africa,Top 300-500 as per QS Rankings 2026,https://www.topuniversities.com/world-university-rankings,
Yes Bank,"City St Georges, University of London",United Kingdom,Top 300-500 as per QS Rankings 2026,https://www.topuniversities.com/world-university-rankings,
Yes Bank,Linkoping University,Sweden,Top 300-500 as per QS Rankings 2026,https://www.topuniversities.com/world-university-rankings,
Yes Bank,Ulsan National Institute of Science and Technology,South Korea,Top 300-500 as per QS Rankings 2026,https://www.topuniversities.com/world-university-rankings,
Yes Bank,Universitat Stuttgart,Germany,Top 300-500 as per QS Rankings 2026,https://www.topuniversities.com/world-university-rankings,
Yes Bank,University of Miami,United States of America,Top 300-500 as per QS Rankings 2026,https://www.topuniversities.com/world-university-rankings,
Yes Bank,University of Tasmania,Australia,Top 300-500 as per QS Rankings 2026,https://www.topuniversities.com/world-university-rankings,
Yes Bank,Goethe Universitat Frankfurt am Main,Germany,Top 300-500 as per QS Rankings 2026,https://www.topuniversities.com/world-university-rankings,
Yes Bank,L.N. Gumilyov Eurasian National University,Kazakhstan,Top 300-500 as per QS Rankings 2026,https://www.topuniversities.com/world-university-rankings,
Yes Bank,Universidade Federal do Rio de Janeiro,Brazil,Top 300-500 as per QS Rankings 2026,https://www.topuniversities.com/world-university-rankings,
Yes Bank,Huazhong University of Science and Technology,China,Top 300-500 as per QS Rankings 2026,https://www.topuniversities.com/world-university-rankings,
Yes Bank,Bauman Moscow State Technical University,Russian Federation,Top 300-500 as per QS Rankings 2026,https://www.topuniversities.com/world-university-rankings,
Yes Bank,University Grenoble Alpes,France,Top 300-500 as per QS Rankings 2026,https://www.topuniversities.com/world-university-rankings,
Yes Bank,University of Tehran,Iran,Top 300-500 as per QS Rankings 2026,https://www.topuniversities.com/world-university-rankings,
Yes Bank,Koc University,Türkiye,Top 300-500 as per QS Rankings 2026,https://www.topuniversities.com/world-university-rankings,
Yes Bank,Sichuan University,China,Top 300-500 as per QS Rankings 2026,https://www.topuniversities.com/world-university-rankings,
Yes Bank,University of Jordan,Jordan,Top 300-500 as per QS Rankings 2026,https://www.topuniversities.com/world-university-rankings,
Yes Bank,University of Leicester,United Kingdom,Top 300-500 as per QS Rankings 2026,https://www.topuniversities.com/world-university-rankings,
Yes Bank,Universidade Nova de Lisboa,Portugal,Top 300-500 as per QS Rankings 2026,https://www.topuniversities.com/world-university-rankings,
Yes Bank,Rutgers University – New Brunswick,United States of America,Top 300-500 as per QS Rankings 2026,https://www.topuniversities.com/world-university-rankings,
Yes Bank,University of Delhi,India,Top 300-500 as per QS Rankings 2026,https://www.topuniversities.com/world-university-rankings,
Yes Bank,University of Sharjah,United Arab Emirates,Top 300-500 as per QS Rankings 2026,https://www.topuniversities.com/world-university-rankings,
Yes Bank,Kyung Hee University,South Korea,Top 300-500 as per QS Rankings 2026,https://www.topuniversities.com/world-university-rankings,
Yes Bank,Satbayev University (previously Kazakh Technical University named after K.I. Satpaev),Kazakhstan,Top 300-500 as per QS Rankings 2026,https://www.topuniversities.com/world-university-rankings,
Yes Bank,York University,Canada,Top 300-500 as per QS Rankings 2026,https://www.topuniversities.com/world-university-rankings,
Yes Bank,Indian Institute of Technology Guwahati (IITG),India,Top 300-500 as per QS Rankings 2026,https://www.topuniversities.com/world-university-rankings,
Yes Bank,Sultan Qaboos University,Oman,Top 300-500 as per QS Rankings 2026,https://www.topuniversities.com/world-university-rankings,
Yes Bank,Tufts University,United States of America,Top 300-500 as per QS Rankings 2026,https://www.topuniversities.com/world-university-rankings,
Yes Bank,Universidad Politecnica de Madrid,Spain,Top 300-500 as per QS Rankings 2026,https://www.topuniversities.com/world-university-rankings,
Yes Bank,University of Illinois Chicago (UIC),United States of America,Top 300-500 as per QS Rankings 2026,https://www.topuniversities.com/world-university-rankings,
Yes Bank,Indian Institute of Technology Roorkee (IITR),India,Top 300-500 as per QS Rankings 2026,https://www.topuniversities.com/world-university-rankings,
Yes Bank,Shandong University,China,Top 300-500 as per QS Rankings 2026,https://www.topuniversities.com/world-university-rankings,
Yes Bank,Xiamen University,China,Top 300-500 as per QS Rankings 2026,https://www.topuniversities.com/world-university-rankings,
Yes Bank,University of Oulu,Finland,Top 300-500 as per QS Rankings 2026,https://www.topuniversities.com/world-university-rankings,
Yes Bank,Southern University of Science and Technology (SUSTech),China,Top 300-500 as per QS Rankings 2026,https://www.topuniversities.com/world-university-rankings,
Yes Bank,University of Pisa,Italy,Top 300-500 as per QS Rankings 2026,https://www.topuniversities.com/world-university-rankings,
Yes Bank,National Taiwan University of Science and Technology (Taiwan Tech),Taiwan,Top 300-500 as per QS Rankings 2026,https://www.topuniversities.com/world-university-rankings,
Yes Bank,Pontificia Universidad Catolica del Peru (PUCP),Peru,Top 300-500 as per QS Rankings 2026,https://www.topuniversities.com/world-university-rankings,
Yes Bank,Cairo University,Egypt,Top 300-500 as per QS Rankings 2026,https://www.topuniversities.com/world-university-rankings,
Yes Bank,Tilburg University,Netherlands,Top 300-500 as per QS Rankings 2026,https://www.topuniversities.com/world-university-rankings,
Yes Bank,University of Coimbra,Portugal,Top 300-500 as per QS Rankings 2026,https://www.topuniversities.com/world-university-rankings,
Yes Bank,Technion - Israel Institute of Technology,Israel,Top 300-500 as per QS Rankings 2026,https://www.topuniversities.com/world-university-rankings,
Yes Bank,Universitat Innsbruck,Austria,Top 300-500 as per QS Rankings 2026,https://www.topuniversities.com/world-university-rankings,
Yes Bank,University of Munster,Germany,Top 300-500 as per QS Rankings 2026,https://www.topuniversities.com/world-university-rankings,
Yes Bank,University of Tsukuba,Japan,Top 300-500 as per QS Rankings 2026,https://www.topuniversities.com/world-university-rankings,
Yes Bank,Quaid-i-azam University,Pakistan,Top 300-500 as per QS Rankings 2026,https://www.topuniversities.com/world-university-rankings,
Yes Bank,Nankai University,China,Top 300-500 as per QS Rankings 2026,https://www.topuniversities.com/world-university-rankings,
Yes Bank,National Technical University of Athens,Greece,Top 300-500 as per QS Rankings 2026,https://www.topuniversities.com/world-university-rankings,
Yes Bank,University of Roma - Tor Vergata,Italy,Top 300-500 as per QS Rankings 2026,https://www.topuniversities.com/world-university-rankings,
Yes Bank,George Washington University,United States of America,Top 300-500 as per QS Rankings 2026,https://www.topuniversities.com/world-university-rankings,
Yes Bank,Mahidol University,Thailand,Top 300-500 as per QS Rankings 2026,https://www.topuniversities.com/world-university-rankings,
Yes Bank,University of Victoria,Canada,Top 300-500 as per QS Rankings 2026,https://www.topuniversities.com/world-university-rankings,
Yes Bank,Virginia Polytechnic Institute (Virginia Tech),United States of America,Top 300-500 as per QS Rankings 2026,https://www.topuniversities.com/world-university-rankings,
Yes Bank,University of Chinese Academy of Sciences (UCAS),China,Top 300-500 as per QS Rankings 2026,https://www.topuniversities.com/world-university-rankings,
Yes Bank,University of Pretoria,South Africa,Top 300-500 as per QS Rankings 2026,https://www.topuniversities.com/world-university-rankings,
Yes Bank,University of Tartu,Estonia,Top 300-500 as per QS Rankings 2026,https://www.topuniversities.com/world-university-rankings,
Yes Bank,University of the Philippines,Philippines,Top 300-500 as per QS Rankings 2026,https://www.topuniversities.com/world-university-rankings,
Yes Bank,University of Turku,Finland,Top 300-500 as per QS Rankings 2026,https://www.topuniversities.com/world-university-rankings,
Yes Bank,RUDN University,Russian Federation,Top 300-500 as per QS Rankings 2026,https://www.topuniversities.com/world-university-rankings,
Yes Bank,Sciences Po Paris,France,Top 300-500 as per QS Rankings 2026,https://www.topuniversities.com/world-university-rankings,
Yes Bank,Universiti Brunei Darussalam (UBD),Brunei Darussalam,Top 300-500 as per QS Rankings 2026,https://www.topuniversities.com/world-university-rankings,
Yes Bank,Daegu Gyeongbuk Institute of Science and Technology (DGIST),South Korea,Top 300-500 as per QS Rankings 2026,https://www.topuniversities.com/world-university-rankings,
Yes Bank,Bogazici University,Türkiye,Top 300-500 as per QS Rankings 2026,https://www.topuniversities.com/world-university-rankings,
Yes Bank,National University of Sciences And Technology (NUST) Islamabad,Pakistan,Top 300-500 as per QS Rankings 2026,https://www.topuniversities.com/world-university-rankings,
Yes Bank,Pontificia Universidad Javeriana,Colombia,Top 300-500 as per QS Rankings 2026,https://www.topuniversities.com/world-university-rankings,
Yes Bank,Oxford Brookes University,United Kingdom,Top 300-500 as per QS Rankings 2026,https://www.topuniversities.com/world-university-rankings,
Yes Bank,Saint Petersburg State University,Russian Federation,Top 300-500 as per QS Rankings 2026,https://www.topuniversities.com/world-university-rankings,
Yes Bank,Sharif University of Technology,Iran,Top 300-500 as per QS Rankings 2026,https://www.topuniversities.com/world-university-rankings,
Yes Bank,South China University of Technology,China,Top 300-500 as per QS Rankings 2026,https://www.topuniversities.com/world-university-rankings,
Yes Bank,University of Saskatchewan,Canada,Top 300-500 as per QS Rankings 2026,https://www.topuniversities.com/world-university-rankings,
Yes Bank,University of Liege,Belgium,Top 300-500 as per QS Rankings 2026,https://www.topuniversities.com/world-university-rankings,
Yes Bank,University of Naples - Federico 2,Italy,Top 300-500 as per QS Rankings 2026,https://www.topuniversities.com/world-university-rankings,
Yes Bank,The American University in Cairo,Egypt,Top 300-500 as per QS Rankings 2026,https://www.topuniversities.com/world-university-rankings,
Yes Bank,University of East Anglia (UEA),United Kingdom,Top 300-500 as per QS Rankings 2026,https://www.topuniversities.com/world-university-rankings,
Yes Bank,University of Luxembourg,Luxembourg,Top 300-500 as per QS Rankings 2026,https://www.topuniversities.com/world-university-rankings,
Yes Bank,Northeastern University,United States of America,Top 300-500 as per QS Rankings 2026,https://www.topuniversities.com/world-university-rankings,
Yes Bank,Brunel University of London,United Kingdom,Top 300-500 as per QS Rankings 2026,https://www.topuniversities.com/world-university-rankings,
Yes Bank,Gwangju Institute of Science and Technology (GIST),South Korea,Top 300-500 as per QS Rankings 2026,https://www.topuniversities.com/world-university-rankings,
Yes Bank,Flinders University,Australia,Top 300-500 as per QS Rankings 2026,https://www.topuniversities.com/world-university-rankings,
Yes Bank,Beihang University (former BUAA),China,Top 300-500 as per QS Rankings 2026,https://www.topuniversities.com/world-university-rankings,
Yes Bank,"Birkbeck College, University of London",United Kingdom,Top 300-500 as per QS Rankings 2026,https://www.topuniversities.com/world-university-rankings,
Yes Bank,National and Kapodistrian University of Athens,Greece,Top 300-500 as per QS Rankings 2026,https://www.topuniversities.com/world-university-rankings,
Yes Bank,Abu Dhabi University,United Arab Emirates,Top 300-500 as per QS Rankings 2026,https://www.topuniversities.com/world-university-rankings,
Yes Bank,Sejong University,South Korea,Top 300-500 as per QS Rankings 2026,https://www.topuniversities.com/world-university-rankings,
Yes Bank,"Southeast University, China",China,Top 300-500 as per QS Rankings 2026,https://www.topuniversities.com/world-university-rankings,
Yes Bank,Universitat Politecnica de Catalunya,Spain,Top 300-500 as per QS Rankings 2026,https://www.topuniversities.com/world-university-rankings,
Yes Bank,Aston University,United Kingdom,Top 300-500 as per QS Rankings 2026,https://www.topuniversities.com/world-university-rankings,
Yes Bank,Ruhr-Universitat Bochum,Germany,Top 300-500 as per QS Rankings 2026,https://www.topuniversities.com/world-university-rankings,
Yes Bank,Lappeenranta-Lahti University of Technology LUT,Finland,Top 300-500 as per QS Rankings 2026,https://www.topuniversities.com/world-university-rankings,
Yes Bank,University of Kent,United Kingdom,Top 300-500 as per QS Rankings 2026,https://www.topuniversities.com/world-university-rankings,
Yes Bank,IPB University (aka Bogor Agricultural University),Indonesia,Top 300-500 as per QS Rankings 2026,https://www.topuniversities.com/world-university-rankings,
Yes Bank,Western Sydney University,Australia,Top 300-500 as per QS Rankings 2026,https://www.topuniversities.com/world-university-rankings,
Yes Bank,Umea University,Sweden,Top 300-500 as per QS Rankings 2026,https://www.topuniversities.com/world-university-rankings,
Yes Bank,University of Granada,Spain,Top 300-500 as per QS Rankings 2026,https://www.topuniversities.com/world-university-rankings,
Yes Bank,University of Limerick,Ireland,Top 300-500 as per QS Rankings 2026,https://www.topuniversities.com/world-university-rankings,
Yes Bank,Sabanci University,Türkiye,Top 300-500 as per QS Rankings 2026,https://www.topuniversities.com/world-university-rankings,
Yes Bank,University of Florence,Italy,Top 300-500 as per QS Rankings 2026,https://www.topuniversities.com/world-university-rankings,
Yes Bank,Institut National des Sciences Appliquees de Lyon (INSA),France,Top 300-500 as per QS Rankings 2026,https://www.topuniversities.com/world-university-rankings,
Yes Bank,Lincoln University,New Zealand,Top 300-500 as per QS Rankings 2026,https://www.topuniversities.com/world-university-rankings,
Yes Bank,University of Turin,Italy,Top 300-500 as per QS Rankings 2026,https://www.topuniversities.com/world-university-rankings,
Yes Bank,Universita Cattolica del Sacro Cuore,Italy,Top 300-500 as per QS Rankings 2026,https://www.topuniversities.com/world-university-rankings,
Yes Bank,Auckland University of Technology,New Zealand,Top 300-500 as per QS Rankings 2026,https://www.topuniversities.com/world-university-rankings,
Yes Bank,Dublin City University,Ireland,Top 300-500 as per QS Rankings 2026,https://www.topuniversities.com/world-university-rankings,
Yes Bank,Sunway University,Malaysia,Top 300-500 as per QS Rankings 2026,https://www.topuniversities.com/world-university-rankings,
Yes Bank,University at Buffalo,United States of America,Top 300-500 as per QS Rankings 2026,https://www.topuniversities.com/world-university-rankings,
Yes Bank,University of Southern Queensland,Australia,Top 300-500 as per QS Rankings 2026,https://www.topuniversities.com/world-university-rankings,
Yes Bank,Bilkent University,Türkiye,Top 300-500 as per QS Rankings 2026,https://www.topuniversities.com/world-university-rankings,
Yes Bank,Czech Technical University In Prague,Czechia,Top 300-500 as per QS Rankings 2026,https://www.topuniversities.com/world-university-rankings,
Yes Bank,Julius-Maximilians-Universitat Wurzburg,Germany,Top 300-500 as per QS Rankings 2026,https://www.topuniversities.com/world-university-rankings,
Yes Bank,Universitat Mannheim,Germany,Top 300-500 as per QS Rankings 2026,https://www.topuniversities.com/world-university-rankings,
Yes Bank,University of Aveiro,Portugal,Top 300-500 as per QS Rankings 2026,https://www.topuniversities.com/world-university-rankings,
Yes Bank,National Taipei University of Technology,Taiwan,Top 300-500 as per QS Rankings 2026,https://www.topuniversities.com/world-university-rankings,
Yes Bank,University of Strasbourg,France,Top 300-500 as per QS Rankings 2026,https://www.topuniversities.com/world-university-rankings,
Yes Bank,Universitat Politecnica de Valencia,Spain,Top 300-500 as per QS Rankings 2026,https://www.topuniversities.com/world-university-rankings,
Yes Bank,Murdoch University,Australia,Top 300-500 as per QS Rankings 2026,https://www.topuniversities.com/world-university-rankings,
Yes Bank,Tampere University,Finland,Top 300-500 as per QS Rankings 2026,https://www.topuniversities.com/world-university-rankings,
Yes Bank,University of Pavia,Italy,Top 300-500 as per QS Rankings 2026,https://www.topuniversities.com/world-university-rankings,
Yes Bank,Washington State University,United States of America,Top 300-500 as per QS Rankings 2026,https://www.topuniversities.com/world-university-rankings,
Yes Bank,Graz University of Technology,Austria,Top 300-500 as per QS Rankings 2026,https://www.topuniversities.com/world-university-rankings,
Yes Bank,Aix-Marseille University,France,Top 300-500 as per QS Rankings 2026,https://www.topuniversities.com/world-university-rankings,
Yes Bank,University of Dundee,United Kingdom,Top 300-500 as per QS Rankings 2026,https://www.topuniversities.com/world-university-rankings,
Yes Bank,Masaryk University,Czechia,Top 300-500 as per QS Rankings 2026,https://www.topuniversities.com/world-university-rankings,
Yes Bank,Universitat de Valencia,Spain,Top 300-500 as per QS Rankings 2026,https://www.topuniversities.com/world-university-rankings,
Yes Bank,University of Montpellier,France,Top 300-500 as per QS Rankings 2026,https://www.topuniversities.com/world-university-rankings,
Yes Bank,East China Normal University,China,Top 300-500 as per QS Rankings 2026,https://www.topuniversities.com/world-university-rankings,
Yes Bank,Leibniz Universitat Hannover,Germany,Top 300-500 as per QS Rankings 2026,https://www.topuniversities.com/world-university-rankings,
Yes Bank,National Taiwan Normal University,Taiwan,Top 300-500 as per QS Rankings 2026,https://www.topuniversities.com/world-university-rankings,
Yes Bank,Prince Mohammad Bin Fahd University,Saudi Arabia,Top 300-500 as per QS Rankings 2026,https://www.topuniversities.com/world-university-rankings,
Yes Bank,Universitat Ramon Llull,Spain,Top 300-500 as per QS Rankings 2026,https://www.topuniversities.com/world-university-rankings,
Yes Bank,IE University,Spain,Top 300-500 as per QS Rankings 2026,https://www.topuniversities.com/world-university-rankings,
Yes Bank,National Sun Yat-sen University,Taiwan,Top 300-500 as per QS Rankings 2026,https://www.topuniversities.com/world-university-rankings,
Yes Bank,Ajman University,United Arab Emirates,Top 300-500 as per QS Rankings 2026,https://www.topuniversities.com/world-university-rankings,
Yes Bank,James Cook University,Australia,Top 300-500 as per QS Rankings 2026,https://www.topuniversities.com/world-university-rankings,
Yes Bank,Macau University of Science and Technology,China,Top 300-500 as per QS Rankings 2026,https://www.topuniversities.com/world-university-rankings,
Yes Bank,"National Research University Higher School of Economics (HSE, Moscow)",Russian Federation,Top 300-500 as per QS Rankings 2026,https://www.topuniversities.com/world-university-rankings,
Yes Bank,Universitat Konstanz,Germany,Top 300-500 as per QS Rankings 2026,https://www.topuniversities.com/world-university-rankings,
Yes Bank,"University of California, Riverside",United States of America,Top 300-500 as per QS Rankings 2026,https://www.topuniversities.com/world-university-rankings,
Yes Bank,Vilnius University,Lithuania,Top 300-500 as per QS Rankings 2026,https://www.topuniversities.com/world-university-rankings,
Yes Bank,Belarusian State University,Belarus,Top 300-500 as per QS Rankings 2026,https://www.topuniversities.com/world-university-rankings,
Yes Bank,Universitat Bayreuth,Germany,Top 300-500 as per QS Rankings 2026,https://www.topuniversities.com/world-university-rankings,
Yes Bank,Iowa State University,United States of America,Top 300-500 as per QS Rankings 2026,https://www.topuniversities.com/world-university-rankings,
Yes Bank,Kazan Federal University,Russian Federation,Top 300-500 as per QS Rankings 2026,https://www.topuniversities.com/world-university-rankings,
Yes Bank,"Universidade Estadual Paulista ""Julio de Mesquita Filho"" (UNESP)",Brazil,Top 300-500 as per QS Rankings 2026,https://www.topuniversities.com/world-university-rankings,
Yes Bank,Johannes Gutenberg Universitat Mainz,Germany,Top 300-500 as per QS Rankings 2026,https://www.topuniversities.com/world-university-rankings,
Yes Bank,Shenzhen University,China,Top 300-500 as per QS Rankings 2026,https://www.topuniversities.com/world-university-rankings,
Yes Bank,Stony Brook University,United States of America,Top 300-500 as per QS Rankings 2026,https://www.topuniversities.com/world-university-rankings,
Yes Bank,University of Cyprus,Cyprus,Top 300-500 as per QS Rankings 2026,https://www.topuniversities.com/world-university-rankings,
Yes Bank,Amirkabir University of Technology,Iran,Top 300-500 as per QS Rankings 2026,https://www.topuniversities.com/world-university-rankings,
Yes Bank,University of Essex,United Kingdom,Top 300-500 as per QS Rankings 2026,https://www.topuniversities.com/world-university-rankings,
Yes Bank,Colorado State University,United States of America,Top 300-500 as per QS Rankings 2026,https://www.topuniversities.com/world-university-rankings,
Yes Bank,Universidad Nacional de La Plata,Argentina,Top 300-500 as per QS Rankings 2026,https://www.topuniversities.com/world-university-rankings,
Yes Bank,"University of California, Santa Cruz",United States of America,Top 300-500 as per QS Rankings 2026,https://www.topuniversities.com/world-university-rankings,
Yes Bank,Jordan University of Science & Technology,Jordan,Top 300-500 as per QS Rankings 2026,https://www.topuniversities.com/world-university-rankings,
Yes Bank,Novosibirsk State University,Russian Federation,Top 300-500 as per QS Rankings 2026,https://www.topuniversities.com/world-university-rankings,
Yes Bank,Royal Holloway University of London,United Kingdom,Top 300-500 as per QS Rankings 2026,https://www.topuniversities.com/world-university-rankings,
Yes Bank,Universita Vita-Salute San Raffaele,Italy,Top 300-500 as per QS Rankings 2026,https://www.topuniversities.com/world-university-rankings,
Yes Bank,Anna University,India,Top 300-500 as per QS Rankings 2026,https://www.topuniversities.com/world-university-rankings,
Yes Bank,Concordia University,Canada,Top 300-500 as per QS Rankings 2026,https://www.topuniversities.com/world-university-rankings,
Yes Bank,Shanghai University,China,Top 300-500 as per QS Rankings 2026,https://www.topuniversities.com/world-university-rankings,
Yes Bank,University of Kansas,United States of America,Top 300-500 as per QS Rankings 2026,https://www.topuniversities.com/world-university-rankings,
Yes Bank,Ben Gurion University of The Negev,Israel,Top 300-500 as per QS Rankings 2026,https://www.topuniversities.com/world-university-rankings,
Yes Bank,Laval University,Canada,Top 300-500 as per QS Rankings 2026,https://www.topuniversities.com/world-university-rankings,
Yes Bank,Tashkent Institute of Irrigation and Agricultural Mechanization Engineers - National Research University (TIIAME-NRU),Uzbekistan,Top 300-500 as per QS Rankings 2026,https://www.topuniversities.com/world-university-rankings,
Yes Bank,Universidad de Sevilla,Spain,Top 300-500 as per QS Rankings 2026,https://www.topuniversities.com/world-university-rankings,
Yes Bank,Jilin University,China,Top 300-500 as per QS Rankings 2026,https://www.topuniversities.com/world-university-rankings,
Yes Bank,Johannes Kepler University Linz,Austria,Top 300-500 as per QS Rankings 2026,https://www.topuniversities.com/world-university-rankings,
Yes Bank,Pusan National University,South Korea,Top 300-500 as per QS Rankings 2026,https://www.topuniversities.com/world-university-rankings,
Yes Bank,Universita della Svizzera Italiana,Switzerland,Top 300-500 as per QS Rankings 2026,https://www.topuniversities.com/world-university-rankings,
Yes Bank,Moscow Institute of Physics and Technology State University,Russian Federation,Top 300-500 as per QS Rankings 2026,https://www.topuniversities.com/world-university-rankings,
Yes Bank,Universitat Potsdam,Germany,Top 300-500 as per QS Rankings 2026,https://www.topuniversities.com/world-university-rankings,
Yes Bank,Chung-Ang University,South Korea,Top 300-500 as per QS Rankings 2026,https://www.topuniversities.com/world-university-rankings,
Yes Bank,Hiroshima University,Japan,Top 300-500 as per QS Rankings 2026,https://www.topuniversities.com/world-university-rankings,
Yes Bank,University of Science and Technology Beijing,China,Top 300-500 as per QS Rankings 2026,https://www.topuniversities.com/world-university-rankings,
Yes Bank,Dalian University of Technology,China,Top 300-500 as per QS Rankings 2026,https://www.topuniversities.com/world-university-rankings,
Yes Bank,Duy Tan University,Vietnam,Top 300-500 as per QS Rankings 2026,https://www.topuniversities.com/world-university-rankings,
Yes Bank,Kobe University,Japan,Top 300-500 as per QS Rankings 2026,https://www.topuniversities.com/world-university-rankings,
Yes Bank,Aristotle University of Thessaloniki,Greece,Top 300-500 as per QS Rankings 2026,https://www.topuniversities.com/world-university-rankings,
Yes Bank,University of Trento,Italy,Top 300-500 as per QS Rankings 2026,https://www.topuniversities.com/world-university-rankings,
Yes Bank,Edith Cowan University,Australia,Top 300-500 as per QS Rankings 2026,https://www.topuniversities.com/world-university-rankings,
Yes Bank,Technische Universitat Bergakademie Freiberg,Germany,Top 300-500 as per QS Rankings 2026,https://www.topuniversities.com/world-university-rankings,
Yes Bank,Warsaw University of Technology,Poland,Top 300-500 as per QS Rankings 2026,https://www.topuniversities.com/world-university-rankings,
Yes Bank,Universidad de Santiago de Chile - USACH,Chile,Top 300-500 as per QS Rankings 2026,https://www.topuniversities.com/world-university-rankings,
Yes Bank,Central South University,China,Top 300-500 as per QS Rankings 2026,https://www.topuniversities.com/world-university-rankings,
Yes Bank,Imam Abdulrahman Bin Faisal University (formerly University of Dammam),Saudi Arabia,Top 300-500 as per QS Rankings 2026,https://www.topuniversities.com/world-university-rankings,
Yes Bank,Universiti Utara Malaysia (UUM),Malaysia,Top 300-500 as per QS Rankings 2026,https://www.topuniversities.com/world-university-rankings,
Yes Bank,University of Bordeaux,France,Top 300-500 as per QS Rankings 2026,https://www.topuniversities.com/world-university-rankings,
Yes Bank,University of Canberra,Australia,Top 300-500 as per QS Rankings 2026,https://www.topuniversities.com/world-university-rankings,
Yes Bank,Iran University of Science and Technology,Iran,Top 300-500 as per QS Rankings 2026,https://www.topuniversities.com/world-university-rankings,
Yes Bank,Justus-Liebig-Universitat Giessen,Germany,Top 300-500 as per QS Rankings 2026,https://www.topuniversities.com/world-university-rankings,
Yes Bank,University of Jyvaskyla,Finland,Top 300-500 as per QS Rankings 2026,https://www.topuniversities.com/world-university-rankings,
Yes Bank,Central Queensland University Australia (CQUniversity),Australia,Top 300-500 as per QS Rankings 2026,https://www.topuniversities.com/world-university-rankings,
Yes Bank,Northwestern Polytechnical University,China,Top 300-500 as per QS Rankings 2026,https://www.topuniversities.com/world-university-rankings,
Yes Bank,Tomsk State University,Russian Federation,Top 500 -1000 as per QS Rankings 2026,https://www.topuniversities.com/world-university-rankings,
Yes Bank,Universidad de Costa Rica,Costa Rica,Top 500 -1000 as per QS Rankings 2026,https://www.topuniversities.com/world-university-rankings,
Yes Bank,Shoolini University of Biotechnology and Management Sciences,India,Top 500 -1000 as per QS Rankings 2026,https://www.topuniversities.com/world-university-rankings,
Yes Bank,China Agricultural University,China,Top 500 -1000 as per QS Rankings 2026,https://www.topuniversities.com/world-university-rankings,
Yes Bank,Chongqing University,China,Top 500 -1000 as per QS Rankings 2026,https://www.topuniversities.com/world-university-rankings,
Yes Bank,Ewha Womans University,South Korea,Top 500 -1000 as per QS Rankings 2026,https://www.topuniversities.com/world-university-rankings,
Yes Bank,Hunan University,China,Top 500 -1000 as per QS Rankings 2026,https://www.topuniversities.com/world-university-rankings,
Yes Bank,University of Guelph,Canada,Top 500 -1000 as per QS Rankings 2026,https://www.topuniversities.com/world-university-rankings,
Yes Bank,China Medical University,Taiwan,Top 500 -1000 as per QS Rankings 2026,https://www.topuniversities.com/world-university-rankings,
Yes Bank,Institut Teknologi Sepuluh Nopember (ITS),Indonesia,Top 500 -1000 as per QS Rankings 2026,https://www.topuniversities.com/world-university-rankings,
Yes Bank,INTI International University,Malaysia,Top 500 -1000 as per QS Rankings 2026,https://www.topuniversities.com/world-university-rankings,
Yes Bank,Ateneo de Manila University,Philippines,Top 500 -1000 as per QS Rankings 2026,https://www.topuniversities.com/world-university-rankings,
Yes Bank,Singapore Management University,Singapore,Top 500 -1000 as per QS Rankings 2026,https://www.topuniversities.com/world-university-rankings,
Yes Bank,SOAS University of London,United Kingdom,Top 500 -1000 as per QS Rankings 2026,https://www.topuniversities.com/world-university-rankings,
Yes Bank,University of Bradford,United Kingdom,Top 500 -1000 as per QS Rankings 2026,https://www.topuniversities.com/world-university-rankings,
Yes Bank,Lebanese University,Lebanon,Top 500 -1000 as per QS Rankings 2026,https://www.topuniversities.com/world-university-rankings,
Yes Bank,Universitas Padjadjaran (UNPAD),Indonesia,Top 500 -1000 as per QS Rankings 2026,https://www.topuniversities.com/world-university-rankings,
Yes Bank,Pontificia Universidad Catolica Argentina Santa Maria de los Buenos Aires - UCA,Argentina,Top 500 -1000 as per QS Rankings 2026,https://www.topuniversities.com/world-university-rankings,
Yes Bank,University of Stirling,United Kingdom,Top 500 -1000 as per QS Rankings 2026,https://www.topuniversities.com/world-university-rankings,
Yes Bank,Kyungpook National University,South Korea,Top 500 -1000 as per QS Rankings 2026,https://www.topuniversities.com/world-university-rankings,
Yes Bank,Singapore University of Technology and Design,Singapore,Top 500 -1000 as per QS Rankings 2026,https://www.topuniversities.com/world-university-rankings,
Yes Bank,Universidad Austral - Argentina,Argentina,Top 500 -1000 as per QS Rankings 2026,https://www.topuniversities.com/world-university-rankings,
Yes Bank,University of Electronic Science and Technology of China,China,Top 500 -1000 as per QS Rankings 2026,https://www.topuniversities.com/world-university-rankings,
Yes Bank,Ural Federal University,Russian Federation,Top 500 -1000 as per QS Rankings 2026,https://www.topuniversities.com/world-university-rankings,
Yes Bank,University of Huddersfield,United Kingdom,Top 500 -1000 as per QS Rankings 2026,https://www.topuniversities.com/world-university-rankings,
Yes Bank,University of Georgia,United States of America,Top 500 -1000 as per QS Rankings 2026,https://www.topuniversities.com/world-university-rankings,
Yes Bank,Boston College,United States of America,Top 500 -1000 as per QS Rankings 2026,https://www.topuniversities.com/world-university-rankings,
Yes Bank,Chiang Mai University,Thailand,Top 500 -1000 as per QS Rankings 2026,https://www.topuniversities.com/world-university-rankings,
Yes Bank,University of Hull,United Kingdom,Top 500 -1000 as per QS Rankings 2026,https://www.topuniversities.com/world-university-rankings,
Yes Bank,University of Salamanca,Spain,Top 500 -1000 as per QS Rankings 2026,https://www.topuniversities.com/world-university-rankings,
Yes Bank,The Education University of Hong Kong,China,Top 500 -1000 as per QS Rankings 2026,https://www.topuniversities.com/world-university-rankings,
Yes Bank,Universitat Bremen,Germany,Top 500 -1000 as per QS Rankings 2026,https://www.topuniversities.com/world-university-rankings,
Yes Bank,University of Genoa,Italy,Top 500 -1000 as per QS Rankings 2026,https://www.topuniversities.com/world-university-rankings,
Yes Bank,University of Iowa,United States of America,Top 500 -1000 as per QS Rankings 2026,https://www.topuniversities.com/world-university-rankings,
Yes Bank,University of Connecticut,United States of America,Top 500 -1000 as per QS Rankings 2026,https://www.topuniversities.com/world-university-rankings,
Yes Bank,King Khalid University,Saudi Arabia,Top 500 -1000 as per QS Rankings 2026,https://www.topuniversities.com/world-university-rankings,
Yes Bank,Lebanese American University,Lebanon,Top 500 -1000 as per QS Rankings 2026,https://www.topuniversities.com/world-university-rankings,
Yes Bank,Prince Sultan University,Saudi Arabia,Top 500 -1000 as per QS Rankings 2026,https://www.topuniversities.com/world-university-rankings,
Yes Bank,Universitat Leipzig,Germany,Top 500 -1000 as per QS Rankings 2026,https://www.topuniversities.com/world-university-rankings,
Yes Bank,University of Ljubljana,Slovenia,Top 500 -1000 as per QS Rankings 2026,https://www.topuniversities.com/world-university-rankings,
Yes Bank,Jinan University (China),China,Top 500 -1000 as per QS Rankings 2026,https://www.topuniversities.com/world-university-rankings,
Yes Bank,University of Utah,United States of America,Top 500 -1000 as per QS Rankings 2026,https://www.topuniversities.com/world-university-rankings,
Yes Bank,Ain Shams University,Egypt,Top 500 -1000 as per QS Rankings 2026,https://www.topuniversities.com/world-university-rankings,
Yes Bank,Universiti Teknologi MARA - UiTM,Malaysia,Top 500 -1000 as per QS Rankings 2026,https://www.topuniversities.com/world-university-rankings,
Yes Bank,University of Milano-Bicocca,Italy,Top 500 -1000 as per QS Rankings 2026,https://www.topuniversities.com/world-university-rankings,
Yes Bank,University of the Punjab,Pakistan,Top 500 -1000 as per QS Rankings 2026,https://www.topuniversities.com/world-university-rankings,
Yes Bank,Universitat Ulm,Germany,Top 500 -1000 as per QS Rankings 2026,https://www.topuniversities.com/world-university-rankings,
Yes Bank,University of Hawaii at Manoa,United States of America,Top 500 -1000 as per QS Rankings 2026,https://www.topuniversities.com/world-university-rankings,
Yes Bank,University of Windsor,Canada,Top 500 -1000 as per QS Rankings 2026,https://www.topuniversities.com/world-university-rankings,
Yes Bank,Florida State University,United States of America,Top 500 -1000 as per QS Rankings 2026,https://www.topuniversities.com/world-university-rankings,
Yes Bank,Northumbria University at Newcastle,United Kingdom,Top 500 -1000 as per QS Rankings 2026,https://www.topuniversities.com/world-university-rankings,
Yes Bank,Thammasat University,Thailand,Top 500 -1000 as per QS Rankings 2026,https://www.topuniversities.com/world-university-rankings,
Yes Bank,Universiti Tenaga Nasional (UNITEN),Malaysia,Top 500 -1000 as per QS Rankings 2026,https://www.topuniversities.com/world-university-rankings,
Yes Bank,Hitotsubashi University,Japan,Top 500 -1000 as per QS Rankings 2026,https://www.topuniversities.com/world-university-rankings,
Yes Bank,University of Delaware,United States of America,Top 500 -1000 as per QS Rankings 2026,https://www.topuniversities.com/world-university-rankings,
Yes Bank,Lahore University of Management Sciences (LUMS),Pakistan,Top 500 -1000 as per QS Rankings 2026,https://www.topuniversities.com/world-university-rankings,
Yes Bank,Indian Institute of Technology Indore,India,Top 500 -1000 as per QS Rankings 2026,https://www.topuniversities.com/world-university-rankings,
Yes Bank,University of Houston,United States of America,Top 500 -1000 as per QS Rankings 2026,https://www.topuniversities.com/world-university-rankings,
Yes Bank,Al Ain University,United Arab Emirates,Top 500 -1000 as per QS Rankings 2026,https://www.topuniversities.com/world-university-rankings,
Yes Bank,Coventry University,United Kingdom,Top 500 -1000 as per QS Rankings 2026,https://www.topuniversities.com/world-university-rankings,
Yes Bank,Jawaharlal Nehru University,India,Top 500 -1000 as per QS Rankings 2026,https://www.topuniversities.com/world-university-rankings,
Yes Bank,Sogang University,South Korea,Top 500 -1000 as per QS Rankings 2026,https://www.topuniversities.com/world-university-rankings,
Yes Bank,University of Kwazulu-Natal,South Africa,Top 500 -1000 as per QS Rankings 2026,https://www.topuniversities.com/world-university-rankings,
Yes Bank,Ajou University,South Korea,Top 500 -1000 as per QS Rankings 2026,https://www.topuniversities.com/world-university-rankings,
Yes Bank,American University of the Middle East,Kuwait,Top 500 -1000 as per QS Rankings 2026,https://www.topuniversities.com/world-university-rankings,
Yes Bank,University of Debrecen,Hungary,Top 500 -1000 as per QS Rankings 2026,https://www.topuniversities.com/world-university-rankings,
Yes Bank,Bangor University,United Kingdom,Top 500 -1000 as per QS Rankings 2026,https://www.topuniversities.com/world-university-rankings,
Yes Bank,Indian Institute of Technology BHU Varanasi (IIT BHU Varanasi),India,Top 500 -1000 as per QS Rankings 2026,https://www.topuniversities.com/world-university-rankings,
Yes Bank,Renmin (Peoples) University of China,China,Top 500 -1000 as per QS Rankings 2026,https://www.topuniversities.com/world-university-rankings,
Yes Bank,Savitribai Phule Pune University,India,Top 500 -1000 as per QS Rankings 2026,https://www.topuniversities.com/world-university-rankings,
Yes Bank,University of Minho,Portugal,Top 500 -1000 as per QS Rankings 2026,https://www.topuniversities.com/world-university-rankings,
Yes Bank,Colorado School of Mines,United States of America,Top 500 -1000 as per QS Rankings 2026,https://www.topuniversities.com/world-university-rankings,
Yes Bank,Hacettepe University,Türkiye,Top 500 -1000 as per QS Rankings 2026,https://www.topuniversities.com/world-university-rankings,
Yes Bank,Isfahan University of Technology,Iran,Top 500 -1000 as per QS Rankings 2026,https://www.topuniversities.com/world-university-rankings,
Yes Bank,Pontificia Universidade Catolica do Rio de Janeiro (PUC - Rio),Brazil,Top 500 -1000 as per QS Rankings 2026,https://www.topuniversities.com/world-university-rankings,
Yes Bank,Brno University of Technology,Czechia,Top 500 -1000 as per QS Rankings 2026,https://www.topuniversities.com/world-university-rankings,
Yes Bank,Chandigarh University,India,Top 500 -1000 as per QS Rankings 2026,https://www.topuniversities.com/world-university-rankings,
Yes Bank,Universitat Jena,Germany,Top 500 -1000 as per QS Rankings 2026,https://www.topuniversities.com/world-university-rankings,
Yes Bank,Universidad Adolfo Ibanez,Chile,Top 500 -1000 as per QS Rankings 2026,https://www.topuniversities.com/world-university-rankings,
Yes Bank,Universiti Teknologi Brunei,Brunei Darussalam,Top 500 -1000 as per QS Rankings 2026,https://www.topuniversities.com/world-university-rankings,
Yes Bank,University of Tabriz,Iran,Top 500 -1000 as per QS Rankings 2026,https://www.topuniversities.com/world-university-rankings,
Yes Bank,Universidad Pontificia Comillas,Spain,Top 500 -1000 as per QS Rankings 2026,https://www.topuniversities.com/world-university-rankings,
Yes Bank,Florida International University,United States of America,Top 500 -1000 as per QS Rankings 2026,https://www.topuniversities.com/world-university-rankings,
Yes Bank,University of Iceland,Iceland,Top 500 -1000 as per QS Rankings 2026,https://www.topuniversities.com/world-university-rankings,
Yes Bank,Charles Darwin University,Australia,Top 500 -1000 as per QS Rankings 2026,https://www.topuniversities.com/world-university-rankings,
Yes Bank,Eotvos Lorand University,Hungary,Top 500 -1000 as per QS Rankings 2026,https://www.topuniversities.com/world-university-rankings,
Yes Bank,University of Dhaka,Bangladesh,Top 500 -1000 as per QS Rankings 2026,https://www.topuniversities.com/world-university-rankings,
Yes Bank,American University,United States of America,Top 500 -1000 as per QS Rankings 2026,https://www.topuniversities.com/world-university-rankings,
Yes Bank,National Central University,Taiwan,Top 500 -1000 as per QS Rankings 2026,https://www.topuniversities.com/world-university-rankings,
Yes Bank,University Claude Bernard Lyon 1,France,Top 500 -1000 as per QS Rankings 2026,https://www.topuniversities.com/world-university-rankings,
Yes Bank,University Paul Sabatier Toulouse 3,France,Top 500 -1000 as per QS Rankings 2026,https://www.topuniversities.com/world-university-rankings,
Yes Bank,American University of Ras Al Khaimah ( AURAK ),United Arab Emirates,Top 500 -1000 as per QS Rankings 2026,https://www.topuniversities.com/world-university-rankings,
Yes Bank,Bond University,Australia,Top 500 -1000 as per QS Rankings 2026,https://www.topuniversities.com/world-university-rankings,
Yes Bank,Illinois Institute of Technology,United States of America,Top 500 -1000 as per QS Rankings 2026,https://www.topuniversities.com/world-university-rankings,
Yes Bank,National Research Nuclear University MEPhI (Moscow Engineering Physics Institute),Russian Federation,Top 500 -1000 as per QS Rankings 2026,https://www.topuniversities.com/world-university-rankings,
Yes Bank,Universidade Federal de Minas Gerais,Brazil,Top 500 -1000 as per QS Rankings 2026,https://www.topuniversities.com/world-university-rankings,
Yes Bank,Zayed University,United Arab Emirates,Top 500 -1000 as per QS Rankings 2026,https://www.topuniversities.com/world-university-rankings,
Yes Bank,Asia Pacific University of Technology and Innovation (APU) Malaysia,Malaysia,Top 500 -1000 as per QS Rankings 2026,https://www.topuniversities.com/world-university-rankings,
Yes Bank,Hasselt University,Belgium,Top 500 -1000 as per QS Rankings 2026,https://www.topuniversities.com/world-university-rankings,
Yes Bank,Management and Science University - MSU Malaysia,Malaysia,Top 500 -1000 as per QS Rankings 2026,https://www.topuniversities.com/world-university-rankings,
Yes Bank,Taipei Medical University,Taiwan,Top 500 -1000 as per QS Rankings 2026,https://www.topuniversities.com/world-university-rankings,
Yes Bank,Tulane University,United States of America,Top 500 -1000 as per QS Rankings 2026,https://www.topuniversities.com/world-university-rankings,
Yes Bank,University of Szeged,Hungary,Top 500 -1000 as per QS Rankings 2026,https://www.topuniversities.com/world-university-rankings,
Yes Bank,University of Texas at Dallas,United States of America,Top 500 -1000 as per QS Rankings 2026,https://www.topuniversities.com/world-university-rankings,
Yes Bank,Canadian University of Dubai,United Arab Emirates,Top 500 -1000 as per QS Rankings 2026,https://www.topuniversities.com/world-university-rankings,
Yes Bank,National Chengchi University,Taiwan,Top 500 -1000 as per QS Rankings 2026,https://www.topuniversities.com/world-university-rankings,
Yes Bank,University of Eastern Finland,Finland,Top 500 -1000 as per QS Rankings 2026,https://www.topuniversities.com/world-university-rankings,
Yes Bank,University of Siena,Italy,Top 500 -1000 as per QS Rankings 2026,https://www.topuniversities.com/world-university-rankings,
Yes Bank,University of Tennessee,United States of America,Top 500 -1000 as per QS Rankings 2026,https://www.topuniversities.com/world-university-rankings,
Yes Bank,Nottingham Trent University,United Kingdom,Top 500 -1000 as per QS Rankings 2026,https://www.topuniversities.com/world-university-rankings,
Yes Bank,Peter the Great St.Petersburg Polytechnic University,Russian Federation,Top 500 -1000 as per QS Rankings 2026,https://www.topuniversities.com/world-university-rankings,
Yes Bank,Universiti Malaysia Pahang Al-Sultan Abdullah (UMPSA),Malaysia,Top 500 -1000 as per QS Rankings 2026,https://www.topuniversities.com/world-university-rankings,
Yes Bank,University of Ulster,United Kingdom,Top 500 -1000 as per QS Rankings 2026,https://www.topuniversities.com/world-university-rankings,
Yes Bank,Applied Science University - Bahrain,Bahrain,Top 500 -1000 as per QS Rankings 2026,https://www.topuniversities.com/world-university-rankings,
Yes Bank,City University of New York,United States of America,Top 500 -1000 as per QS Rankings 2026,https://www.topuniversities.com/world-university-rankings,
Yes Bank,International Islamic University Malaysia (IIUM),Malaysia,Top 500 -1000 as per QS Rankings 2026,https://www.topuniversities.com/world-university-rankings,
Yes Bank,Universidad de Concepcion,Chile,Top 500 -1000 as per QS Rankings 2026,https://www.topuniversities.com/world-university-rankings,
Yes Bank,University of Plymouth,United Kingdom,Top 500 -1000 as per QS Rankings 2026,https://www.topuniversities.com/world-university-rankings,
Yes Bank,Christian-Albrechts-Universitat zu Kiel,Germany,Top 500 -1000 as per QS Rankings 2026,https://www.topuniversities.com/world-university-rankings,
Yes Bank,Dongguk University,South Korea,Top 500 -1000 as per QS Rankings 2026,https://www.topuniversities.com/world-university-rankings,
Yes Bank,Saint Joseph University of Beirut (USJ),Lebanon,Top 500 -1000 as per QS Rankings 2026,https://www.topuniversities.com/world-university-rankings,
Yes Bank,Zhengzhou University,China,Top 500 -1000 as per QS Rankings 2026,https://www.topuniversities.com/world-university-rankings,
Yes Bank,Umm Al-Qura University,Saudi Arabia,Top 500 -1000 as per QS Rankings 2026,https://www.topuniversities.com/world-university-rankings,
Yes Bank,University of New Brunswick,Canada,Top 500 -1000 as per QS Rankings 2026,https://www.topuniversities.com/world-university-rankings,
Yes Bank,Diponegoro University,Indonesia,Top 500 -1000 as per QS Rankings 2026,https://www.topuniversities.com/world-university-rankings,
Yes Bank,Oregon State University,United States of America,Top 500 -1000 as per QS Rankings 2026,https://www.topuniversities.com/world-university-rankings,
Yes Bank,Universidad del Pais Vasco,Spain,Top 500 -1000 as per QS Rankings 2026,https://www.topuniversities.com/world-university-rankings,
Yes Bank,Yeshiva University,United States of America,Top 500 -1000 as per QS Rankings 2026,https://www.topuniversities.com/world-university-rankings,
Yes Bank,Istanbul University,Türkiye,Top 500 -1000 as per QS Rankings 2026,https://www.topuniversities.com/world-university-rankings,
Yes Bank,Kazakh National Pedagogical University Abai,Kazakhstan,Top 500 -1000 as per QS Rankings 2026,https://www.topuniversities.com/world-university-rankings,
Yes Bank,Missouri University of Science and Technology,United States of America,Top 500 -1000 as per QS Rankings 2026,https://www.topuniversities.com/world-university-rankings,
Yes Bank,National Chung Hsing University,Taiwan,Top 500 -1000 as per QS Rankings 2026,https://www.topuniversities.com/world-university-rankings,
Yes Bank,Universidade de Santiago de Compostela,Spain,Top 500 -1000 as per QS Rankings 2026,https://www.topuniversities.com/world-university-rankings,
Yes Bank,University of Crete,Greece,Top 500 -1000 as per QS Rankings 2026,https://www.topuniversities.com/world-university-rankings,
Yes Bank,University of South Carolina,United States of America,Top 500 -1000 as per QS Rankings 2026,https://www.topuniversities.com/world-university-rankings,
Yes Bank,Tallinn University of Technology,Estonia,Top 500 -1000 as per QS Rankings 2026,https://www.topuniversities.com/world-university-rankings,
Yes Bank,Universitat des Saarlandes,Germany,Top 500 -1000 as per QS Rankings 2026,https://www.topuniversities.com/world-university-rankings,
Yes Bank,University of Portsmouth,United Kingdom,Top 500 -1000 as per QS Rankings 2026,https://www.topuniversities.com/world-university-rankings,
Yes Bank,"Lincoln University College, Malaysia",Malaysia,Top 500 -1000 as per QS Rankings 2026,https://www.topuniversities.com/world-university-rankings,
Yes Bank,Southern Cross University,Australia,Top 500 -1000 as per QS Rankings 2026,https://www.topuniversities.com/world-university-rankings,
Yes Bank,Universidad de Zaragoza,Spain,Top 500 -1000 as per QS Rankings 2026,https://www.topuniversities.com/world-university-rankings,
Yes Bank,"University of Chemistry and Technology, Prague",Czechia,Top 500 -1000 as per QS Rankings 2026,https://www.topuniversities.com/world-university-rankings,
Yes Bank,University of Fribourg,Switzerland,Top 500 -1000 as per QS Rankings 2026,https://www.topuniversities.com/world-university-rankings,
Yes Bank,Abo Akademi University,Finland,Top 500 -1000 as per QS Rankings 2026,https://www.topuniversities.com/world-university-rankings,
Yes Bank,Inha University,South Korea,Top 500 -1000 as per QS Rankings 2026,https://www.topuniversities.com/world-university-rankings,
Yes Bank,Free University of Bolzano,Italy,Top 500 -1000 as per QS Rankings 2026,https://www.topuniversities.com/world-university-rankings,
Yes Bank,Manchester Metropolitan University,United Kingdom,Top 500 -1000 as per QS Rankings 2026,https://www.topuniversities.com/world-university-rankings,
Yes Bank,University of Manitoba,Canada,Top 500 -1000 as per QS Rankings 2026,https://www.topuniversities.com/world-university-rankings,
Yes Bank,King Faisal University,Saudi Arabia,Top 500 -1000 as per QS Rankings 2026,https://www.topuniversities.com/world-university-rankings,
Yes Bank,"University of Tromso, The Arctic University of Norway",Norway,Top 500 -1000 as per QS Rankings 2026,https://www.topuniversities.com/world-university-rankings,
Yes Bank,MGIMO University,Russian Federation,Top 500 -1000 as per QS Rankings 2026,https://www.topuniversities.com/world-university-rankings,
Yes Bank,Paris Lodron University of Salzburg,Austria,Top 500 -1000 as per QS Rankings 2026,https://www.topuniversities.com/world-university-rankings,
Yes Bank,Universidad de la Republica (UdelaR),Uruguay,Top 500 -1000 as per QS Rankings 2026,https://www.topuniversities.com/world-university-rankings,
Yes Bank,University of Brescia,Italy,Top 500 -1000 as per QS Rankings 2026,https://www.topuniversities.com/world-university-rankings,
Yes Bank,China University of Mining and Technology,China,Top 500 -1000 as per QS Rankings 2026,https://www.topuniversities.com/world-university-rankings,
Yes Bank,De La Salle University,Philippines,Top 500 -1000 as per QS Rankings 2026,https://www.topuniversities.com/world-university-rankings,
Yes Bank,Konkuk University,South Korea,Top 500 -1000 as per QS Rankings 2026,https://www.topuniversities.com/world-university-rankings,
Yes Bank,University of Lille,France,Top 500 -1000 as per QS Rankings 2026,https://www.topuniversities.com/world-university-rankings,
Yes Bank,"University of Agriculture, Faisalabad",Pakistan,Top 500 -1000 as per QS Rankings 2026,https://www.topuniversities.com/world-university-rankings,
Yes Bank,University of South Florida,United States of America,Top 500 -1000 as per QS Rankings 2026,https://www.topuniversities.com/world-university-rankings,
Yes Bank,Bar-Ilan University,Israel,Top 500 -1000 as per QS Rankings 2026,https://www.topuniversities.com/world-university-rankings,
Yes Bank,Ca Foscari University of Venice,Italy,Top 500 -1000 as per QS Rankings 2026,https://www.topuniversities.com/world-university-rankings,
Yes Bank,"Kingston University, London",United Kingdom,Top 500 -1000 as per QS Rankings 2026,https://www.topuniversities.com/world-university-rankings,
Yes Bank,Memorial University of Newfoundland,Canada,Top 500 -1000 as per QS Rankings 2026,https://www.topuniversities.com/world-university-rankings,
Yes Bank,COMSATS University Islamabad,Pakistan,Top 500 -1000 as per QS Rankings 2026,https://www.topuniversities.com/world-university-rankings,
Yes Bank,Indian Institute of Technology Hyderabad (IITH),India,Top 500 -1000 as per QS Rankings 2026,https://www.topuniversities.com/world-university-rankings,
Yes Bank,University of Mumbai,India,Top 500 -1000 as per QS Rankings 2026,https://www.topuniversities.com/world-university-rankings,
Yes Bank,University of Oklahoma,United States of America,Top 500 -1000 as per QS Rankings 2026,https://www.topuniversities.com/world-university-rankings,
Yes Bank,Birla Institute of Technology and Science,India,Top 500 -1000 as per QS Rankings 2026,https://www.topuniversities.com/world-university-rankings,
Yes Bank,Chang Gung University,Taiwan,Top 500 -1000 as per QS Rankings 2026,https://www.topuniversities.com/world-university-rankings,
Yes Bank,Karl-Franzens-Universitat Graz,Austria,Top 500 -1000 as per QS Rankings 2026,https://www.topuniversities.com/world-university-rankings,
Yes Bank,Lehigh University,United States of America,Top 500 -1000 as per QS Rankings 2026,https://www.topuniversities.com/world-university-rankings,
Yes Bank,Palacky University in Olomouc,Czechia,Top 500 -1000 as per QS Rankings 2026,https://www.topuniversities.com/world-university-rankings,
Yes Bank,East China University of Science and Technology,China,Top 500 -1000 as per QS Rankings 2026,https://www.topuniversities.com/world-university-rankings,
Yes Bank,Stevens Institute of Technology,United States of America,Top 500 -1000 as per QS Rankings 2026,https://www.topuniversities.com/world-university-rankings,
Yes Bank,Technische Universitat Dortmund,Germany,Top 500 -1000 as per QS Rankings 2026,https://www.topuniversities.com/world-university-rankings,
Yes Bank,Beirut Arab University,Lebanon,Top 500 -1000 as per QS Rankings 2026,https://www.topuniversities.com/world-university-rankings,
Yes Bank,Jadavpur University,India,Top 500 -1000 as per QS Rankings 2026,https://www.topuniversities.com/world-university-rankings,
Yes Bank,American University in Dubai,United Arab Emirates,Top 500 -1000 as per QS Rankings 2026,https://www.topuniversities.com/world-university-rankings,
Yes Bank,University of Haifa,Israel,Top 500 -1000 as per QS Rankings 2026,https://www.topuniversities.com/world-university-rankings,
Yes Bank,HUFS - Hankuk (Korea) University of Foreign Studies,South Korea,Top 500 -1000 as per QS Rankings 2026,https://www.topuniversities.com/world-university-rankings,
Yes Bank,Nanjing University of Aeronautics and Astronautics,China,Top 500 -1000 as per QS Rankings 2026,https://www.topuniversities.com/world-university-rankings,
Yes Bank,Ritsumeikan University,Japan,Top 500 -1000 as per QS Rankings 2026,https://www.topuniversities.com/world-university-rankings,
Yes Bank,University of Brawijaya,Indonesia,Top 500 -1000 as per QS Rankings 2026,https://www.topuniversities.com/world-university-rankings,
Yes Bank,Comenius University Bratislava,Slovakia,Top 500 -1000 as per QS Rankings 2026,https://www.topuniversities.com/world-university-rankings,
Yes Bank,Ton Duc Thang University,Vietnam,Top 500 -1000 as per QS Rankings 2026,https://www.topuniversities.com/world-university-rankings,
Yes Bank,China University of Petroleum,China,Top 500 -1000 as per QS Rankings 2026,https://www.topuniversities.com/world-university-rankings,
Yes Bank,Cyprus University of Technology,Cyprus,Top 500 -1000 as per QS Rankings 2026,https://www.topuniversities.com/world-university-rankings,
Yes Bank,Baku State University,Azerbaijan,Top 500 -1000 as per QS Rankings 2026,https://www.topuniversities.com/world-university-rankings,
Yes Bank,Tomsk Polytechnic University,Russian Federation,Top 500 -1000 as per QS Rankings 2026,https://www.topuniversities.com/world-university-rankings,
Yes Bank,University Cote dAzur,France,Top 500 -1000 as per QS Rankings 2026,https://www.topuniversities.com/world-university-rankings,
Yes Bank,Eastern Mediterranean University,Northern Cyprus,Top 500 -1000 as per QS Rankings 2026,https://www.topuniversities.com/world-university-rankings,
Yes Bank,Universidade Federal do Rio Grande Do Sul,Brazil,Top 500 -1000 as per QS Rankings 2026,https://www.topuniversities.com/world-university-rankings,
Yes Bank,Universitat Regensburg,Germany,Top 500 -1000 as per QS Rankings 2026,https://www.topuniversities.com/world-university-rankings,
Yes Bank,"Vellore Institute of Technology (VIT), Vellore, India",India,Top 500 -1000 as per QS Rankings 2026,https://www.topuniversities.com/world-university-rankings,
Yes Bank,Rensselaer Polytechnic Institute,United States of America,Top 500 -1000 as per QS Rankings 2026,https://www.topuniversities.com/world-university-rankings,
Yes Bank,Symbiosis International (Deemed University),India,Top 500 -1000 as per QS Rankings 2026,https://www.topuniversities.com/world-university-rankings,
Yes Bank,TUHH Hamburg University of Technology,Germany,Top 500 -1000 as per QS Rankings 2026,https://www.topuniversities.com/world-university-rankings,
Yes Bank,Ankara Universitesi,Türkiye,Top 500 -1000 as per QS Rankings 2026,https://www.topuniversities.com/world-university-rankings,
Yes Bank,Beijing University of Chemical Technology,China,Top 500 -1000 as per QS Rankings 2026,https://www.topuniversities.com/world-university-rankings,
Yes Bank,Kazakh National Agrarian University,Kazakhstan,Top 500 -1000 as per QS Rankings 2026,https://www.topuniversities.com/world-university-rankings,
Yes Bank,Tokyo Medical and Dental University,Japan,Top 500 -1000 as per QS Rankings 2026,https://www.topuniversities.com/world-university-rankings,
Yes Bank,Universidad de Alcala,Spain,Top 500 -1000 as per QS Rankings 2026,https://www.topuniversities.com/world-university-rankings,
Yes Bank,University of Klagenfurt,Austria,Top 500 -1000 as per QS Rankings 2026,https://www.topuniversities.com/world-university-rankings,
Yes Bank,"University of Missouri, Columbia",United States of America,Top 500 -1000 as per QS Rankings 2026,https://www.topuniversities.com/world-university-rankings,
Yes Bank,Jeonbuk National University (formerly known as Chonbuk National University),South Korea,Top 500 -1000 as per QS Rankings 2026,https://www.topuniversities.com/world-university-rankings,
Yes Bank,Kasetsart University,Thailand,Top 500 -1000 as per QS Rankings 2026,https://www.topuniversities.com/world-university-rankings,
Yes Bank,"Lingnan University, Hong Kong",China,Top 500 -1000 as per QS Rankings 2026,https://www.topuniversities.com/world-university-rankings,
Yes Bank,Nanjing University of Science and Technology,China,Top 500 -1000 as per QS Rankings 2026,https://www.topuniversities.com/world-university-rankings,
Yes Bank,Shiraz University,Iran,Top 500 -1000 as per QS Rankings 2026,https://www.topuniversities.com/world-university-rankings,
Yes Bank,Universidad Panamericana (UP),Mexico,Top 500 -1000 as per QS Rankings 2026,https://www.topuniversities.com/world-university-rankings,
Yes Bank,University of Central Florida,United States of America,Top 500 -1000 as per QS Rankings 2026,https://www.topuniversities.com/world-university-rankings,
Yes Bank,University of Zagreb,Croatia,Top 500 -1000 as per QS Rankings 2026,https://www.topuniversities.com/world-university-rankings,
Yes Bank,Asia University Taiwan,Taiwan,Top 500 -1000 as per QS Rankings 2026,https://www.topuniversities.com/world-university-rankings,
Yes Bank,Budapest University of Technology and Economics,Hungary,Top 500 -1000 as per QS Rankings 2026,https://www.topuniversities.com/world-university-rankings,
Yes Bank,Drexel University,United States of America,Top 500 -1000 as per QS Rankings 2026,https://www.topuniversities.com/world-university-rankings,
Yes Bank,"Goldsmiths, University of London",United Kingdom,Top 500 -1000 as per QS Rankings 2026,https://www.topuniversities.com/world-university-rankings,
Yes Bank,ISCTE - Instituto Universitario de Lisboa,Portugal,Top 500 -1000 as per QS Rankings 2026,https://www.topuniversities.com/world-university-rankings,
Yes Bank,ITMO University,Russian Federation,Top 500 -1000 as per QS Rankings 2026,https://www.topuniversities.com/world-university-rankings,
Yes Bank,Technische Universitat Braunschweig,Germany,Top 500 -1000 as per QS Rankings 2026,https://www.topuniversities.com/world-university-rankings,
Yes Bank,Toronto Metropolitan University (formerly Ryerson University),Canada,Top 500 -1000 as per QS Rankings 2026,https://www.topuniversities.com/world-university-rankings,
Yes Bank,Universitat Hohenheim,Germany,Top 500 -1000 as per QS Rankings 2026,https://www.topuniversities.com/world-university-rankings,
Yes Bank,University of Rennes 1,France,Top 500 -1000 as per QS Rankings 2026,https://www.topuniversities.com/world-university-rankings,
Yes Bank,University of Nebraska-Lincoln,United States of America,Top 500 -1000 as per QS Rankings 2026,https://www.topuniversities.com/world-university-rankings,
Yes Bank,National University of Science and Technology MISiS,Russian Federation,Top 500 -1000 as per QS Rankings 2026,https://www.topuniversities.com/world-university-rankings,
Yes Bank,National University of Uzbekistan,Uzbekistan,Top 500 -1000 as per QS Rankings 2026,https://www.topuniversities.com/world-university-rankings,
Yes Bank,Pakistan Institute of Engineering and Applied Sciences (PIEAS),Pakistan,Top 500 -1000 as per QS Rankings 2026,https://www.topuniversities.com/world-university-rankings,
Yes Bank,Prince Sattam Bin Abdulaziz University,Saudi Arabia,Top 500 -1000 as per QS Rankings 2026,https://www.topuniversities.com/world-university-rankings,
Yes Bank,Taras Shevchenko National University of Kyiv,Ukraine,Top 500 -1000 as per QS Rankings 2026,https://www.topuniversities.com/world-university-rankings,
Yes Bank,Temple University,United States of America,Top 500 -1000 as per QS Rankings 2026,https://www.topuniversities.com/world-university-rankings,
Yes Bank,University of Cincinnati,United States of America,Top 500 -1000 as per QS Rankings 2026,https://www.topuniversities.com/world-university-rankings,
Yes Bank,University of Patras,Greece,Top 500 -1000 as per QS Rankings 2026,https://www.topuniversities.com/world-university-rankings,
Yes Bank,UWE Bristol (University of the West of England),United Kingdom,Top 500 -1000 as per QS Rankings 2026,https://www.topuniversities.com/world-university-rankings,
Yes Bank,Auezov South Kazakhstan State University (SKSU),Kazakhstan,Top 500 -1000 as per QS Rankings 2026,https://www.topuniversities.com/world-university-rankings,
Yes Bank,Far Eastern Federal University,Russian Federation,Top 500 -1000 as per QS Rankings 2026,https://www.topuniversities.com/world-university-rankings,
Yes Bank,National Institute of Technology Tiruchirappalli,India,Top 500 -1000 as per QS Rankings 2026,https://www.topuniversities.com/world-university-rankings,
Yes Bank,Princess Nourah bint Abdulrahman University,Saudi Arabia,Top 500 -1000 as per QS Rankings 2026,https://www.topuniversities.com/world-university-rankings,
Yes Bank,SEGi University,Malaysia,Top 500 -1000 as per QS Rankings 2026,https://www.topuniversities.com/world-university-rankings,
Yes Bank,"Sofia University ""St. Kliment Ohridski""",Bulgaria,Top 500 -1000 as per QS Rankings 2026,https://www.topuniversities.com/world-university-rankings,
Yes Bank,Texas Tech University,United States of America,Top 500 -1000 as per QS Rankings 2026,https://www.topuniversities.com/world-university-rankings,
Yes Bank,Universidad Central de Venezuela - UCV,Venezuela,Top 500 -1000 as per QS Rankings 2026,https://www.topuniversities.com/world-university-rankings,
Yes Bank,University of Tunis El Manar,Tunisia,Top 500 -1000 as per QS Rankings 2026,https://www.topuniversities.com/world-university-rankings,
Yes Bank,Yildiz Technical University,Türkiye,Top 500 -1000 as per QS Rankings 2026,https://www.topuniversities.com/world-university-rankings,
Yes Bank,Aberystwyth University,United Kingdom,Top 500 -1000 as per QS Rankings 2026,https://www.topuniversities.com/world-university-rankings,
Yes Bank,Adam Mickiewicz University,Poland,Top 500 -1000 as per QS Rankings 2026,https://www.topuniversities.com/world-university-rankings,
Yes Bank,Brandeis University,United States of America,Top 500 -1000 as per QS Rankings 2026,https://www.topuniversities.com/world-university-rankings,
Yes Bank,Kaunas University of Technology,Lithuania,Top 500 -1000 as per QS Rankings 2026,https://www.topuniversities.com/world-university-rankings,
Yes Bank,Plekhanov Russian University of Economics,Russian Federation,Top 500 -1000 as per QS Rankings 2026,https://www.topuniversities.com/world-university-rankings,
Yes Bank,Shahid Beheshti University (SBU),Iran,Top 500 -1000 as per QS Rankings 2026,https://www.topuniversities.com/world-university-rankings,
Yes Bank,Syracuse University,United States of America,Top 500 -1000 as per QS Rankings 2026,https://www.topuniversities.com/world-university-rankings,
Yes Bank,The Catholic University of Korea,South Korea,Top 500 -1000 as per QS Rankings 2026,https://www.topuniversities.com/world-university-rankings,
Yes Bank,University of Baghdad,Iraq,Top 500 -1000 as per QS Rankings 2026,https://www.topuniversities.com/world-university-rankings,
Yes Bank,University of Malta,Malta,Top 500 -1000 as per QS Rankings 2026,https://www.topuniversities.com/world-university-rankings,
Yes Bank,University of Messina,Italy,Top 500 -1000 as per QS Rankings 2026,https://www.topuniversities.com/world-university-rankings,
Yes Bank,University of Pecs,Hungary,Top 500 -1000 as per QS Rankings 2026,https://www.topuniversities.com/world-university-rankings,
Yes Bank,Victoria University,Australia,Top 500 -1000 as per QS Rankings 2026,https://www.topuniversities.com/world-university-rankings,
Yes Bank,Vytautas Magnus University,Lithuania,Top 500 -1000 as per QS Rankings 2026,https://www.topuniversities.com/world-university-rankings,
Yes Bank,Martin-Luther-Universitat Halle-Wittenberg,Germany,Top 500 -1000 as per QS Rankings 2026,https://www.topuniversities.com/world-university-rankings,
Yes Bank,University of Lorraine,France,Top 500 -1000 as per QS Rankings 2026,https://www.topuniversities.com/world-university-rankings,
Yes Bank,University of New Mexico,United States of America,Top 500 -1000 as per QS Rankings 2026,https://www.topuniversities.com/world-university-rankings,
Yes Bank,University of Oregon,United States of America,Top 500 -1000 as per QS Rankings 2026,https://www.topuniversities.com/world-university-rankings,
Yes Bank,University of Trieste,Italy,Top 500 -1000 as per QS Rankings 2026,https://www.topuniversities.com/world-university-rankings,
Yes Bank,Al-Ahliyya Amman University,Jordan,Top 500 -1000 as per QS Rankings 2026,https://www.topuniversities.com/world-university-rankings,
Yes Bank,Babes-Bolyai University,Romania,Top 500 -1000 as per QS Rankings 2026,https://www.topuniversities.com/world-university-rankings,
Yes Bank,Bangladesh University of Engineering and Technology,Bangladesh,Top 500 -1000 as per QS Rankings 2026,https://www.topuniversities.com/world-university-rankings,
Yes Bank,Czech University of Life Sciences in Prague,Czechia,Top 500 -1000 as per QS Rankings 2026,https://www.topuniversities.com/world-university-rankings,
Yes Bank,"Government College University, Faisalabad",Pakistan,Top 500 -1000 as per QS Rankings 2026,https://www.topuniversities.com/world-university-rankings,
Yes Bank,"Jamia Millia Islamia, New Delhi",India,Top 500 -1000 as per QS Rankings 2026,https://www.topuniversities.com/world-university-rankings,
Yes Bank,Khoja Akhmet Yassawi International Kazakh-Turkish University,Kazakhstan,Top 500 -1000 as per QS Rankings 2026,https://www.topuniversities.com/world-university-rankings,
Yes Bank,Kaohsiung Medical University,Taiwan,Top 500 -1000 as per QS Rankings 2026,https://www.topuniversities.com/world-university-rankings,
Yes Bank,New Jersey Institute of Technology (NJIT),United States of America,Top 500 -1000 as per QS Rankings 2026,https://www.topuniversities.com/world-university-rankings,
Yes Bank,Riga Technical University,Latvia,Top 500 -1000 as per QS Rankings 2026,https://www.topuniversities.com/world-university-rankings,
Yes Bank,University of Belgrade,Serbia,Top 500 -1000 as per QS Rankings 2026,https://www.topuniversities.com/world-university-rankings,
Yes Bank,University of Bucharest,Romania,Top 500 -1000 as per QS Rankings 2026,https://www.topuniversities.com/world-university-rankings,
Yes Bank,University of Nizwa,Oman,Top 500 -1000 as per QS Rankings 2026,https://www.topuniversities.com/world-university-rankings,
Yes Bank,"Vietnam National University, Hanoi",Vietnam,Top 500 -1000 as per QS Rankings 2026,https://www.topuniversities.com/world-university-rankings,
Yes Bank,Holy Spirit University of Kaslik,Lebanon,Top 500 -1000 as per QS Rankings 2026,https://www.topuniversities.com/world-university-rankings,
Yes Bank,Philipps-Universitat Marburg,Germany,Top 500 -1000 as per QS Rankings 2026,https://www.topuniversities.com/world-university-rankings,
Yes Bank,Rovira i Virgili University,Spain,Top 500 -1000 as per QS Rankings 2026,https://www.topuniversities.com/world-university-rankings,
Yes Bank,Rutgers University - Newark,United States of America,Top 500 -1000 as per QS Rankings 2026,https://www.topuniversities.com/world-university-rankings,
Yes Bank,Thapar Institute of Engineering & Technology,India,Top 500 -1000 as per QS Rankings 2026,https://www.topuniversities.com/world-university-rankings,
Yes Bank,Universidad de Palermo,Argentina,Top 500 -1000 as per QS Rankings 2026,https://www.topuniversities.com/world-university-rankings,
Yes Bank,University of Calcutta,India,Top 500 -1000 as per QS Rankings 2026,https://www.topuniversities.com/world-university-rankings,
Yes Bank,University of Maynooth,Ireland,Top 500 -1000 as per QS Rankings 2026,https://www.topuniversities.com/world-university-rankings,
Yes Bank,Alexandria University,Egypt,Top 500 -1000 as per QS Rankings 2026,https://www.topuniversities.com/world-university-rankings,
Yes Bank,Carleton University,Canada,Top 500 -1000 as per QS Rankings 2026,https://www.topuniversities.com/world-university-rankings,
Yes Bank,Georgia State University,United States of America,Top 500 -1000 as per QS Rankings 2026,https://www.topuniversities.com/world-university-rankings,
Yes Bank,Hong Kong Metropolitan University,China,Top 500 -1000 as per QS Rankings 2026,https://www.topuniversities.com/world-university-rankings,
Yes Bank,Kuwait University,Kuwait,Top 500 -1000 as per QS Rankings 2026,https://www.topuniversities.com/world-university-rankings,
Yes Bank,Technological University of Dublin,Ireland,Top 500 -1000 as per QS Rankings 2026,https://www.topuniversities.com/world-university-rankings,
Yes Bank,Universidad de Alicante,Spain,Top 500 -1000 as per QS Rankings 2026,https://www.topuniversities.com/world-university-rankings,
Yes Bank,Universidad de Antioquia,Colombia,Top 500 -1000 as per QS Rankings 2026,https://www.topuniversities.com/world-university-rankings,
Yes Bank,Universidad del Rosario,Colombia,Top 500 -1000 as per QS Rankings 2026,https://www.topuniversities.com/world-university-rankings,
Yes Bank,"Universidade Catolica Portuguesa, UCP",Portugal,Top 500 -1000 as per QS Rankings 2026,https://www.topuniversities.com/world-university-rankings,
Yes Bank,University of Kentucky,United States of America,Top 500 -1000 as per QS Rankings 2026,https://www.topuniversities.com/world-university-rankings,
Yes Bank,University of Mons,Belgium,Top 500 -1000 as per QS Rankings 2026,https://www.topuniversities.com/world-university-rankings,
Yes Bank,V.N. Karazin Kharkiv National University,Ukraine,Top 500 -1000 as per QS Rankings 2026,https://www.topuniversities.com/world-university-rankings,
Yes Bank,Wayne State University,United States of America,Top 500 -1000 as per QS Rankings 2026,https://www.topuniversities.com/world-university-rankings,
Yes Bank,Applied Science Private University - Jordan,Jordan,Top 500 -1000 as per QS Rankings 2026,https://www.topuniversities.com/world-university-rankings,
Yes Bank,Beijing University of Technology,China,Top 500 -1000 as per QS Rankings 2026,https://www.topuniversities.com/world-university-rankings,
Yes Bank,Chiba University,Japan,Top 500 -1000 as per QS Rankings 2026,https://www.topuniversities.com/world-university-rankings,
Yes Bank,Lanzhou University,China,Top 500 -1000 as per QS Rankings 2026,https://www.topuniversities.com/world-university-rankings,
Yes Bank,Norwegian University of Life Sciences (UMB),Norway,Top 500 -1000 as per QS Rankings 2026,https://www.topuniversities.com/world-university-rankings,
Yes Bank,Pontificia Universidad Catolica de Valparaiso,Chile,Top 500 -1000 as per QS Rankings 2026,https://www.topuniversities.com/world-university-rankings,
Yes Bank,Universiti Tunku Abdul Rahman (UTAR),Malaysia,Top 500 -1000 as per QS Rankings 2026,https://www.topuniversities.com/world-university-rankings,
Yes Bank,Wake Forest University,United States of America,Top 500 -1000 as per QS Rankings 2026,https://www.topuniversities.com/world-university-rankings,
Yes Bank,AGH University of Krakow,Poland,Top 500 -1000 as per QS Rankings 2026,https://www.topuniversities.com/world-university-rankings,
Yes Bank,Ahlia University,Bahrain,Top 500 -1000 as per QS Rankings 2026,https://www.topuniversities.com/world-university-rankings,
Yes Bank,Alfaisal University,Saudi Arabia,Top 500 -1000 as per QS Rankings 2026,https://www.topuniversities.com/world-university-rankings,
Yes Bank,Azerbaijan State University of Economics,Azerbaijan,Top 500 -1000 as per QS Rankings 2026,https://www.topuniversities.com/world-university-rankings,
Yes Bank,Bournemouth University,United Kingdom,Top 500 -1000 as per QS Rankings 2026,https://www.topuniversities.com/world-university-rankings,
Yes Bank,De Montfort University,United Kingdom,Top 500 -1000 as per QS Rankings 2026,https://www.topuniversities.com/world-university-rankings,
Yes Bank,Donghua University,China,Top 500 -1000 as per QS Rankings 2026,https://www.topuniversities.com/world-university-rankings,
Yes Bank,Gdansk University of Technology,Poland,Top 500 -1000 as per QS Rankings 2026,https://www.topuniversities.com/world-university-rankings,
Yes Bank,German Jordanian University,Jordan,Top 500 -1000 as per QS Rankings 2026,https://www.topuniversities.com/world-university-rankings,
Yes Bank,IIT Gandhinagar,India,Top 500 -1000 as per QS Rankings 2026,https://www.topuniversities.com/world-university-rankings,
Yes Bank,Instituto Tecnologico Autonomo de Mexico (ITAM),Mexico,Top 500 -1000 as per QS Rankings 2026,https://www.topuniversities.com/world-university-rankings,
Yes Bank,Keele University,United Kingdom,Top 500 -1000 as per QS Rankings 2026,https://www.topuniversities.com/world-university-rankings,
Yes Bank,Middlesex University,United Kingdom,Top 500 -1000 as per QS Rankings 2026,https://www.topuniversities.com/world-university-rankings,
Yes Bank,"National Technical University of Ukraine ""Igor Sikorsky Kyiv Polytechnic Institute""",Ukraine,Top 500 -1000 as per QS Rankings 2026,https://www.topuniversities.com/world-university-rankings,
Yes Bank,Northwest Agriculture and Forestry University,China,Top 500 -1000 as per QS Rankings 2026,https://www.topuniversities.com/world-university-rankings,
Yes Bank,Ocean University of China,China,Top 500 -1000 as per QS Rankings 2026,https://www.topuniversities.com/world-university-rankings,
Yes Bank,Perugia University,Italy,Top 500 -1000 as per QS Rankings 2026,https://www.topuniversities.com/world-university-rankings,
Yes Bank,Politecnico di Bari,Italy,Top 500 -1000 as per QS Rankings 2026,https://www.topuniversities.com/world-university-rankings,
Yes Bank,Qassim University,Saudi Arabia,Top 500 -1000 as per QS Rankings 2026,https://www.topuniversities.com/world-university-rankings,
Yes Bank,Soochow University,China,Top 500 -1000 as per QS Rankings 2026,https://www.topuniversities.com/world-university-rankings,
Yes Bank,"The New School, New York City and Paris",United States of America,Top 500 -1000 as per QS Rankings 2026,https://www.topuniversities.com/world-university-rankings,
Yes Bank,Tokyo University of Science (RIKADAI),Japan,Top 500 -1000 as per QS Rankings 2026,https://www.topuniversities.com/world-university-rankings,
Yes Bank,Universidad de la Habana,Cuba,Top 500 -1000 as per QS Rankings 2026,https://www.topuniversities.com/world-university-rankings,
Yes Bank,Universidad de Montevideo,Uruguay,Top 500 -1000 as per QS Rankings 2026,https://www.topuniversities.com/world-university-rankings,
Yes Bank,Universidad de San Francisco de Quito,Ecuador,Top 500 -1000 as per QS Rankings 2026,https://www.topuniversities.com/world-university-rankings,
Yes Bank,Universidade de Brasilia (UnB),Brazil,Top 500 -1000 as per QS Rankings 2026,https://www.topuniversities.com/world-university-rankings,
Yes Bank,Universidade Federal de Santa Catarina,Brazil,Top 500 -1000 as per QS Rankings 2026,https://www.topuniversities.com/world-university-rankings,
Yes Bank,Universidade Federal de Sao Paulo (UNIFESP),Brazil,Top 500 -1000 as per QS Rankings 2026,https://www.topuniversities.com/world-university-rankings,
Yes Bank,University of Salerno,Italy,Top 500 -1000 as per QS Rankings 2026,https://www.topuniversities.com/world-university-rankings,
Yes Bank,Polytechnic University of Marche - UNIVPM,Italy,Top 500 -1000 as per QS Rankings 2026,https://www.topuniversities.com/world-university-rankings,
Yes Bank,University of Palermo,Italy,Top 500 -1000 as per QS Rankings 2026,https://www.topuniversities.com/world-university-rankings,
Yes Bank,Universitat Duisburg-Essen,Germany,Top 500 -1000 as per QS Rankings 2026,https://www.topuniversities.com/world-university-rankings,
Yes Bank,Universiti Malaysia Terengganu (UMT),Malaysia,Top 500 -1000 as per QS Rankings 2026,https://www.topuniversities.com/world-university-rankings,
Yes Bank,University of Bari,Italy,Top 500 -1000 as per QS Rankings 2026,https://www.topuniversities.com/world-university-rankings,
Yes Bank,University of Brighton,United Kingdom,Top 500 -1000 as per QS Rankings 2026,https://www.topuniversities.com/world-university-rankings,
Yes Bank,University of Engineering & Technology (UET) Lahore,Pakistan,Top 500 -1000 as per QS Rankings 2026,https://www.topuniversities.com/world-university-rankings,
Yes Bank,University of Greenwich,United Kingdom,Top 500 -1000 as per QS Rankings 2026,https://www.topuniversities.com/world-university-rankings,
Yes Bank,University of Hyderabad,India,Top 500 -1000 as per QS Rankings 2026,https://www.topuniversities.com/world-university-rankings,
Yes Bank,University of Latvia,Latvia,Top 500 -1000 as per QS Rankings 2026,https://www.topuniversities.com/world-university-rankings,
Yes Bank,University of Lincoln,United Kingdom,Top 500 -1000 as per QS Rankings 2026,https://www.topuniversities.com/world-university-rankings,
Yes Bank,"University of Maryland, Baltimore",United States of America,Top 500 -1000 as per QS Rankings 2026,https://www.topuniversities.com/world-university-rankings,
Yes Bank,"University of Maryland, Baltimore County",United States of America,Top 500 -1000 as per QS Rankings 2026,https://www.topuniversities.com/world-university-rankings,
Yes Bank,University of Modena and Reggio Emilia,Italy,Top 500 -1000 as per QS Rankings 2026,https://www.topuniversities.com/world-university-rankings,
Yes Bank,University of Namur,Belgium,Top 500 -1000 as per QS Rankings 2026,https://www.topuniversities.com/world-university-rankings,
Yes Bank,University of Ulsan,South Korea,Top 500 -1000 as per QS Rankings 2026,https://www.topuniversities.com/world-university-rankings,
Yes Bank,University of Westminster,United Kingdom,Top 500 -1000 as per QS Rankings 2026,https://www.topuniversities.com/world-university-rankings,
Yes Bank,University of Wroclaw,Poland,Top 500 -1000 as per QS Rankings 2026,https://www.topuniversities.com/world-university-rankings,
Yes Bank,Vietnam National University - Ho Chi Minh City (VNU-HCM),Vietnam,Top 500 -1000 as per QS Rankings 2026,https://www.topuniversities.com/world-university-rankings,
Yes Bank,Zurich University of Applied Sciences (ZHAW),Switzerland,Top 500 -1000 as per QS Rankings 2026,https://www.topuniversities.com/world-university-rankings,
Yes Bank,Addis Ababa University,Ethiopia,Top 500 -1000 as per QS Rankings 2026,https://www.topuniversities.com/world-university-rankings,
Yes Bank,Altai State University,Russian Federation,Top 500 -1000 as per QS Rankings 2026,https://www.topuniversities.com/world-university-rankings,
Yes Bank,Auburn University,United States of America,Top 500 -1000 as per QS Rankings 2026,https://www.topuniversities.com/world-university-rankings,
Yes Bank,Australian Catholic University,Australia,Top 500 -1000 as per QS Rankings 2026,https://www.topuniversities.com/world-university-rankings,
Yes Bank,Azerbaijan State Oil and Industry University,Azerbaijan,Top 500 -1000 as per QS Rankings 2026,https://www.topuniversities.com/world-university-rankings,
Yes Bank,Azerbaijan Technical University,Azerbaijan,Top 500 -1000 as per QS Rankings 2026,https://www.topuniversities.com/world-university-rankings,
Yes Bank,Beijing Jiaotong University,China,Top 500 -1000 as per QS Rankings 2026,https://www.topuniversities.com/world-university-rankings,
Yes Bank,Belarusian National Technical University,Belarus,Top 500 -1000 as per QS Rankings 2026,https://www.topuniversities.com/world-university-rankings,
Yes Bank,BINUS UNIVERSITY (Bina Nusantara University),Indonesia,Top 500 -1000 as per QS Rankings 2026,https://www.topuniversities.com/world-university-rankings,
Yes Bank,Catania University,Italy,Top 500 -1000 as per QS Rankings 2026,https://www.topuniversities.com/world-university-rankings,
Yes Bank,China University of Geosciences,China,Top 500 -1000 as per QS Rankings 2026,https://www.topuniversities.com/world-university-rankings,
Yes Bank,Chungnam National University,South Korea,Top 500 -1000 as per QS Rankings 2026,https://www.topuniversities.com/world-university-rankings,
Yes Bank,Dhofar University,Oman,Top 500 -1000 as per QS Rankings 2026,https://www.topuniversities.com/world-university-rankings,
Yes Bank,Edinburgh Napier University,United Kingdom,Top 500 -1000 as per QS Rankings 2026,https://www.topuniversities.com/world-university-rankings,
Yes Bank,Effat University,Saudi Arabia,Top 500 -1000 as per QS Rankings 2026,https://www.topuniversities.com/world-university-rankings,
Yes Bank,European University of Lefke (EUL),Northern Cyprus,Top 500 -1000 as per QS Rankings 2026,https://www.topuniversities.com/world-university-rankings,
Yes Bank,I.M. Sechenov First Moscow State Medical University,Russian Federation,Top 500 -1000 as per QS Rankings 2026,https://www.topuniversities.com/world-university-rankings,
Yes Bank,Imam Muhammad Ibn Saud Islamic University - IMSIU,Saudi Arabia,Top 500 -1000 as per QS Rankings 2026,https://www.topuniversities.com/world-university-rankings,
Yes Bank,Instituto Politecnico Nacional (IPN),Mexico,Top 500 -1000 as per QS Rankings 2026,https://www.topuniversities.com/world-university-rankings,
Yes Bank,Jiangnan University,China,Top 500 -1000 as per QS Rankings 2026,https://www.topuniversities.com/world-university-rankings,
Yes Bank,Liverpool John Moores University,United Kingdom,Top 500 -1000 as per QS Rankings 2026,https://www.topuniversities.com/world-university-rankings,
Yes Bank,Louisiana State University,United States of America,Top 500 -1000 as per QS Rankings 2026,https://www.topuniversities.com/world-university-rankings,
Yes Bank,Manipal Academy of Higher Education - Manipal University (MAHE),India,Top 500 -1000 as per QS Rankings 2026,https://www.topuniversities.com/world-university-rankings,
Yes Bank,Mendel University in Brno,Czechia,Top 500 -1000 as per QS Rankings 2026,https://www.topuniversities.com/world-university-rankings,
Yes Bank,Multimedia University (MMU),Malaysia,Top 500 -1000 as per QS Rankings 2026,https://www.topuniversities.com/world-university-rankings,
Yes Bank,Nantes University,France,Top 500 -1000 as per QS Rankings 2026,https://www.topuniversities.com/world-university-rankings,
Yes Bank,O. P. Jindal Global University (JGU),India,Top 500 -1000 as per QS Rankings 2026,https://www.topuniversities.com/world-university-rankings,
Yes Bank,Oklahoma State University,United States of America,Top 500 -1000 as per QS Rankings 2026,https://www.topuniversities.com/world-university-rankings,
Yes Bank,Prince of Songkla University,Thailand,Top 500 -1000 as per QS Rankings 2026,https://www.topuniversities.com/world-university-rankings,
Yes Bank,Tokyo University of Agriculture and Technology,Japan,Top 500 -1000 as per QS Rankings 2026,https://www.topuniversities.com/world-university-rankings,
Yes Bank,Universidad Anahuac,Mexico,Top 500 -1000 as per QS Rankings 2026,https://www.topuniversities.com/world-university-rankings,
Yes Bank,Universidad Nacional de Cordoba,Argentina,Top 500 -1000 as per QS Rankings 2026,https://www.topuniversities.com/world-university-rankings,
Yes Bank,Universidade de Vigo,Spain,Top 500 -1000 as per QS Rankings 2026,https://www.topuniversities.com/world-university-rankings,
Yes Bank,University of Tuscia,Italy,Top 500 -1000 as per QS Rankings 2026,https://www.topuniversities.com/world-university-rankings,
Yes Bank,Universitat Dusseldorf,Germany,Top 500 -1000 as per QS Rankings 2026,https://www.topuniversities.com/world-university-rankings,
Yes Bank,Universitat Rostock,Germany,Top 500 -1000 as per QS Rankings 2026,https://www.topuniversities.com/world-university-rankings,
Yes Bank,University of Franche-Comte,France,Top 500 -1000 as per QS Rankings 2026,https://www.topuniversities.com/world-university-rankings,
Yes Bank,University du Quebec,Canada,Top 500 -1000 as per QS Rankings 2026,https://www.topuniversities.com/world-university-rankings,
Yes Bank,Universiti Pendidikan Sultan Idris (UPSI),Malaysia,Top 500 -1000 as per QS Rankings 2026,https://www.topuniversities.com/world-university-rankings,
Yes Bank,"University of Colorado, Denver",United States of America,Top 500 -1000 as per QS Rankings 2026,https://www.topuniversities.com/world-university-rankings,
Yes Bank,University of Dubai,United Arab Emirates,Top 500 -1000 as per QS Rankings 2026,https://www.topuniversities.com/world-university-rankings,
Yes Bank,University of Gdansk,Poland,Top 500 -1000 as per QS Rankings 2026,https://www.topuniversities.com/world-university-rankings,
Yes Bank,University of Ghana,Ghana,Top 500 -1000 as per QS Rankings 2026,https://www.topuniversities.com/world-university-rankings,
Yes Bank,University of Santo Tomas,Philippines,Top 500 -1000 as per QS Rankings 2026,https://www.topuniversities.com/world-university-rankings,
Yes Bank,University of Seoul,South Korea,Top 500 -1000 as per QS Rankings 2026,https://www.topuniversities.com/world-university-rankings,
Yes Bank,University of Stavanger,Norway,Top 500 -1000 as per QS Rankings 2026,https://www.topuniversities.com/world-university-rankings,
Yes Bank,Verona University,Italy,Top 500 -1000 as per QS Rankings 2026,https://www.topuniversities.com/world-university-rankings,
Yes Bank,Vilnius Gediminas Technical University,Lithuania,Top 500 -1000 as per QS Rankings 2026,https://www.topuniversities.com/world-university-rankings,
Yes Bank,Worcester Polytechnic Institute,United States of America,Top 500 -1000 as per QS Rankings 2026,https://www.topuniversities.com/world-university-rankings,
Yes Bank,Wroclaw University of Science and Technology (WUST),Poland,Top 500 -1000 as per QS Rankings 2026,https://www.topuniversities.com/world-university-rankings,
Yes Bank,Yarmouk University,Jordan,Top 500 -1000 as per QS Rankings 2026,https://www.topuniversities.com/world-university-rankings,
Yes Bank,Al Jouf University,Saudi Arabia,Top 500 -1000 as per QS Rankings 2026,https://www.topuniversities.com/world-university-rankings,
Yes Bank,American University of Central Asia,Kyrgyzstan,Top 500 -1000 as per QS Rankings 2026,https://www.topuniversities.com/world-university-rankings,
Yes Bank,Baku Engineering University,Azerbaijan,Top 500 -1000 as per QS Rankings 2026,https://www.topuniversities.com/world-university-rankings,
Yes Bank,Chonnam National University,South Korea,Top 500 -1000 as per QS Rankings 2026,https://www.topuniversities.com/world-university-rankings,
Yes Bank,Colegio de Mexico,Mexico,Top 500 -1000 as per QS Rankings 2026,https://www.topuniversities.com/world-university-rankings,
Yes Bank,Future University in Egypt,Egypt,Top 500 -1000 as per QS Rankings 2026,https://www.topuniversities.com/world-university-rankings,
Yes Bank,Gazi Universitesi,Türkiye,Top 500 -1000 as per QS Rankings 2026,https://www.topuniversities.com/world-university-rankings,
Yes Bank,Gulf University for Science and Technology (GUST),Kuwait,Top 500 -1000 as per QS Rankings 2026,https://www.topuniversities.com/world-university-rankings,
Yes Bank,Huazhong Agricultural University,China,Top 500 -1000 as per QS Rankings 2026,https://www.topuniversities.com/world-university-rankings,
Yes Bank,Kanazawa University,Japan,Top 500 -1000 as per QS Rankings 2026,https://www.topuniversities.com/world-university-rankings,
Yes Bank,Kansas State University,United States of America,Top 500 -1000 as per QS Rankings 2026,https://www.topuniversities.com/world-university-rankings,
Yes Bank,Karaganda Buketov University,Kazakhstan,Top 500 -1000 as per QS Rankings 2026,https://www.topuniversities.com/world-university-rankings,
Yes Bank,Khon Kaen University,Thailand,Top 500 -1000 as per QS Rankings 2026,https://www.topuniversities.com/world-university-rankings,
Yes Bank,King Mongkuts University of Technology Thonburi,Thailand,Top 500 -1000 as per QS Rankings 2026,https://www.topuniversities.com/world-university-rankings,
Yes Bank,London South Bank University,United Kingdom,Top 500 -1000 as per QS Rankings 2026,https://www.topuniversities.com/world-university-rankings,
Yes Bank,Lovely Professional University (LPU),India,Top 500 -1000 as per QS Rankings 2026,https://www.topuniversities.com/world-university-rankings,
Yes Bank,Macao Polytechnic University,China,Top 500 -1000 as per QS Rankings 2026,https://www.topuniversities.com/world-university-rankings,
Yes Bank,Michigan Technological University,United States of America,Top 500 -1000 as per QS Rankings 2026,https://www.topuniversities.com/world-university-rankings,
Yes Bank,Nagasaki University,Japan,Top 500 -1000 as per QS Rankings 2026,https://www.topuniversities.com/world-university-rankings,
Yes Bank,Osaka Metropolitan University,Japan,Top 500 -1000 as per QS Rankings 2026,https://www.topuniversities.com/world-university-rankings,
Yes Bank,Panjab University,India,Top 500 -1000 as per QS Rankings 2026,https://www.topuniversities.com/world-university-rankings,
Yes Bank,Princess Sumaya University for Technology,Jordan,Top 500 -1000 as per QS Rankings 2026,https://www.topuniversities.com/world-university-rankings,
Yes Bank,Saveetha Institute of Medical And Technical Sciences (SIMATS),India,Top 500 -1000 as per QS Rankings 2026,https://www.topuniversities.com/world-university-rankings,
Yes Bank,Taif University,Saudi Arabia,Top 500 -1000 as per QS Rankings 2026,https://www.topuniversities.com/world-university-rankings,
Yes Bank,Tallinn University,Estonia,Top 500 -1000 as per QS Rankings 2026,https://www.topuniversities.com/world-university-rankings,
Yes Bank,Tashkent State Technical University,Uzbekistan,Top 500 -1000 as per QS Rankings 2026,https://www.topuniversities.com/world-university-rankings,
Yes Bank,Universidad Catolica Andres Bello - UCAB,Venezuela,Top 500 -1000 as per QS Rankings 2026,https://www.topuniversities.com/world-university-rankings,
Yes Bank,Universidad Catolica del Uruguay (UCU),Uruguay,Top 500 -1000 as per QS Rankings 2026,https://www.topuniversities.com/world-university-rankings,
Yes Bank,Universidad de los Andes Chile,Chile,Top 500 -1000 as per QS Rankings 2026,https://www.topuniversities.com/world-university-rankings,
Yes Bank,Universidad de Oviedo,Spain,Top 500 -1000 as per QS Rankings 2026,https://www.topuniversities.com/world-university-rankings,
Yes Bank,Universidad de Valladolid,Spain,Top 500 -1000 as per QS Rankings 2026,https://www.topuniversities.com/world-university-rankings,
Yes Bank,Universidad Europea de Madrid,Spain,Top 500 -1000 as per QS Rankings 2026,https://www.topuniversities.com/world-university-rankings,
Yes Bank,Universidad Iberoamericana (UIA),Mexico,Top 500 -1000 as per QS Rankings 2026,https://www.topuniversities.com/world-university-rankings,
Yes Bank,Universita degli Studi Roma Tre,Italy,Top 500 -1000 as per QS Rankings 2026,https://www.topuniversities.com/world-university-rankings,
Yes Bank,University of Sherbrooke,Canada,Top 500 -1000 as per QS Rankings 2026,https://www.topuniversities.com/world-university-rankings,
Yes Bank,University at Albany SUNY,United States of America,Top 500 -1000 as per QS Rankings 2026,https://www.topuniversities.com/world-university-rankings,
Yes Bank,University of Alabama,United States of America,Top 500 -1000 as per QS Rankings 2026,https://www.topuniversities.com/world-university-rankings,
Yes Bank,University of Alaska Fairbanks,United States of America,Top 500 -1000 as per QS Rankings 2026,https://www.topuniversities.com/world-university-rankings,
Yes Bank,University of Hertfordshire,United Kingdom,Top 500 -1000 as per QS Rankings 2026,https://www.topuniversities.com/world-university-rankings,
Yes Bank,University of Maribor,Slovenia,Top 500 -1000 as per QS Rankings 2026,https://www.topuniversities.com/world-university-rankings,
Yes Bank,University of North Texas,United States of America,Top 500 -1000 as per QS Rankings 2026,https://www.topuniversities.com/world-university-rankings,
Yes Bank,University of Peshawar,Pakistan,Top 500 -1000 as per QS Rankings 2026,https://www.topuniversities.com/world-university-rankings,
Yes Bank,University of Petroleum and Energy Studies (UPES),India,Top 500 -1000 as per QS Rankings 2026,https://www.topuniversities.com/world-university-rankings,
Yes Bank,University of Salford,United Kingdom,Top 500 -1000 as per QS Rankings 2026,https://www.topuniversities.com/world-university-rankings,
Yes Bank,University of South Africa,South Africa,Top 500 -1000 as per QS Rankings 2026,https://www.topuniversities.com/world-university-rankings,
Yes Bank,Virginia Commonwealth University,United States of America,Top 500 -1000 as per QS Rankings 2026,https://www.topuniversities.com/world-university-rankings,
Yes Bank,Yeungnam University,South Korea,Top 500 -1000 as per QS Rankings 2026,https://www.topuniversities.com/world-university-rankings,
Yes Bank,Abylkas Saginov Karaganda Technical University,Kazakhstan,Top 500 -1000 as per QS Rankings 2026,https://www.topuniversities.com/world-university-rankings,
Yes Bank,Al Nahrain University,Iraq,Top 500 -1000 as per QS Rankings 2026,https://www.topuniversities.com/world-university-rankings,
Yes Bank,Al-Quds University,Palestine,Top 500 -1000 as per QS Rankings 2026,https://www.topuniversities.com/world-university-rankings,
Yes Bank,Amity University,India,Top 500 -1000 as per QS Rankings 2026,https://www.topuniversities.com/world-university-rankings,
Yes Bank,Athens University of Economics And Business,Greece,Top 500 -1000 as per QS Rankings 2026,https://www.topuniversities.com/world-university-rankings,
Yes Bank,Charles Sturt University,Australia,Top 500 -1000 as per QS Rankings 2026,https://www.topuniversities.com/world-university-rankings,
Yes Bank,Clarkson University,United States of America,Top 500 -1000 as per QS Rankings 2026,https://www.topuniversities.com/world-university-rankings,
Yes Bank,Clemson University,United States of America,Top 500 -1000 as per QS Rankings 2026,https://www.topuniversities.com/world-university-rankings,
Yes Bank,CY Cergy Paris University,France,Top 500 -1000 as per QS Rankings 2026,https://www.topuniversities.com/world-university-rankings,
Yes Bank,Escuela Superior Politecnica del Litoral - ESPOL,Ecuador,Top 500 -1000 as per QS Rankings 2026,https://www.topuniversities.com/world-university-rankings,
Yes Bank,Ferdowsi University of Mashhad,Iran,Top 500 -1000 as per QS Rankings 2026,https://www.topuniversities.com/world-university-rankings,
Yes Bank,George Mason University,United States of America,Top 500 -1000 as per QS Rankings 2026,https://www.topuniversities.com/world-university-rankings,
Yes Bank,Guru Gobind Singh Indraprastha University,India,Top 500 -1000 as per QS Rankings 2026,https://www.topuniversities.com/world-university-rankings,
Yes Bank,Hasanuddin University,Indonesia,Top 500 -1000 as per QS Rankings 2026,https://www.topuniversities.com/world-university-rankings,
Yes Bank,Immanuel Kant Baltic Federal University,Russian Federation,Top 500 -1000 as per QS Rankings 2026,https://www.topuniversities.com/world-university-rankings,
Yes Bank,Indian Institute of Technology Bhubaneswar (IIT BBS),India,Top 500 -1000 as per QS Rankings 2026,https://www.topuniversities.com/world-university-rankings,
Yes Bank,Ivane Javakhishvili Tbilisi State University,Georgia,Top 500 -1000 as per QS Rankings 2026,https://www.topuniversities.com/world-university-rankings,
Yes Bank,Khazar University,Azerbaijan,Top 500 -1000 as per QS Rankings 2026,https://www.topuniversities.com/world-university-rankings,
Yes Bank,Kumamoto University,Japan,Top 500 -1000 as per QS Rankings 2026,https://www.topuniversities.com/world-university-rankings,
Yes Bank,Kyrgyz-Turkish Manas University,Kyrgyzstan,Top 500 -1000 as per QS Rankings 2026,https://www.topuniversities.com/world-university-rankings,
Yes Bank,Lodz University,Poland,Top 500 -1000 as per QS Rankings 2026,https://www.topuniversities.com/world-university-rankings,
Yes Bank,Nanjing Agricultural University,China,Top 500 -1000 as per QS Rankings 2026,https://www.topuniversities.com/world-university-rankings,
Yes Bank,Nanjing Normal University,China,Top 500 -1000 as per QS Rankings 2026,https://www.topuniversities.com/world-university-rankings,
Yes Bank,National Chung Cheng University,Taiwan,Top 500 -1000 as per QS Rankings 2026,https://www.topuniversities.com/world-university-rankings,
Yes Bank,North South University,Bangladesh,Top 500 -1000 as per QS Rankings 2026,https://www.topuniversities.com/world-university-rankings,
Yes Bank,North-West University,South Africa,Top 500 -1000 as per QS Rankings 2026,https://www.topuniversities.com/world-university-rankings,
Yes Bank,Okayama University,Japan,Top 500 -1000 as per QS Rankings 2026,https://www.topuniversities.com/world-university-rankings,
Yes Bank,Rochester Institute of Technology (RIT),United States of America,Top 500 -1000 as per QS Rankings 2026,https://www.topuniversities.com/world-university-rankings,
Yes Bank,Saint Louis University,United States of America,Top 500 -1000 as per QS Rankings 2026,https://www.topuniversities.com/world-university-rankings,
Yes Bank,Sohar University,Oman,Top 500 -1000 as per QS Rankings 2026,https://www.topuniversities.com/world-university-rankings,
Yes Bank,Sophia University,Japan,Top 500 -1000 as per QS Rankings 2026,https://www.topuniversities.com/world-university-rankings,
Yes Bank,South Ural State University,Russian Federation,Top 500 -1000 as per QS Rankings 2026,https://www.topuniversities.com/world-university-rankings,
Yes Bank,The Robert Gordon University,United Kingdom,Top 500 -1000 as per QS Rankings 2026,https://www.topuniversities.com/world-university-rankings,
Yes Bank,Universidad Autonoma Metropolitana (UAM),Mexico,Top 500 -1000 as per QS Rankings 2026,https://www.topuniversities.com/world-university-rankings,
Yes Bank,Universidad de Belgrano,Argentina,Top 500 -1000 as per QS Rankings 2026,https://www.topuniversities.com/world-university-rankings,
Yes Bank,Universidad de Cordoba - Espana,Spain,Top 500 -1000 as per QS Rankings 2026,https://www.topuniversities.com/world-university-rankings,
Yes Bank,Universidad de La Sabana,Colombia,Top 500 -1000 as per QS Rankings 2026,https://www.topuniversities.com/world-university-rankings,
Yes Bank,Universidad EAFIT,Colombia,Top 500 -1000 as per QS Rankings 2026,https://www.topuniversities.com/world-university-rankings,
Yes Bank,Universidad Espiritu Santo (UEES),Ecuador,Top 500 -1000 as per QS Rankings 2026,https://www.topuniversities.com/world-university-rankings,
Yes Bank,Universidad Externado de Colombia,Colombia,Top 500 -1000 as per QS Rankings 2026,https://www.topuniversities.com/world-university-rankings,
Yes Bank,Universidad Nacional Mayor de San Marcos,Peru,Top 500 -1000 as per QS Rankings 2026,https://www.topuniversities.com/world-university-rankings,
Yes Bank,Universidad Torcuato Di Tella,Argentina,Top 500 -1000 as per QS Rankings 2026,https://www.topuniversities.com/world-university-rankings,
Yes Bank,University of Ferrara,Italy,Top 500 -1000 as per QS Rankings 2026,https://www.topuniversities.com/world-university-rankings,
Yes Bank,Universita della Calabria,Italy,Top 500 -1000 as per QS Rankings 2026,https://www.topuniversities.com/world-university-rankings,
Yes Bank,University of Bahrain,Bahrain,Top 500 -1000 as per QS Rankings 2026,https://www.topuniversities.com/world-university-rankings,
Yes Bank,University of Cyberjaya,Malaysia,Top 500 -1000 as per QS Rankings 2026,https://www.topuniversities.com/world-university-rankings,
Yes Bank,University of Hail,Saudi Arabia,Top 500 -1000 as per QS Rankings 2026,https://www.topuniversities.com/world-university-rankings,
Yes Bank,University of Lahore,Pakistan,Top 500 -1000 as per QS Rankings 2026,https://www.topuniversities.com/world-university-rankings,
Yes Bank,University of Massachusetts Boston,United States of America,Top 500 -1000 as per QS Rankings 2026,https://www.topuniversities.com/world-university-rankings,
Yes Bank,University of the Western Cape,South Africa,Top 500 -1000 as per QS Rankings 2026,https://www.topuniversities.com/world-university-rankings,
Yes Bank,Wuhan University of Technology,China,Top 500 -1000 as per QS Rankings 2026,https://www.topuniversities.com/world-university-rankings,
Mpower,Boston University,United States of America,Listed,https://www.mpowerfinancing.com/get-a-loan/schools-we-support#schools ,"STEM, Healthcare & MBA (Within 2 yrs of UG)"
Mpower,Brown University,United States of America,Listed,https://www.mpowerfinancing.com/get-a-loan/schools-we-support#schools ,"STEM, Healthcare & MBA (Within 2 yrs of UG)"
Mpower,Columbia University,United States of America,Listed,https://www.mpowerfinancing.com/get-a-loan/schools-we-support#schools ,"STEM, Healthcare & MBA (Within 2 yrs of UG)"
Mpower,Cornell University,United States of America,Listed,https://www.mpowerfinancing.com/get-a-loan/schools-we-support#schools ,"STEM, Healthcare & MBA (Within 2 yrs of UG)"
Mpower,George Washington University,United States of America,Listed,https://www.mpowerfinancing.com/get-a-loan/schools-we-support#schools ,"STEM, Healthcare & MBA (Within 2 yrs of UG)"
Mpower,Harvard University,United States of America,Listed,https://www.mpowerfinancing.com/get-a-loan/schools-we-support#schools ,"STEM, Healthcare & MBA (Within 2 yrs of UG)"
Mpower,Indiana University - Bloomington,United States of America,Listed,https://www.mpowerfinancing.com/get-a-loan/schools-we-support#schools ,"STEM, Healthcare & MBA (Within 2 yrs of UG)"
Mpower,Johns Hopkins University,United States of America,Listed,https://www.mpowerfinancing.com/get-a-loan/schools-we-support#schools ,"STEM, Healthcare & MBA (Within 2 yrs of UG)"
Mpower,Massachusetts Institute of Technology,United States of America,Listed,https://www.mpowerfinancing.com/get-a-loan/schools-we-support#schools ,"STEM, Healthcare & MBA (Within 2 yrs of UG)"
Mpower,New York University,United States of America,Listed,https://www.mpowerfinancing.com/get-a-loan/schools-we-support#schools ,"STEM, Healthcare & MBA (Within 2 yrs of UG)"
Mpower,Northeastern University,United States of America,Listed,https://www.mpowerfinancing.com/get-a-loan/schools-we-support#schools ,"STEM, Healthcare & MBA (Within 2 yrs of UG)"
Mpower,Purdue University,United States of America,Listed,https://www.mpowerfinancing.com/get-a-loan/schools-we-support#schools ,"STEM, Healthcare & MBA (Within 2 yrs of UG)"
Mpower,Rutgers University,United States of America,Listed,https://www.mpowerfinancing.com/get-a-loan/schools-we-support#schools ,"STEM, Healthcare & MBA (Within 2 yrs of UG)"
Mpower,Texas A&M University,United States of America,Listed,https://www.mpowerfinancing.com/get-a-loan/schools-we-support#schools ,"STEM, Healthcare & MBA (Within 2 yrs of UG)"
Mpower,University of Alabama at Birmingham,United States of America,Listed,https://www.mpowerfinancing.com/get-a-loan/schools-we-support#schools ,"STEM, Healthcare & MBA (Within 2 yrs of UG)"
Mpower,University of Illinois at Chicago,United States of America,Listed,https://www.mpowerfinancing.com/get-a-loan/schools-we-support#schools ,"STEM, Healthcare & MBA (Within 2 yrs of UG)"
Mpower,University of Maryland - College Park,United States of America,Listed,https://www.mpowerfinancing.com/get-a-loan/schools-we-support#schools ,"STEM, Healthcare & MBA (Within 2 yrs of UG)"
Mpower,University of Massachusetts Amherst,United States of America,Listed,https://www.mpowerfinancing.com/get-a-loan/schools-we-support#schools ,"STEM, Healthcare & MBA (Within 2 yrs of UG)"
Mpower,University of Southern California,United States of America,Listed,https://www.mpowerfinancing.com/get-a-loan/schools-we-support#schools ,"STEM, Healthcare & MBA (Within 2 yrs of UG)"
Mpower,University of Utah,United States of America,Listed,https://www.mpowerfinancing.com/get-a-loan/schools-we-support#schools ,"STEM, Healthcare & MBA (Within 2 yrs of UG)"
Mpower,University of Wisconsin - Madison,United States of America,Listed,https://www.mpowerfinancing.com/get-a-loan/schools-we-support#schools ,"STEM, Healthcare & MBA (Within 2 yrs of UG)"
Mpower,A. T. Still University of Health Sciences,United States of America,Listed,https://www.mpowerfinancing.com/get-a-loan/schools-we-support#schools ,"STEM, Healthcare & MBA (Within 2 yrs of UG)"
Mpower,Adelphi University,United States of America,Listed,https://www.mpowerfinancing.com/get-a-loan/schools-we-support#schools ,"STEM, Healthcare & MBA (Within 2 yrs of UG)"
Mpower,Albany College of Pharmacy and Health Sciences,United States of America,Listed,https://www.mpowerfinancing.com/get-a-loan/schools-we-support#schools ,"STEM, Healthcare & MBA (Within 2 yrs of UG)"
Mpower,Albany Medical College,United States of America,Listed,https://www.mpowerfinancing.com/get-a-loan/schools-we-support#schools ,"STEM, Healthcare & MBA (Within 2 yrs of UG)"
Mpower,Allen College,United States of America,Listed,https://www.mpowerfinancing.com/get-a-loan/schools-we-support#schools ,"STEM, Healthcare & MBA (Within 2 yrs of UG)"
Mpower,American University,United States of America,Listed,https://www.mpowerfinancing.com/get-a-loan/schools-we-support#schools ,"STEM, Healthcare & MBA (Within 2 yrs of UG)"
Mpower,American University of Antigua (AUA) College of Medicine,Antigua and Barbuda,Listed,https://www.mpowerfinancing.com/get-a-loan/schools-we-support#schools ,"STEM, Healthcare & MBA (Within 2 yrs of UG)"
Mpower,Amherst College,United States of America,Listed,https://www.mpowerfinancing.com/get-a-loan/schools-we-support#schools ,"STEM, Healthcare & MBA (Within 2 yrs of UG)"
Mpower,Andrews University,United States of America,Listed,https://www.mpowerfinancing.com/get-a-loan/schools-we-support#schools ,"STEM, Healthcare & MBA (Within 2 yrs of UG)"
Mpower,Appalachian State University,United States of America,Listed,https://www.mpowerfinancing.com/get-a-loan/schools-we-support#schools ,"STEM, Healthcare & MBA (Within 2 yrs of UG)"
Mpower,Arcadia University,United States of America,Listed,https://www.mpowerfinancing.com/get-a-loan/schools-we-support#schools ,"STEM, Healthcare & MBA (Within 2 yrs of UG)"
Mpower,Arizona State University,United States of America,Listed,https://www.mpowerfinancing.com/get-a-loan/schools-we-support#schools ,"STEM, Healthcare & MBA (Within 2 yrs of UG)"
Mpower,Arizona State University- Downtown Phoenix,United States of America,Listed,https://www.mpowerfinancing.com/get-a-loan/schools-we-support#schools ,"STEM, Healthcare & MBA (Within 2 yrs of UG)"
Mpower,Arizona State University- Polytechnic,United States of America,Listed,https://www.mpowerfinancing.com/get-a-loan/schools-we-support#schools ,"STEM, Healthcare & MBA (Within 2 yrs of UG)"
Mpower,Arizona State University- Skysong,United States of America,Listed,https://www.mpowerfinancing.com/get-a-loan/schools-we-support#schools ,"STEM, Healthcare & MBA (Within 2 yrs of UG)"
Mpower,Arizona State University- West,United States of America,Listed,https://www.mpowerfinancing.com/get-a-loan/schools-we-support#schools ,"STEM, Healthcare & MBA (Within 2 yrs of UG)"
Mpower,Arkansas State University,United States of America,Listed,https://www.mpowerfinancing.com/get-a-loan/schools-we-support#schools ,"STEM, Healthcare & MBA (Within 2 yrs of UG)"
Mpower,Auburn University,United States of America,Listed,https://www.mpowerfinancing.com/get-a-loan/schools-we-support#schools ,"STEM, Healthcare & MBA (Within 2 yrs of UG)"
Mpower,Azusa Pacific University,United States of America,Listed,https://www.mpowerfinancing.com/get-a-loan/schools-we-support#schools ,"STEM, Healthcare & MBA (Within 2 yrs of UG)"
Mpower,Babson College,United States of America,Listed,https://www.mpowerfinancing.com/get-a-loan/schools-we-support#schools ,"STEM, Healthcare & MBA (Within 2 yrs of UG)"
Mpower,Ball State University,United States of America,Listed,https://www.mpowerfinancing.com/get-a-loan/schools-we-support#schools ,"STEM, Healthcare & MBA (Within 2 yrs of UG)"
Mpower,Barnard College,United States of America,Listed,https://www.mpowerfinancing.com/get-a-loan/schools-we-support#schools ,"STEM, Healthcare & MBA (Within 2 yrs of UG)"
Mpower,Baruch College of the City University of New York,United States of America,Listed,https://www.mpowerfinancing.com/get-a-loan/schools-we-support#schools ,"STEM, Healthcare & MBA (Within 2 yrs of UG)"
Mpower,Bates College,United States of America,Listed,https://www.mpowerfinancing.com/get-a-loan/schools-we-support#schools ,"STEM, Healthcare & MBA (Within 2 yrs of UG)"
Mpower,Baylor College of Medicine,United States of America,Listed,https://www.mpowerfinancing.com/get-a-loan/schools-we-support#schools ,"STEM, Healthcare & MBA (Within 2 yrs of UG)"
Mpower,Baylor University,United States of America,Listed,https://www.mpowerfinancing.com/get-a-loan/schools-we-support#schools ,"STEM, Healthcare & MBA (Within 2 yrs of UG)"
Mpower,Bellin College,United States of America,Listed,https://www.mpowerfinancing.com/get-a-loan/schools-we-support#schools ,"STEM, Healthcare & MBA (Within 2 yrs of UG)"
Mpower,Belmont University,United States of America,Listed,https://www.mpowerfinancing.com/get-a-loan/schools-we-support#schools ,"STEM, Healthcare & MBA (Within 2 yrs of UG)"
Mpower,Bentley University,United States of America,Listed,https://www.mpowerfinancing.com/get-a-loan/schools-we-support#schools ,"STEM, Healthcare & MBA (Within 2 yrs of UG)"
Mpower,Berry College,United States of America,Listed,https://www.mpowerfinancing.com/get-a-loan/schools-we-support#schools ,"STEM, Healthcare & MBA (Within 2 yrs of UG)"
Mpower,Biola University,United States of America,Listed,https://www.mpowerfinancing.com/get-a-loan/schools-we-support#schools ,"STEM, Healthcare & MBA (Within 2 yrs of UG)"
Mpower,Boise State University,United States of America,Listed,https://www.mpowerfinancing.com/get-a-loan/schools-we-support#schools ,"STEM, Healthcare & MBA (Within 2 yrs of UG)"
Mpower,Bon Secours Memorial College of Nursing,United States of America,Listed,https://www.mpowerfinancing.com/get-a-loan/schools-we-support#schools ,"STEM, Healthcare & MBA (Within 2 yrs of UG)"
Mpower,Boston College,United States of America,Listed,https://www.mpowerfinancing.com/get-a-loan/schools-we-support#schools ,"STEM, Healthcare & MBA (Within 2 yrs of UG)"
Mpower,Bowdoin College,United States of America,Listed,https://www.mpowerfinancing.com/get-a-loan/schools-we-support#schools ,"STEM, Healthcare & MBA (Within 2 yrs of UG)"
Mpower,Bradley University,United States of America,Listed,https://www.mpowerfinancing.com/get-a-loan/schools-we-support#schools ,"STEM, Healthcare & MBA (Within 2 yrs of UG)"
Mpower,Brandeis University,United States of America,Listed,https://www.mpowerfinancing.com/get-a-loan/schools-we-support#schools ,"STEM, Healthcare & MBA (Within 2 yrs of UG)"
Mpower,Brigham Young University – Provo,United States of America,Listed,https://www.mpowerfinancing.com/get-a-loan/schools-we-support#schools ,"STEM, Healthcare & MBA (Within 2 yrs of UG)"
Mpower,Bryan College of Health Sciences,United States of America,Listed,https://www.mpowerfinancing.com/get-a-loan/schools-we-support#schools ,"STEM, Healthcare & MBA (Within 2 yrs of UG)"
Mpower,Bryant University,United States of America,Listed,https://www.mpowerfinancing.com/get-a-loan/schools-we-support#schools ,"STEM, Healthcare & MBA (Within 2 yrs of UG)"
Mpower,Bryn Mawr College,United States of America,Listed,https://www.mpowerfinancing.com/get-a-loan/schools-we-support#schools ,"STEM, Healthcare & MBA (Within 2 yrs of UG)"
Mpower,Bucknell University,United States of America,Listed,https://www.mpowerfinancing.com/get-a-loan/schools-we-support#schools ,"STEM, Healthcare & MBA (Within 2 yrs of UG)"
Mpower,Butler University,United States of America,Listed,https://www.mpowerfinancing.com/get-a-loan/schools-we-support#schools ,"STEM, Healthcare & MBA (Within 2 yrs of UG)"
Mpower,California Baptist University,United States of America,Listed,https://www.mpowerfinancing.com/get-a-loan/schools-we-support#schools ,"STEM, Healthcare & MBA (Within 2 yrs of UG)"
Mpower,California Institute of Technology,United States of America,Listed,https://www.mpowerfinancing.com/get-a-loan/schools-we-support#schools ,"STEM, Healthcare & MBA (Within 2 yrs of UG)"
Mpower,California Lutheran University,United States of America,Listed,https://www.mpowerfinancing.com/get-a-loan/schools-we-support#schools ,"STEM, Healthcare & MBA (Within 2 yrs of UG)"
Mpower,California Polytechnic State University-San Luis Obispo,United States of America,Listed,https://www.mpowerfinancing.com/get-a-loan/schools-we-support#schools ,"STEM, Healthcare & MBA (Within 2 yrs of UG)"
Mpower,California State Polytechnic University-Pomona,United States of America,Listed,https://www.mpowerfinancing.com/get-a-loan/schools-we-support#schools ,"STEM, Healthcare & MBA (Within 2 yrs of UG)"
Mpower,California State University - Fullerton,United States of America,Listed,https://www.mpowerfinancing.com/get-a-loan/schools-we-support#schools ,"STEM, Healthcare & MBA (Within 2 yrs of UG)"
Mpower,California State University - Long Beach,United States of America,Listed,https://www.mpowerfinancing.com/get-a-loan/schools-we-support#schools ,"STEM, Healthcare & MBA (Within 2 yrs of UG)"
Mpower,California State University - Los Angeles,United States of America,Listed,https://www.mpowerfinancing.com/get-a-loan/schools-we-support#schools ,"STEM, Healthcare & MBA (Within 2 yrs of UG)"
Mpower,California State University Maritime Academy,United States of America,Listed,https://www.mpowerfinancing.com/get-a-loan/schools-we-support#schools ,"STEM, Healthcare & MBA (Within 2 yrs of UG)"
Mpower,California State University-Chico,United States of America,Listed,https://www.mpowerfinancing.com/get-a-loan/schools-we-support#schools ,"STEM, Healthcare & MBA (Within 2 yrs of UG)"
Mpower,California State University-Fresno,United States of America,Listed,https://www.mpowerfinancing.com/get-a-loan/schools-we-support#schools ,"STEM, Healthcare & MBA (Within 2 yrs of UG)"
Mpower,California State University-Northridge,United States of America,Listed,https://www.mpowerfinancing.com/get-a-loan/schools-we-support#schools ,"STEM, Healthcare & MBA (Within 2 yrs of UG)"
Mpower,California State University-Sacramento,United States of America,Listed,https://www.mpowerfinancing.com/get-a-loan/schools-we-support#schools ,"STEM, Healthcare & MBA (Within 2 yrs of UG)"
Mpower,California State University-San Bernardino,United States of America,Listed,https://www.mpowerfinancing.com/get-a-loan/schools-we-support#schools ,"STEM, Healthcare & MBA (Within 2 yrs of UG)"
Mpower,California State University-San Marcos,United States of America,Listed,https://www.mpowerfinancing.com/get-a-loan/schools-we-support#schools ,"STEM, Healthcare & MBA (Within 2 yrs of UG)"
Mpower,Calvin College,United States of America,Listed,https://www.mpowerfinancing.com/get-a-loan/schools-we-support#schools ,"STEM, Healthcare & MBA (Within 2 yrs of UG)"
Mpower,Carleton College,United States of America,Listed,https://www.mpowerfinancing.com/get-a-loan/schools-we-support#schools ,"STEM, Healthcare & MBA (Within 2 yrs of UG)"
Mpower,Carnegie Mellon University,United States of America,Listed,https://www.mpowerfinancing.com/get-a-loan/schools-we-support#schools ,"STEM, Healthcare & MBA (Within 2 yrs of UG)"
Mpower,Case Western Reserve University,United States of America,Listed,https://www.mpowerfinancing.com/get-a-loan/schools-we-support#schools ,"STEM, Healthcare & MBA (Within 2 yrs of UG)"
Mpower,Catholic University of America,United States of America,Listed,https://www.mpowerfinancing.com/get-a-loan/schools-we-support#schools ,"STEM, Healthcare & MBA (Within 2 yrs of UG)"
Mpower,Centra College of Nursing,United States of America,Listed,https://www.mpowerfinancing.com/get-a-loan/schools-we-support#schools ,"STEM, Healthcare & MBA (Within 2 yrs of UG)"
Mpower,Central Michigan University,United States of America,Listed,https://www.mpowerfinancing.com/get-a-loan/schools-we-support#schools ,"STEM, Healthcare & MBA (Within 2 yrs of UG)"
Mpower,Centre College,United States of America,Listed,https://www.mpowerfinancing.com/get-a-loan/schools-we-support#schools ,"STEM, Healthcare & MBA (Within 2 yrs of UG)"
Mpower,Chapman University,United States of America,Listed,https://www.mpowerfinancing.com/get-a-loan/schools-we-support#schools ,"STEM, Healthcare & MBA (Within 2 yrs of UG)"
Mpower,Chatham University,United States of America,Listed,https://www.mpowerfinancing.com/get-a-loan/schools-we-support#schools ,"STEM, Healthcare & MBA (Within 2 yrs of UG)"
Mpower,Claremont Graduate University,United States of America,Listed,https://www.mpowerfinancing.com/get-a-loan/schools-we-support#schools ,"STEM, Healthcare & MBA (Within 2 yrs of UG)"
Mpower,Claremont McKenna College,United States of America,Listed,https://www.mpowerfinancing.com/get-a-loan/schools-we-support#schools ,"STEM, Healthcare & MBA (Within 2 yrs of UG)"
Mpower,Clark University,United States of America,Listed,https://www.mpowerfinancing.com/get-a-loan/schools-we-support#schools ,"STEM, Healthcare & MBA (Within 2 yrs of UG)"
Mpower,Clarkson College,United States of America,Listed,https://www.mpowerfinancing.com/get-a-loan/schools-we-support#schools ,"STEM, Healthcare & MBA (Within 2 yrs of UG)"
Mpower,Clarkson University,United States of America,Listed,https://www.mpowerfinancing.com/get-a-loan/schools-we-support#schools ,"STEM, Healthcare & MBA (Within 2 yrs of UG)"
Mpower,Clemson University,United States of America,Listed,https://www.mpowerfinancing.com/get-a-loan/schools-we-support#schools ,"STEM, Healthcare & MBA (Within 2 yrs of UG)"
Mpower,Colby College,United States of America,Listed,https://www.mpowerfinancing.com/get-a-loan/schools-we-support#schools ,"STEM, Healthcare & MBA (Within 2 yrs of UG)"
Mpower,Colgate University,United States of America,Listed,https://www.mpowerfinancing.com/get-a-loan/schools-we-support#schools ,"STEM, Healthcare & MBA (Within 2 yrs of UG)"
Mpower,College of Charleston,United States of America,Listed,https://www.mpowerfinancing.com/get-a-loan/schools-we-support#schools ,"STEM, Healthcare & MBA (Within 2 yrs of UG)"
Mpower,College of the Holy Cross,United States of America,Listed,https://www.mpowerfinancing.com/get-a-loan/schools-we-support#schools ,"STEM, Healthcare & MBA (Within 2 yrs of UG)"
Mpower,College of William and Mary,United States of America,Listed,https://www.mpowerfinancing.com/get-a-loan/schools-we-support#schools ,"STEM, Healthcare & MBA (Within 2 yrs of UG)"
Mpower,Colorado College,United States of America,Listed,https://www.mpowerfinancing.com/get-a-loan/schools-we-support#schools ,"STEM, Healthcare & MBA (Within 2 yrs of UG)"
Mpower,Colorado School of Mines,United States of America,Listed,https://www.mpowerfinancing.com/get-a-loan/schools-we-support#schools ,"STEM, Healthcare & MBA (Within 2 yrs of UG)"
Mpower,Colorado State University-Fort Collins,United States of America,Listed,https://www.mpowerfinancing.com/get-a-loan/schools-we-support#schools ,"STEM, Healthcare & MBA (Within 2 yrs of UG)"
Mpower,Columbia College of Nursing,United States of America,Listed,https://www.mpowerfinancing.com/get-a-loan/schools-we-support#schools ,"STEM, Healthcare & MBA (Within 2 yrs of UG)"
Mpower,Connecticut College,United States of America,Listed,https://www.mpowerfinancing.com/get-a-loan/schools-we-support#schools ,"STEM, Healthcare & MBA (Within 2 yrs of UG)"
Mpower,Creighton University,United States of America,Listed,https://www.mpowerfinancing.com/get-a-loan/schools-we-support#schools ,"STEM, Healthcare & MBA (Within 2 yrs of UG)"
Mpower,CUNY City College,United States of America,Listed,https://www.mpowerfinancing.com/get-a-loan/schools-we-support#schools ,"STEM, Healthcare & MBA (Within 2 yrs of UG)"
Mpower,Dartmouth College,United States of America,Listed,https://www.mpowerfinancing.com/get-a-loan/schools-we-support#schools ,"STEM, Healthcare & MBA (Within 2 yrs of UG)"
Mpower,Davidson College,United States of America,Listed,https://www.mpowerfinancing.com/get-a-loan/schools-we-support#schools ,"STEM, Healthcare & MBA (Within 2 yrs of UG)"
Mpower,Denison University,United States of America,Listed,https://www.mpowerfinancing.com/get-a-loan/schools-we-support#schools ,"STEM, Healthcare & MBA (Within 2 yrs of UG)"
Mpower,Denver College of Nursing,United States of America,Listed,https://www.mpowerfinancing.com/get-a-loan/schools-we-support#schools ,"STEM, Healthcare & MBA (Within 2 yrs of UG)"
Mpower,DePaul University,United States of America,Listed,https://www.mpowerfinancing.com/get-a-loan/schools-we-support#schools ,"STEM, Healthcare & MBA (Within 2 yrs of UG)"
Mpower,Depauw University,United States of America,Listed,https://www.mpowerfinancing.com/get-a-loan/schools-we-support#schools ,"STEM, Healthcare & MBA (Within 2 yrs of UG)"
Mpower,Des Moines University - Osteopathic Medical Center,United States of America,Listed,https://www.mpowerfinancing.com/get-a-loan/schools-we-support#schools ,"STEM, Healthcare & MBA (Within 2 yrs of UG)"
Mpower,DeSales University,United States of America,Listed,https://www.mpowerfinancing.com/get-a-loan/schools-we-support#schools ,"STEM, Healthcare & MBA (Within 2 yrs of UG)"
Mpower,Dickinson College,United States of America,Listed,https://www.mpowerfinancing.com/get-a-loan/schools-we-support#schools ,"STEM, Healthcare & MBA (Within 2 yrs of UG)"
Mpower,Dominican University of California,United States of America,Listed,https://www.mpowerfinancing.com/get-a-loan/schools-we-support#schools ,"STEM, Healthcare & MBA (Within 2 yrs of UG)"
Mpower,Dordt College,United States of America,Listed,https://www.mpowerfinancing.com/get-a-loan/schools-we-support#schools ,"STEM, Healthcare & MBA (Within 2 yrs of UG)"
Mpower,Drake University,United States of America,Listed,https://www.mpowerfinancing.com/get-a-loan/schools-we-support#schools ,"STEM, Healthcare & MBA (Within 2 yrs of UG)"
Mpower,Drew University,United States of America,Listed,https://www.mpowerfinancing.com/get-a-loan/schools-we-support#schools ,"STEM, Healthcare & MBA (Within 2 yrs of UG)"
Mpower,Drexel University,United States of America,Listed,https://www.mpowerfinancing.com/get-a-loan/schools-we-support#schools ,"STEM, Healthcare & MBA (Within 2 yrs of UG)"
Mpower,Duke University,United States of America,Listed,https://www.mpowerfinancing.com/get-a-loan/schools-we-support#schools ,"STEM, Healthcare & MBA (Within 2 yrs of UG)"
Mpower,Duquesne University,United States of America,Listed,https://www.mpowerfinancing.com/get-a-loan/schools-we-support#schools ,"STEM, Healthcare & MBA (Within 2 yrs of UG)"
Mpower,East Carolina University,United States of America,Listed,https://www.mpowerfinancing.com/get-a-loan/schools-we-support#schools ,"STEM, Healthcare & MBA (Within 2 yrs of UG)"
Mpower,Eastern Virginia Medical School,United States of America,Listed,https://www.mpowerfinancing.com/get-a-loan/schools-we-support#schools ,"STEM, Healthcare & MBA (Within 2 yrs of UG)"
Mpower,Edgewood College,United States of America,Listed,https://www.mpowerfinancing.com/get-a-loan/schools-we-support#schools ,"STEM, Healthcare & MBA (Within 2 yrs of UG)"
Mpower,Elon University,United States of America,Listed,https://www.mpowerfinancing.com/get-a-loan/schools-we-support#schools ,"STEM, Healthcare & MBA (Within 2 yrs of UG)"
Mpower,Embry-Riddle Aeronautical University-Daytona Beach,United States of America,Listed,https://www.mpowerfinancing.com/get-a-loan/schools-we-support#schools ,"STEM, Healthcare & MBA (Within 2 yrs of UG)"
Mpower,Embry-Riddle Aeronautical University-Prescott,United States of America,Listed,https://www.mpowerfinancing.com/get-a-loan/schools-we-support#schools ,"STEM, Healthcare & MBA (Within 2 yrs of UG)"
Mpower,Emerson College,United States of America,Listed,https://www.mpowerfinancing.com/get-a-loan/schools-we-support#schools ,"STEM, Healthcare & MBA (Within 2 yrs of UG)"
Mpower,Emory University,United States of America,Listed,https://www.mpowerfinancing.com/get-a-loan/schools-we-support#schools ,"STEM, Healthcare & MBA (Within 2 yrs of UG)"
Mpower,Fairfield University,United States of America,Listed,https://www.mpowerfinancing.com/get-a-loan/schools-we-support#schools ,"STEM, Healthcare & MBA (Within 2 yrs of UG)"
Mpower,Fitchburg State University,United States of America,Listed,https://www.mpowerfinancing.com/get-a-loan/schools-we-support#schools ,"STEM, Healthcare & MBA (Within 2 yrs of UG)"
Mpower,Florida Atlantic University,United States of America,Listed,https://www.mpowerfinancing.com/get-a-loan/schools-we-support#schools ,"STEM, Healthcare & MBA (Within 2 yrs of UG)"
Mpower,Florida Institute of Technology,United States of America,Listed,https://www.mpowerfinancing.com/get-a-loan/schools-we-support#schools ,"STEM, Healthcare & MBA (Within 2 yrs of UG)"
Mpower,Florida International University,United States of America,Listed,https://www.mpowerfinancing.com/get-a-loan/schools-we-support#schools ,"STEM, Healthcare & MBA (Within 2 yrs of UG)"
Mpower,Florida State University,United States of America,Listed,https://www.mpowerfinancing.com/get-a-loan/schools-we-support#schools ,"STEM, Healthcare & MBA (Within 2 yrs of UG)"
Mpower,Fordham University,United States of America,Listed,https://www.mpowerfinancing.com/get-a-loan/schools-we-support#schools ,"STEM, Healthcare & MBA (Within 2 yrs of UG)"
Mpower,Franciscan Missionaries of Our Lady University,United States of America,Listed,https://www.mpowerfinancing.com/get-a-loan/schools-we-support#schools ,"STEM, Healthcare & MBA (Within 2 yrs of UG)"
Mpower,Franklin and Marshall College,United States of America,Listed,https://www.mpowerfinancing.com/get-a-loan/schools-we-support#schools ,"STEM, Healthcare & MBA (Within 2 yrs of UG)"
Mpower,Frontier Nursing University,United States of America,Listed,https://www.mpowerfinancing.com/get-a-loan/schools-we-support#schools ,"STEM, Healthcare & MBA (Within 2 yrs of UG)"
Mpower,Furman University,United States of America,Listed,https://www.mpowerfinancing.com/get-a-loan/schools-we-support#schools ,"STEM, Healthcare & MBA (Within 2 yrs of UG)"
Mpower,Gannon University,United States of America,Listed,https://www.mpowerfinancing.com/get-a-loan/schools-we-support#schools ,"STEM, Healthcare & MBA (Within 2 yrs of UG)"
Mpower,George Mason University,United States of America,Listed,https://www.mpowerfinancing.com/get-a-loan/schools-we-support#schools ,"STEM, Healthcare & MBA (Within 2 yrs of UG)"
Mpower,Georgetown University,United States of America,Listed,https://www.mpowerfinancing.com/get-a-loan/schools-we-support#schools ,"STEM, Healthcare & MBA (Within 2 yrs of UG)"
Mpower,Georgia Institute of Technology,United States of America,Listed,https://www.mpowerfinancing.com/get-a-loan/schools-we-support#schools ,"STEM, Healthcare & MBA (Within 2 yrs of UG)"
Mpower,Georgia Southern University,United States of America,Listed,https://www.mpowerfinancing.com/get-a-loan/schools-we-support#schools ,"STEM, Healthcare & MBA (Within 2 yrs of UG)"
Mpower,Gettysburg College,United States of America,Listed,https://www.mpowerfinancing.com/get-a-loan/schools-we-support#schools ,"STEM, Healthcare & MBA (Within 2 yrs of UG)"
Mpower,Goldfarb School of Nursing at Barnes-Jewish College,United States of America,Listed,https://www.mpowerfinancing.com/get-a-loan/schools-we-support#schools ,"STEM, Healthcare & MBA (Within 2 yrs of UG)"
Mpower,Gonzaga University,United States of America,Listed,https://www.mpowerfinancing.com/get-a-loan/schools-we-support#schools ,"STEM, Healthcare & MBA (Within 2 yrs of UG)"
Mpower,Grand Valley State University,United States of America,Listed,https://www.mpowerfinancing.com/get-a-loan/schools-we-support#schools ,"STEM, Healthcare & MBA (Within 2 yrs of UG)"
Mpower,Grinnell College,United States of America,Listed,https://www.mpowerfinancing.com/get-a-loan/schools-we-support#schools ,"STEM, Healthcare & MBA (Within 2 yrs of UG)"
Mpower,Hamilton College,United States of America,Listed,https://www.mpowerfinancing.com/get-a-loan/schools-we-support#schools ,"STEM, Healthcare & MBA (Within 2 yrs of UG)"
Mpower,Harvey Mudd College,United States of America,Listed,https://www.mpowerfinancing.com/get-a-loan/schools-we-support#schools ,"STEM, Healthcare & MBA (Within 2 yrs of UG)"
Mpower,Haverford College,United States of America,Listed,https://www.mpowerfinancing.com/get-a-loan/schools-we-support#schools ,"STEM, Healthcare & MBA (Within 2 yrs of UG)"
Mpower,High Point University,United States of America,Listed,https://www.mpowerfinancing.com/get-a-loan/schools-we-support#schools ,"STEM, Healthcare & MBA (Within 2 yrs of UG)"
Mpower,Hofstra University,United States of America,Listed,https://www.mpowerfinancing.com/get-a-loan/schools-we-support#schools ,"STEM, Healthcare & MBA (Within 2 yrs of UG)"
Mpower,Howard University,United States of America,Listed,https://www.mpowerfinancing.com/get-a-loan/schools-we-support#schools ,"STEM, Healthcare & MBA (Within 2 yrs of UG)"
Mpower,Hunter College of the City University of New York,United States of America,Listed,https://www.mpowerfinancing.com/get-a-loan/schools-we-support#schools ,"STEM, Healthcare & MBA (Within 2 yrs of UG)"
Mpower,Illinois Institute of Technology,United States of America,Listed,https://www.mpowerfinancing.com/get-a-loan/schools-we-support#schools ,"STEM, Healthcare & MBA (Within 2 yrs of UG)"
Mpower,Illinois State University,United States of America,Listed,https://www.mpowerfinancing.com/get-a-loan/schools-we-support#schools ,"STEM, Healthcare & MBA (Within 2 yrs of UG)"
Mpower,Indiana University-Purdue University-Indianapolis,United States of America,Listed,https://www.mpowerfinancing.com/get-a-loan/schools-we-support#schools ,"STEM, Healthcare & MBA (Within 2 yrs of UG)"
Mpower,INSEAD - France start,France,Listed,https://www.mpowerfinancing.com/get-a-loan/schools-we-support#schools ,"STEM, Healthcare & MBA (Within 2 yrs of UG)"
Mpower,Iowa State University,United States of America,Listed,https://www.mpowerfinancing.com/get-a-loan/schools-we-support#schools ,"STEM, Healthcare & MBA (Within 2 yrs of UG)"
Mpower,James Madison University,United States of America,Listed,https://www.mpowerfinancing.com/get-a-loan/schools-we-support#schools ,"STEM, Healthcare & MBA (Within 2 yrs of UG)"
Mpower,Jefferson College of Health Sciences,United States of America,Listed,https://www.mpowerfinancing.com/get-a-loan/schools-we-support#schools ,"STEM, Healthcare & MBA (Within 2 yrs of UG)"
Mpower,John Carroll University,United States of America,Listed,https://www.mpowerfinancing.com/get-a-loan/schools-we-support#schools ,"STEM, Healthcare & MBA (Within 2 yrs of UG)"
Mpower,Jones Graduate School of Business (Rice University),United States of America,Listed,https://www.mpowerfinancing.com/get-a-loan/schools-we-support#schools ,"STEM, Healthcare & MBA (Within 2 yrs of UG)"
Mpower,Kansas State University,United States of America,Listed,https://www.mpowerfinancing.com/get-a-loan/schools-we-support#schools ,"STEM, Healthcare & MBA (Within 2 yrs of UG)"
Mpower,Keck Graduate Institute,United States of America,Listed,https://www.mpowerfinancing.com/get-a-loan/schools-we-support#schools ,"STEM, Healthcare & MBA (Within 2 yrs of UG)"
Mpower,Kenyon College,United States of America,Listed,https://www.mpowerfinancing.com/get-a-loan/schools-we-support#schools ,"STEM, Healthcare & MBA (Within 2 yrs of UG)"
Mpower,Kettering College,United States of America,Listed,https://www.mpowerfinancing.com/get-a-loan/schools-we-support#schools ,"STEM, Healthcare & MBA (Within 2 yrs of UG)"
Mpower,La Salle University,United States of America,Listed,https://www.mpowerfinancing.com/get-a-loan/schools-we-support#schools ,"STEM, Healthcare & MBA (Within 2 yrs of UG)"
Mpower,Lafayette College,United States of America,Listed,https://www.mpowerfinancing.com/get-a-loan/schools-we-support#schools ,"STEM, Healthcare & MBA (Within 2 yrs of UG)"
Mpower,Lakeview College of Nursing,United States of America,Listed,https://www.mpowerfinancing.com/get-a-loan/schools-we-support#schools ,"STEM, Healthcare & MBA (Within 2 yrs of UG)"
Mpower,Lancaster General College of Nursing & Health Sciences,United States of America,Listed,https://www.mpowerfinancing.com/get-a-loan/schools-we-support#schools ,"STEM, Healthcare & MBA (Within 2 yrs of UG)"
Mpower,Lawrence Technological University,United States of America,Listed,https://www.mpowerfinancing.com/get-a-loan/schools-we-support#schools ,"STEM, Healthcare & MBA (Within 2 yrs of UG)"
Mpower,Lehigh University,United States of America,Listed,https://www.mpowerfinancing.com/get-a-loan/schools-we-support#schools ,"STEM, Healthcare & MBA (Within 2 yrs of UG)"
Mpower,Lesley University,United States of America,Listed,https://www.mpowerfinancing.com/get-a-loan/schools-we-support#schools ,"STEM, Healthcare & MBA (Within 2 yrs of UG)"
Mpower,Lewis University,United States of America,Listed,https://www.mpowerfinancing.com/get-a-loan/schools-we-support#schools ,"STEM, Healthcare & MBA (Within 2 yrs of UG)"
Mpower,Lipscomb University,United States of America,Listed,https://www.mpowerfinancing.com/get-a-loan/schools-we-support#schools ,"STEM, Healthcare & MBA (Within 2 yrs of UG)"
Mpower,Loma Linda University,United States of America,Listed,https://www.mpowerfinancing.com/get-a-loan/schools-we-support#schools ,"STEM, Healthcare & MBA (Within 2 yrs of UG)"
Mpower,Louisiana State University,United States of America,Listed,https://www.mpowerfinancing.com/get-a-loan/schools-we-support#schools ,"STEM, Healthcare & MBA (Within 2 yrs of UG)"
Mpower,Louisiana State University Health Sciences Center-New Orleans,United States of America,Listed,https://www.mpowerfinancing.com/get-a-loan/schools-we-support#schools ,"STEM, Healthcare & MBA (Within 2 yrs of UG)"
Mpower,Louisiana Tech University,United States of America,Listed,https://www.mpowerfinancing.com/get-a-loan/schools-we-support#schools ,"STEM, Healthcare & MBA (Within 2 yrs of UG)"
Mpower,Loyola Marymount University,United States of America,Listed,https://www.mpowerfinancing.com/get-a-loan/schools-we-support#schools ,"STEM, Healthcare & MBA (Within 2 yrs of UG)"
Mpower,Loyola University Maryland,United States of America,Listed,https://www.mpowerfinancing.com/get-a-loan/schools-we-support#schools ,"STEM, Healthcare & MBA (Within 2 yrs of UG)"
Mpower,Loyola University of Chicago,United States of America,Listed,https://www.mpowerfinancing.com/get-a-loan/schools-we-support#schools ,"STEM, Healthcare & MBA (Within 2 yrs of UG)"
Mpower,Lynn University,United States of America,Listed,https://www.mpowerfinancing.com/get-a-loan/schools-we-support#schools ,"STEM, Healthcare & MBA (Within 2 yrs of UG)"
Mpower,Macalester College,United States of America,Listed,https://www.mpowerfinancing.com/get-a-loan/schools-we-support#schools ,"STEM, Healthcare & MBA (Within 2 yrs of UG)"
Mpower,Maine Maritime Academy,United States of America,Listed,https://www.mpowerfinancing.com/get-a-loan/schools-we-support#schools ,"STEM, Healthcare & MBA (Within 2 yrs of UG)"
Mpower,Manhattan College,United States of America,Listed,https://www.mpowerfinancing.com/get-a-loan/schools-we-support#schools ,"STEM, Healthcare & MBA (Within 2 yrs of UG)"
Mpower,Marquette University,United States of America,Listed,https://www.mpowerfinancing.com/get-a-loan/schools-we-support#schools ,"STEM, Healthcare & MBA (Within 2 yrs of UG)"
Mpower,Marywood University,United States of America,Listed,https://www.mpowerfinancing.com/get-a-loan/schools-we-support#schools ,"STEM, Healthcare & MBA (Within 2 yrs of UG)"
Mpower,Massachusetts College of Pharmacy & Health Sciences,United States of America,Listed,https://www.mpowerfinancing.com/get-a-loan/schools-we-support#schools ,"STEM, Healthcare & MBA (Within 2 yrs of UG)"
Mpower,Massachusetts Maritime Academy,United States of America,Listed,https://www.mpowerfinancing.com/get-a-loan/schools-we-support#schools ,"STEM, Healthcare & MBA (Within 2 yrs of UG)"
Mpower,Medical University of South Carolina,United States of America,Listed,https://www.mpowerfinancing.com/get-a-loan/schools-we-support#schools ,"STEM, Healthcare & MBA (Within 2 yrs of UG)"
Mpower,Mercer University,United States of America,Listed,https://www.mpowerfinancing.com/get-a-loan/schools-we-support#schools ,"STEM, Healthcare & MBA (Within 2 yrs of UG)"
Mpower,MGH Institute of Health Professions,United States of America,Listed,https://www.mpowerfinancing.com/get-a-loan/schools-we-support#schools ,"STEM, Healthcare & MBA (Within 2 yrs of UG)"
Mpower,Miami University,United States of America,Listed,https://www.mpowerfinancing.com/get-a-loan/schools-we-support#schools ,"STEM, Healthcare & MBA (Within 2 yrs of UG)"
Mpower,Michigan State University,United States of America,Listed,https://www.mpowerfinancing.com/get-a-loan/schools-we-support#schools ,"STEM, Healthcare & MBA (Within 2 yrs of UG)"
Mpower,Michigan Technological University,United States of America,Listed,https://www.mpowerfinancing.com/get-a-loan/schools-we-support#schools ,"STEM, Healthcare & MBA (Within 2 yrs of UG)"
Mpower,Middlebury College,United States of America,Listed,https://www.mpowerfinancing.com/get-a-loan/schools-we-support#schools ,"STEM, Healthcare & MBA (Within 2 yrs of UG)"
Mpower,Midwestern University,United States of America,Listed,https://www.mpowerfinancing.com/get-a-loan/schools-we-support#schools ,"STEM, Healthcare & MBA (Within 2 yrs of UG)"
Mpower,Minnesota State University-Mankato,United States of America,Listed,https://www.mpowerfinancing.com/get-a-loan/schools-we-support#schools ,"STEM, Healthcare & MBA (Within 2 yrs of UG)"
Mpower,Missouri University of Science and Technology,United States of America,Listed,https://www.mpowerfinancing.com/get-a-loan/schools-we-support#schools ,"STEM, Healthcare & MBA (Within 2 yrs of UG)"
Mpower,Monroe University,United States of America,Listed,https://www.mpowerfinancing.com/get-a-loan/schools-we-support#schools ,"STEM, Healthcare & MBA (Within 2 yrs of UG)"
Mpower,Montana State University,United States of America,Listed,https://www.mpowerfinancing.com/get-a-loan/schools-we-support#schools ,"STEM, Healthcare & MBA (Within 2 yrs of UG)"
Mpower,Montclair State University,United States of America,Listed,https://www.mpowerfinancing.com/get-a-loan/schools-we-support#schools ,"STEM, Healthcare & MBA (Within 2 yrs of UG)"
Mpower,Mount Carmel College of Nursing,United States of America,Listed,https://www.mpowerfinancing.com/get-a-loan/schools-we-support#schools ,"STEM, Healthcare & MBA (Within 2 yrs of UG)"
Mpower,Mount Holyoke College,United States of America,Listed,https://www.mpowerfinancing.com/get-a-loan/schools-we-support#schools ,"STEM, Healthcare & MBA (Within 2 yrs of UG)"
Mpower,Mount Sinai School of Medicine,United States of America,Listed,https://www.mpowerfinancing.com/get-a-loan/schools-we-support#schools ,"STEM, Healthcare & MBA (Within 2 yrs of UG)"
Mpower,Nebraska Methodist College of Nursing and Allied Health,United States of America,Listed,https://www.mpowerfinancing.com/get-a-loan/schools-we-support#schools ,"STEM, Healthcare & MBA (Within 2 yrs of UG)"
Mpower,New Jersey Institute of Technology,United States of America,Listed,https://www.mpowerfinancing.com/get-a-loan/schools-we-support#schools ,"STEM, Healthcare & MBA (Within 2 yrs of UG)"
Mpower,New York Institute of Technology - Old Westbury,United States of America,Listed,https://www.mpowerfinancing.com/get-a-loan/schools-we-support#schools ,"STEM, Healthcare & MBA (Within 2 yrs of UG)"
Mpower,New York Law School,United States of America,Listed,https://www.mpowerfinancing.com/get-a-loan/schools-we-support#schools ,"STEM, Healthcare & MBA (Within 2 yrs of UG)"
Mpower,New York Medical College,United States of America,Listed,https://www.mpowerfinancing.com/get-a-loan/schools-we-support#schools ,"STEM, Healthcare & MBA (Within 2 yrs of UG)"
Mpower,Niagara University,United States of America,Listed,https://www.mpowerfinancing.com/get-a-loan/schools-we-support#schools ,"STEM, Healthcare & MBA (Within 2 yrs of UG)"
Mpower,North Carolina State University,United States of America,Listed,https://www.mpowerfinancing.com/get-a-loan/schools-we-support#schools ,"STEM, Healthcare & MBA (Within 2 yrs of UG)"
Mpower,Northern Arizona University,United States of America,Listed,https://www.mpowerfinancing.com/get-a-loan/schools-we-support#schools ,"STEM, Healthcare & MBA (Within 2 yrs of UG)"
Mpower,Northwestern College,United States of America,Listed,https://www.mpowerfinancing.com/get-a-loan/schools-we-support#schools ,"STEM, Healthcare & MBA (Within 2 yrs of UG)"
Mpower,Northwestern University,United States of America,Listed,https://www.mpowerfinancing.com/get-a-loan/schools-we-support#schools ,"STEM, Healthcare & MBA (Within 2 yrs of UG)"
Mpower,Nova Southeastern University,United States of America,Listed,https://www.mpowerfinancing.com/get-a-loan/schools-we-support#schools ,"STEM, Healthcare & MBA (Within 2 yrs of UG)"
Mpower,Oakland University,United States of America,Listed,https://www.mpowerfinancing.com/get-a-loan/schools-we-support#schools ,"STEM, Healthcare & MBA (Within 2 yrs of UG)"
Mpower,Oberlin College,United States of America,Listed,https://www.mpowerfinancing.com/get-a-loan/schools-we-support#schools ,"STEM, Healthcare & MBA (Within 2 yrs of UG)"
Mpower,Occidental College,United States of America,Listed,https://www.mpowerfinancing.com/get-a-loan/schools-we-support#schools ,"STEM, Healthcare & MBA (Within 2 yrs of UG)"
Mpower,Ohio Northern University,United States of America,Listed,https://www.mpowerfinancing.com/get-a-loan/schools-we-support#schools ,"STEM, Healthcare & MBA (Within 2 yrs of UG)"
Mpower,Ohio State University,United States of America,Listed,https://www.mpowerfinancing.com/get-a-loan/schools-we-support#schools ,"STEM, Healthcare & MBA (Within 2 yrs of UG)"
Mpower,Ohio University,United States of America,Listed,https://www.mpowerfinancing.com/get-a-loan/schools-we-support#schools ,"STEM, Healthcare & MBA (Within 2 yrs of UG)"
Mpower,Oklahoma City University,United States of America,Listed,https://www.mpowerfinancing.com/get-a-loan/schools-we-support#schools ,"STEM, Healthcare & MBA (Within 2 yrs of UG)"
Mpower,Oklahoma State University-Main Campus,United States of America,Listed,https://www.mpowerfinancing.com/get-a-loan/schools-we-support#schools ,"STEM, Healthcare & MBA (Within 2 yrs of UG)"
Mpower,Oregon Health & Science University,United States of America,Listed,https://www.mpowerfinancing.com/get-a-loan/schools-we-support#schools ,"STEM, Healthcare & MBA (Within 2 yrs of UG)"
Mpower,Oregon State University,United States of America,Listed,https://www.mpowerfinancing.com/get-a-loan/schools-we-support#schools ,"STEM, Healthcare & MBA (Within 2 yrs of UG)"
Mpower,Pace University - New York,United States of America,Listed,https://www.mpowerfinancing.com/get-a-loan/schools-we-support#schools ,"STEM, Healthcare & MBA (Within 2 yrs of UG)"
Mpower,Pacific University,United States of America,Listed,https://www.mpowerfinancing.com/get-a-loan/schools-we-support#schools ,"STEM, Healthcare & MBA (Within 2 yrs of UG)"
Mpower,Pennsylvania State University,United States of America,Listed,https://www.mpowerfinancing.com/get-a-loan/schools-we-support#schools ,"STEM, Healthcare & MBA (Within 2 yrs of UG)"
Mpower,Pepperdine University,United States of America,Listed,https://www.mpowerfinancing.com/get-a-loan/schools-we-support#schools ,"STEM, Healthcare & MBA (Within 2 yrs of UG)"
Mpower,Philadelphia College of Osteopathic Medicine,United States of America,Listed,https://www.mpowerfinancing.com/get-a-loan/schools-we-support#schools ,"STEM, Healthcare & MBA (Within 2 yrs of UG)"
Mpower,Philadelphia University,United States of America,Listed,https://www.mpowerfinancing.com/get-a-loan/schools-we-support#schools ,"STEM, Healthcare & MBA (Within 2 yrs of UG)"
Mpower,Phillips Beth Israel School of Nursing,United States of America,Listed,https://www.mpowerfinancing.com/get-a-loan/schools-we-support#schools ,"STEM, Healthcare & MBA (Within 2 yrs of UG)"
Mpower,Pitzer College,United States of America,Listed,https://www.mpowerfinancing.com/get-a-loan/schools-we-support#schools ,"STEM, Healthcare & MBA (Within 2 yrs of UG)"
Mpower,Pomona College,United States of America,Listed,https://www.mpowerfinancing.com/get-a-loan/schools-we-support#schools ,"STEM, Healthcare & MBA (Within 2 yrs of UG)"
Mpower,Portland State University,United States of America,Listed,https://www.mpowerfinancing.com/get-a-loan/schools-we-support#schools ,"STEM, Healthcare & MBA (Within 2 yrs of UG)"
Mpower,Princeton University,United States of America,Listed,https://www.mpowerfinancing.com/get-a-loan/schools-we-support#schools ,"STEM, Healthcare & MBA (Within 2 yrs of UG)"
Mpower,Providence College,United States of America,Listed,https://www.mpowerfinancing.com/get-a-loan/schools-we-support#schools ,"STEM, Healthcare & MBA (Within 2 yrs of UG)"
Mpower,Quinnipiac University,United States of America,Listed,https://www.mpowerfinancing.com/get-a-loan/schools-we-support#schools ,"STEM, Healthcare & MBA (Within 2 yrs of UG)"
Mpower,Rensselaer Polytechnic Institute,United States of America,Listed,https://www.mpowerfinancing.com/get-a-loan/schools-we-support#schools ,"STEM, Healthcare & MBA (Within 2 yrs of UG)"
Mpower,Research College of Nursing,United States of America,Listed,https://www.mpowerfinancing.com/get-a-loan/schools-we-support#schools ,"STEM, Healthcare & MBA (Within 2 yrs of UG)"
Mpower,Resurrection University,United States of America,Listed,https://www.mpowerfinancing.com/get-a-loan/schools-we-support#schools ,"STEM, Healthcare & MBA (Within 2 yrs of UG)"
Mpower,Rhode Island School of Design,United States of America,Listed,https://www.mpowerfinancing.com/get-a-loan/schools-we-support#schools ,"STEM, Healthcare & MBA (Within 2 yrs of UG)"
Mpower,Rhodes College,United States of America,Listed,https://www.mpowerfinancing.com/get-a-loan/schools-we-support#schools ,"STEM, Healthcare & MBA (Within 2 yrs of UG)"
Mpower,Rice University,United States of America,Listed,https://www.mpowerfinancing.com/get-a-loan/schools-we-support#schools ,"STEM, Healthcare & MBA (Within 2 yrs of UG)"
Mpower,Rider University,United States of America,Listed,https://www.mpowerfinancing.com/get-a-loan/schools-we-support#schools ,"STEM, Healthcare & MBA (Within 2 yrs of UG)"
Mpower,Robert Morris University,United States of America,Listed,https://www.mpowerfinancing.com/get-a-loan/schools-we-support#schools ,"STEM, Healthcare & MBA (Within 2 yrs of UG)"
Mpower,Rochester Institute of Technology,United States of America,Listed,https://www.mpowerfinancing.com/get-a-loan/schools-we-support#schools ,"STEM, Healthcare & MBA (Within 2 yrs of UG)"
Mpower,Rollins College,United States of America,Listed,https://www.mpowerfinancing.com/get-a-loan/schools-we-support#schools ,"STEM, Healthcare & MBA (Within 2 yrs of UG)"
Mpower,Rosalind Franklin University of Medicine and Science,United States of America,Listed,https://www.mpowerfinancing.com/get-a-loan/schools-we-support#schools ,"STEM, Healthcare & MBA (Within 2 yrs of UG)"
Mpower,Roseman University of Health Sciences,United States of America,Listed,https://www.mpowerfinancing.com/get-a-loan/schools-we-support#schools ,"STEM, Healthcare & MBA (Within 2 yrs of UG)"
Mpower,Rowan University,United States of America,Listed,https://www.mpowerfinancing.com/get-a-loan/schools-we-support#schools ,"STEM, Healthcare & MBA (Within 2 yrs of UG)"
Mpower,Rush University,United States of America,Listed,https://www.mpowerfinancing.com/get-a-loan/schools-we-support#schools ,"STEM, Healthcare & MBA (Within 2 yrs of UG)"
Mpower,Rutgers University-Camden,United States of America,Listed,https://www.mpowerfinancing.com/get-a-loan/schools-we-support#schools ,"STEM, Healthcare & MBA (Within 2 yrs of UG)"
Mpower,Sacred Heart University,United States of America,Listed,https://www.mpowerfinancing.com/get-a-loan/schools-we-support#schools ,"STEM, Healthcare & MBA (Within 2 yrs of UG)"
Mpower,Saint Francis Medical Center College of Nursing,United States of America,Listed,https://www.mpowerfinancing.com/get-a-loan/schools-we-support#schools ,"STEM, Healthcare & MBA (Within 2 yrs of UG)"
Mpower,Saint Francis University,United States of America,Listed,https://www.mpowerfinancing.com/get-a-loan/schools-we-support#schools ,"STEM, Healthcare & MBA (Within 2 yrs of UG)"
Mpower,Saint John Fisher College,United States of America,Listed,https://www.mpowerfinancing.com/get-a-loan/schools-we-support#schools ,"STEM, Healthcare & MBA (Within 2 yrs of UG)"
Mpower,Saint Josephs University,United States of America,Listed,https://www.mpowerfinancing.com/get-a-loan/schools-we-support#schools ,"STEM, Healthcare & MBA (Within 2 yrs of UG)"
Mpower,Saint Louis University-Main Campus,United States of America,Listed,https://www.mpowerfinancing.com/get-a-loan/schools-we-support#schools ,"STEM, Healthcare & MBA (Within 2 yrs of UG)"
Mpower,Saint Luke s College of Health Sciences,United States of America,Listed,https://www.mpowerfinancing.com/get-a-loan/schools-we-support#schools ,"STEM, Healthcare & MBA (Within 2 yrs of UG)"
Mpower,Saint Mary s College of California,United States of America,Listed,https://www.mpowerfinancing.com/get-a-loan/schools-we-support#schools ,"STEM, Healthcare & MBA (Within 2 yrs of UG)"
Mpower,Samford University,United States of America,Listed,https://www.mpowerfinancing.com/get-a-loan/schools-we-support#schools ,"STEM, Healthcare & MBA (Within 2 yrs of UG)"
Mpower,Samuel Merritt University,United States of America,Listed,https://www.mpowerfinancing.com/get-a-loan/schools-we-support#schools ,"STEM, Healthcare & MBA (Within 2 yrs of UG)"
Mpower,San Diego State University,United States of America,Listed,https://www.mpowerfinancing.com/get-a-loan/schools-we-support#schools ,"STEM, Healthcare & MBA (Within 2 yrs of UG)"
Mpower,San Francisco State University,United States of America,Listed,https://www.mpowerfinancing.com/get-a-loan/schools-we-support#schools ,"STEM, Healthcare & MBA (Within 2 yrs of UG)"
Mpower,San Jose State University,United States of America,Listed,https://www.mpowerfinancing.com/get-a-loan/schools-we-support#schools ,"STEM, Healthcare & MBA (Within 2 yrs of UG)"
Mpower,Santa Clara University,United States of America,Listed,https://www.mpowerfinancing.com/get-a-loan/schools-we-support#schools ,"STEM, Healthcare & MBA (Within 2 yrs of UG)"
Mpower,Scripps College,United States of America,Listed,https://www.mpowerfinancing.com/get-a-loan/schools-we-support#schools ,"STEM, Healthcare & MBA (Within 2 yrs of UG)"
Mpower,Seattle Pacific University,United States of America,Listed,https://www.mpowerfinancing.com/get-a-loan/schools-we-support#schools ,"STEM, Healthcare & MBA (Within 2 yrs of UG)"
Mpower,Seattle University,United States of America,Listed,https://www.mpowerfinancing.com/get-a-loan/schools-we-support#schools ,"STEM, Healthcare & MBA (Within 2 yrs of UG)"
Mpower,Sentara College of Health Sciences,United States of America,Listed,https://www.mpowerfinancing.com/get-a-loan/schools-we-support#schools ,"STEM, Healthcare & MBA (Within 2 yrs of UG)"
Mpower,Seton Hall University,United States of America,Listed,https://www.mpowerfinancing.com/get-a-loan/schools-we-support#schools ,"STEM, Healthcare & MBA (Within 2 yrs of UG)"
Mpower,Seton Hill University,United States of America,Listed,https://www.mpowerfinancing.com/get-a-loan/schools-we-support#schools ,"STEM, Healthcare & MBA (Within 2 yrs of UG)"
Mpower,Sewanee - The University of the South,United States of America,Listed,https://www.mpowerfinancing.com/get-a-loan/schools-we-support#schools ,"STEM, Healthcare & MBA (Within 2 yrs of UG)"
Mpower,Shenandoah University,United States of America,Listed,https://www.mpowerfinancing.com/get-a-loan/schools-we-support#schools ,"STEM, Healthcare & MBA (Within 2 yrs of UG)"
Mpower,Simmons College,United States of America,Listed,https://www.mpowerfinancing.com/get-a-loan/schools-we-support#schools ,"STEM, Healthcare & MBA (Within 2 yrs of UG)"
Mpower,Skidmore College,United States of America,Listed,https://www.mpowerfinancing.com/get-a-loan/schools-we-support#schools ,"STEM, Healthcare & MBA (Within 2 yrs of UG)"
Mpower,Smith College,United States of America,Listed,https://www.mpowerfinancing.com/get-a-loan/schools-we-support#schools ,"STEM, Healthcare & MBA (Within 2 yrs of UG)"
Mpower,Soka University of America,United States of America,Listed,https://www.mpowerfinancing.com/get-a-loan/schools-we-support#schools ,"STEM, Healthcare & MBA (Within 2 yrs of UG)"
Mpower,South Dakota School of Mines and Technology,United States of America,Listed,https://www.mpowerfinancing.com/get-a-loan/schools-we-support#schools ,"STEM, Healthcare & MBA (Within 2 yrs of UG)"
Mpower,South Dakota State University,United States of America,Listed,https://www.mpowerfinancing.com/get-a-loan/schools-we-support#schools ,"STEM, Healthcare & MBA (Within 2 yrs of UG)"
Mpower,Southern Illinois University-Edwardsville,United States of America,Listed,https://www.mpowerfinancing.com/get-a-loan/schools-we-support#schools ,"STEM, Healthcare & MBA (Within 2 yrs of UG)"
Mpower,Southern Methodist University,United States of America,Listed,https://www.mpowerfinancing.com/get-a-loan/schools-we-support#schools ,"STEM, Healthcare & MBA (Within 2 yrs of UG)"
Mpower,St John s University-New York,United States of America,Listed,https://www.mpowerfinancing.com/get-a-loan/schools-we-support#schools ,"STEM, Healthcare & MBA (Within 2 yrs of UG)"
Mpower,St Louis College of Pharmacy,United States of America,Listed,https://www.mpowerfinancing.com/get-a-loan/schools-we-support#schools ,"STEM, Healthcare & MBA (Within 2 yrs of UG)"
Mpower,St. James School of Medicine,Saint Vincent and the Grenadines,Listed,https://www.mpowerfinancing.com/get-a-loan/schools-we-support#schools ,"STEM, Healthcare & MBA (Within 2 yrs of UG)"
Mpower,Stanford University,United States of America,Listed,https://www.mpowerfinancing.com/get-a-loan/schools-we-support#schools ,"STEM, Healthcare & MBA (Within 2 yrs of UG)"
Mpower,State University of New York at New Paltz,United States of America,Listed,https://www.mpowerfinancing.com/get-a-loan/schools-we-support#schools ,"STEM, Healthcare & MBA (Within 2 yrs of UG)"
Mpower,Stetson University,United States of America,Listed,https://www.mpowerfinancing.com/get-a-loan/schools-we-support#schools ,"STEM, Healthcare & MBA (Within 2 yrs of UG)"
Mpower,Stevens Institute of Technology,United States of America,Listed,https://www.mpowerfinancing.com/get-a-loan/schools-we-support#schools ,"STEM, Healthcare & MBA (Within 2 yrs of UG)"
Mpower,Stonehill College,United States of America,Listed,https://www.mpowerfinancing.com/get-a-loan/schools-we-support#schools ,"STEM, Healthcare & MBA (Within 2 yrs of UG)"
Mpower,Suffolk University,United States of America,Listed,https://www.mpowerfinancing.com/get-a-loan/schools-we-support#schools ,"STEM, Healthcare & MBA (Within 2 yrs of UG)"
Mpower,SUNY at Albany,United States of America,Listed,https://www.mpowerfinancing.com/get-a-loan/schools-we-support#schools ,"STEM, Healthcare & MBA (Within 2 yrs of UG)"
Mpower,SUNY at Binghamton,United States of America,Listed,https://www.mpowerfinancing.com/get-a-loan/schools-we-support#schools ,"STEM, Healthcare & MBA (Within 2 yrs of UG)"
Mpower,SUNY at Stony Brook,United States of America,Listed,https://www.mpowerfinancing.com/get-a-loan/schools-we-support#schools ,"STEM, Healthcare & MBA (Within 2 yrs of UG)"
Mpower,SUNY College of Environmental Science and Forestry,United States of America,Listed,https://www.mpowerfinancing.com/get-a-loan/schools-we-support#schools ,"STEM, Healthcare & MBA (Within 2 yrs of UG)"
Mpower,SUNY Downstate Medical Center,United States of America,Listed,https://www.mpowerfinancing.com/get-a-loan/schools-we-support#schools ,"STEM, Healthcare & MBA (Within 2 yrs of UG)"
Mpower,Swarthmore College,United States of America,Listed,https://www.mpowerfinancing.com/get-a-loan/schools-we-support#schools ,"STEM, Healthcare & MBA (Within 2 yrs of UG)"
Mpower,Syracuse University,United States of America,Listed,https://www.mpowerfinancing.com/get-a-loan/schools-we-support#schools ,"STEM, Healthcare & MBA (Within 2 yrs of UG)"
Mpower,Taylor University,United States of America,Listed,https://www.mpowerfinancing.com/get-a-loan/schools-we-support#schools ,"STEM, Healthcare & MBA (Within 2 yrs of UG)"
Mpower,Temple University,United States of America,Listed,https://www.mpowerfinancing.com/get-a-loan/schools-we-support#schools ,"STEM, Healthcare & MBA (Within 2 yrs of UG)"
Mpower,Tennessee Technological University,United States of America,Listed,https://www.mpowerfinancing.com/get-a-loan/schools-we-support#schools ,"STEM, Healthcare & MBA (Within 2 yrs of UG)"
Mpower,Texas Christian University,United States of America,Listed,https://www.mpowerfinancing.com/get-a-loan/schools-we-support#schools ,"STEM, Healthcare & MBA (Within 2 yrs of UG)"
Mpower,Texas State University,United States of America,Listed,https://www.mpowerfinancing.com/get-a-loan/schools-we-support#schools ,"STEM, Healthcare & MBA (Within 2 yrs of UG)"
Mpower,Texas Tech University,United States of America,Listed,https://www.mpowerfinancing.com/get-a-loan/schools-we-support#schools ,"STEM, Healthcare & MBA (Within 2 yrs of UG)"
Mpower,Texas Tech University Health Sciences Center,United States of America,Listed,https://www.mpowerfinancing.com/get-a-loan/schools-we-support#schools ,"STEM, Healthcare & MBA (Within 2 yrs of UG)"
Mpower,The Citadel,United States of America,Listed,https://www.mpowerfinancing.com/get-a-loan/schools-we-support#schools ,"STEM, Healthcare & MBA (Within 2 yrs of UG)"
Mpower,The College of New Jersey,United States of America,Listed,https://www.mpowerfinancing.com/get-a-loan/schools-we-support#schools ,"STEM, Healthcare & MBA (Within 2 yrs of UG)"
Mpower,The New School,United States of America,Listed,https://www.mpowerfinancing.com/get-a-loan/schools-we-support#schools ,"STEM, Healthcare & MBA (Within 2 yrs of UG)"
Mpower,The University of Alabama,United States of America,Listed,https://www.mpowerfinancing.com/get-a-loan/schools-we-support#schools ,"STEM, Healthcare & MBA (Within 2 yrs of UG)"
Mpower,The University of Tampa,United States of America,Listed,https://www.mpowerfinancing.com/get-a-loan/schools-we-support#schools ,"STEM, Healthcare & MBA (Within 2 yrs of UG)"
Mpower,The University of Texas at Arlington,United States of America,Listed,https://www.mpowerfinancing.com/get-a-loan/schools-we-support#schools ,"STEM, Healthcare & MBA (Within 2 yrs of UG)"
Mpower,The University of Texas at Dallas,United States of America,Listed,https://www.mpowerfinancing.com/get-a-loan/schools-we-support#schools ,"STEM, Healthcare & MBA (Within 2 yrs of UG)"
Mpower,The University of Texas Health Science - San Antonio,United States of America,Listed,https://www.mpowerfinancing.com/get-a-loan/schools-we-support#schools ,"STEM, Healthcare & MBA (Within 2 yrs of UG)"
Mpower,The University of Texas Health Science Center at Houston,United States of America,Listed,https://www.mpowerfinancing.com/get-a-loan/schools-we-support#schools ,"STEM, Healthcare & MBA (Within 2 yrs of UG)"
Mpower,The University of Texas MD Anderson Cancer Center,United States of America,Listed,https://www.mpowerfinancing.com/get-a-loan/schools-we-support#schools ,"STEM, Healthcare & MBA (Within 2 yrs of UG)"
Mpower,The University of Texas Medical Branch,United States of America,Listed,https://www.mpowerfinancing.com/get-a-loan/schools-we-support#schools ,"STEM, Healthcare & MBA (Within 2 yrs of UG)"
Mpower,The University of Texas Rio Grande Valley,United States of America,Listed,https://www.mpowerfinancing.com/get-a-loan/schools-we-support#schools ,"STEM, Healthcare & MBA (Within 2 yrs of UG)"
Mpower,The University of West Florida,United States of America,Listed,https://www.mpowerfinancing.com/get-a-loan/schools-we-support#schools ,"STEM, Healthcare & MBA (Within 2 yrs of UG)"
Mpower,Thomas Aquinas College,United States of America,Listed,https://www.mpowerfinancing.com/get-a-loan/schools-we-support#schools ,"STEM, Healthcare & MBA (Within 2 yrs of UG)"
Mpower,Thomas Jefferson University,United States of America,Listed,https://www.mpowerfinancing.com/get-a-loan/schools-we-support#schools ,"STEM, Healthcare & MBA (Within 2 yrs of UG)"
Mpower,Thunderbird School of Global Management,United States of America,Listed,https://www.mpowerfinancing.com/get-a-loan/schools-we-support#schools ,"STEM, Healthcare & MBA (Within 2 yrs of UG)"
Mpower,Touro University California,United States of America,Listed,https://www.mpowerfinancing.com/get-a-loan/schools-we-support#schools ,"STEM, Healthcare & MBA (Within 2 yrs of UG)"
Mpower,Touro University New York,United States of America,Listed,https://www.mpowerfinancing.com/get-a-loan/schools-we-support#schools ,"STEM, Healthcare & MBA (Within 2 yrs of UG)"
Mpower,Towson University,United States of America,Listed,https://www.mpowerfinancing.com/get-a-loan/schools-we-support#schools ,"STEM, Healthcare & MBA (Within 2 yrs of UG)"
Mpower,Trinity College,United States of America,Listed,https://www.mpowerfinancing.com/get-a-loan/schools-we-support#schools ,"STEM, Healthcare & MBA (Within 2 yrs of UG)"
Mpower,Trinity University,United States of America,Listed,https://www.mpowerfinancing.com/get-a-loan/schools-we-support#schools ,"STEM, Healthcare & MBA (Within 2 yrs of UG)"
Mpower,Truman State University,United States of America,Listed,https://www.mpowerfinancing.com/get-a-loan/schools-we-support#schools ,"STEM, Healthcare & MBA (Within 2 yrs of UG)"
Mpower,Tufts University,United States of America,Listed,https://www.mpowerfinancing.com/get-a-loan/schools-we-support#schools ,"STEM, Healthcare & MBA (Within 2 yrs of UG)"
Mpower,Tulane University,United States of America,Listed,https://www.mpowerfinancing.com/get-a-loan/schools-we-support#schools ,"STEM, Healthcare & MBA (Within 2 yrs of UG)"
Mpower,Union College (New York),United States of America,Listed,https://www.mpowerfinancing.com/get-a-loan/schools-we-support#schools ,"STEM, Healthcare & MBA (Within 2 yrs of UG)"
Mpower,Union University,United States of America,Listed,https://www.mpowerfinancing.com/get-a-loan/schools-we-support#schools ,"STEM, Healthcare & MBA (Within 2 yrs of UG)"
Mpower,United States Merchant Marine Academy,United States of America,Listed,https://www.mpowerfinancing.com/get-a-loan/schools-we-support#schools ,"STEM, Healthcare & MBA (Within 2 yrs of UG)"
Mpower,University at Buffalo,United States of America,Listed,https://www.mpowerfinancing.com/get-a-loan/schools-we-support#schools ,"STEM, Healthcare & MBA (Within 2 yrs of UG)"
Mpower,University of Alabama in Huntsville,United States of America,Listed,https://www.mpowerfinancing.com/get-a-loan/schools-we-support#schools ,"STEM, Healthcare & MBA (Within 2 yrs of UG)"
Mpower,University of Arizona,United States of America,Listed,https://www.mpowerfinancing.com/get-a-loan/schools-we-support#schools ,"STEM, Healthcare & MBA (Within 2 yrs of UG)"
Mpower,University of Arkansas,United States of America,Listed,https://www.mpowerfinancing.com/get-a-loan/schools-we-support#schools ,"STEM, Healthcare & MBA (Within 2 yrs of UG)"
Mpower,University of Arkansas for Medical Sciences,United States of America,Listed,https://www.mpowerfinancing.com/get-a-loan/schools-we-support#schools ,"STEM, Healthcare & MBA (Within 2 yrs of UG)"
Mpower,University of California - Berkeley,United States of America,Listed,https://www.mpowerfinancing.com/get-a-loan/schools-we-support#schools ,"STEM, Healthcare & MBA (Within 2 yrs of UG)"
Mpower,University of California - Davis,United States of America,Listed,https://www.mpowerfinancing.com/get-a-loan/schools-we-support#schools ,"STEM, Healthcare & MBA (Within 2 yrs of UG)"
Mpower,University of California - Irvine,United States of America,Listed,https://www.mpowerfinancing.com/get-a-loan/schools-we-support#schools ,"STEM, Healthcare & MBA (Within 2 yrs of UG)"
Mpower,University of California - Los Angeles,United States of America,Listed,https://www.mpowerfinancing.com/get-a-loan/schools-we-support#schools ,"STEM, Healthcare & MBA (Within 2 yrs of UG)"
Mpower,University of California - Merced,United States of America,Listed,https://www.mpowerfinancing.com/get-a-loan/schools-we-support#schools ,"STEM, Healthcare & MBA (Within 2 yrs of UG)"
Mpower,University of California - Riverside,United States of America,Listed,https://www.mpowerfinancing.com/get-a-loan/schools-we-support#schools ,"STEM, Healthcare & MBA (Within 2 yrs of UG)"
Mpower,University of California - San Diego,United States of America,Listed,https://www.mpowerfinancing.com/get-a-loan/schools-we-support#schools ,"STEM, Healthcare & MBA (Within 2 yrs of UG)"
Mpower,University of California - San Francisco,United States of America,Listed,https://www.mpowerfinancing.com/get-a-loan/schools-we-support#schools ,"STEM, Healthcare & MBA (Within 2 yrs of UG)"
Mpower,University of California - Santa Barbara,United States of America,Listed,https://www.mpowerfinancing.com/get-a-loan/schools-we-support#schools ,"STEM, Healthcare & MBA (Within 2 yrs of UG)"
Mpower,University of California - Santa Cruz,United States of America,Listed,https://www.mpowerfinancing.com/get-a-loan/schools-we-support#schools ,"STEM, Healthcare & MBA (Within 2 yrs of UG)"
Mpower,University of California College of Law,United States of America,Listed,https://www.mpowerfinancing.com/get-a-loan/schools-we-support#schools ,"STEM, Healthcare & MBA (Within 2 yrs of UG)"
Mpower,University of Central Florida,United States of America,Listed,https://www.mpowerfinancing.com/get-a-loan/schools-we-support#schools ,"STEM, Healthcare & MBA (Within 2 yrs of UG)"
Mpower,University of Chicago,United States of America,Listed,https://www.mpowerfinancing.com/get-a-loan/schools-we-support#schools ,"STEM, Healthcare & MBA (Within 2 yrs of UG)"
Mpower,University of Cincinnati-Main Campus,United States of America,Listed,https://www.mpowerfinancing.com/get-a-loan/schools-we-support#schools ,"STEM, Healthcare & MBA (Within 2 yrs of UG)"
Mpower,University of Colorado at Boulder,United States of America,Listed,https://www.mpowerfinancing.com/get-a-loan/schools-we-support#schools ,"STEM, Healthcare & MBA (Within 2 yrs of UG)"
Mpower,University of Colorado at Colorado Springs,United States of America,Listed,https://www.mpowerfinancing.com/get-a-loan/schools-we-support#schools ,"STEM, Healthcare & MBA (Within 2 yrs of UG)"
Mpower,University of Colorado Denver,United States of America,Listed,https://www.mpowerfinancing.com/get-a-loan/schools-we-support#schools ,"STEM, Healthcare & MBA (Within 2 yrs of UG)"
Mpower,University of Connecticut,United States of America,Listed,https://www.mpowerfinancing.com/get-a-loan/schools-we-support#schools ,"STEM, Healthcare & MBA (Within 2 yrs of UG)"
Mpower,University of Dayton,United States of America,Listed,https://www.mpowerfinancing.com/get-a-loan/schools-we-support#schools ,"STEM, Healthcare & MBA (Within 2 yrs of UG)"
Mpower,University of Delaware,United States of America,Listed,https://www.mpowerfinancing.com/get-a-loan/schools-we-support#schools ,"STEM, Healthcare & MBA (Within 2 yrs of UG)"
Mpower,University of Denver,United States of America,Listed,https://www.mpowerfinancing.com/get-a-loan/schools-we-support#schools ,"STEM, Healthcare & MBA (Within 2 yrs of UG)"
Mpower,University of Detroit Mercy,United States of America,Listed,https://www.mpowerfinancing.com/get-a-loan/schools-we-support#schools ,"STEM, Healthcare & MBA (Within 2 yrs of UG)"
Mpower,University of Florida,United States of America,Listed,https://www.mpowerfinancing.com/get-a-loan/schools-we-support#schools ,"STEM, Healthcare & MBA (Within 2 yrs of UG)"
Mpower,University of Georgia,United States of America,Listed,https://www.mpowerfinancing.com/get-a-loan/schools-we-support#schools ,"STEM, Healthcare & MBA (Within 2 yrs of UG)"
Mpower,University of Hartford,United States of America,Listed,https://www.mpowerfinancing.com/get-a-loan/schools-we-support#schools ,"STEM, Healthcare & MBA (Within 2 yrs of UG)"
Mpower,University of Hawaii at Manoa,United States of America,Listed,https://www.mpowerfinancing.com/get-a-loan/schools-we-support#schools ,"STEM, Healthcare & MBA (Within 2 yrs of UG)"
Mpower,University of Houston,United States of America,Listed,https://www.mpowerfinancing.com/get-a-loan/schools-we-support#schools ,"STEM, Healthcare & MBA (Within 2 yrs of UG)"
Mpower,University of Idaho,United States of America,Listed,https://www.mpowerfinancing.com/get-a-loan/schools-we-support#schools ,"STEM, Healthcare & MBA (Within 2 yrs of UG)"
Mpower,University of Illinois at Urbana-Champaign,United States of America,Listed,https://www.mpowerfinancing.com/get-a-loan/schools-we-support#schools ,"STEM, Healthcare & MBA (Within 2 yrs of UG)"
Mpower,University of Illinois Springfield,United States of America,Listed,https://www.mpowerfinancing.com/get-a-loan/schools-we-support#schools ,"STEM, Healthcare & MBA (Within 2 yrs of UG)"
Mpower,University of Iowa,United States of America,Listed,https://www.mpowerfinancing.com/get-a-loan/schools-we-support#schools ,"STEM, Healthcare & MBA (Within 2 yrs of UG)"
Mpower,University of Kansas,United States of America,Listed,https://www.mpowerfinancing.com/get-a-loan/schools-we-support#schools ,"STEM, Healthcare & MBA (Within 2 yrs of UG)"
Mpower,University of Kentucky,United States of America,Listed,https://www.mpowerfinancing.com/get-a-loan/schools-we-support#schools ,"STEM, Healthcare & MBA (Within 2 yrs of UG)"
Mpower,University of La Verne,United States of America,Listed,https://www.mpowerfinancing.com/get-a-loan/schools-we-support#schools ,"STEM, Healthcare & MBA (Within 2 yrs of UG)"
Mpower,University of Louisville,United States of America,Listed,https://www.mpowerfinancing.com/get-a-loan/schools-we-support#schools ,"STEM, Healthcare & MBA (Within 2 yrs of UG)"
Mpower,University of Maine,United States of America,Listed,https://www.mpowerfinancing.com/get-a-loan/schools-we-support#schools ,"STEM, Healthcare & MBA (Within 2 yrs of UG)"
Mpower,University of Maryland - Baltimore,United States of America,Listed,https://www.mpowerfinancing.com/get-a-loan/schools-we-support#schools ,"STEM, Healthcare & MBA (Within 2 yrs of UG)"
Mpower,University of Maryland - Baltimore County,United States of America,Listed,https://www.mpowerfinancing.com/get-a-loan/schools-we-support#schools ,"STEM, Healthcare & MBA (Within 2 yrs of UG)"
Mpower,University of Maryland - College Park,United States of America,Listed,https://www.mpowerfinancing.com/get-a-loan/schools-we-support#schools ,"STEM, Healthcare & MBA (Within 2 yrs of UG)"
Mpower,University of Massachusetts Medical School,United States of America,Listed,https://www.mpowerfinancing.com/get-a-loan/schools-we-support#schools ,"STEM, Healthcare & MBA (Within 2 yrs of UG)"
Mpower,University of Massachusetts Boston,United States of America,Listed,https://www.mpowerfinancing.com/get-a-loan/schools-we-support#schools ,"STEM, Healthcare & MBA (Within 2 yrs of UG)"
Mpower,University of Massachusetts Lowell,United States of America,Listed,https://www.mpowerfinancing.com/get-a-loan/schools-we-support#schools ,"STEM, Healthcare & MBA (Within 2 yrs of UG)"
Mpower,University of Miami,United States of America,Listed,https://www.mpowerfinancing.com/get-a-loan/schools-we-support#schools ,"STEM, Healthcare & MBA (Within 2 yrs of UG)"
Mpower,University of Michigan - Ann Arbor,United States of America,Listed,https://www.mpowerfinancing.com/get-a-loan/schools-we-support#schools ,"STEM, Healthcare & MBA (Within 2 yrs of UG)"
Mpower,University of Michigan-Dearborn,United States of America,Listed,https://www.mpowerfinancing.com/get-a-loan/schools-we-support#schools ,"STEM, Healthcare & MBA (Within 2 yrs of UG)"
Mpower,University of Minnesota - Twin Cities,United States of America,Listed,https://www.mpowerfinancing.com/get-a-loan/schools-we-support#schools ,"STEM, Healthcare & MBA (Within 2 yrs of UG)"
Mpower,University of Missouri - Columbia,United States of America,Listed,https://www.mpowerfinancing.com/get-a-loan/schools-we-support#schools ,"STEM, Healthcare & MBA (Within 2 yrs of UG)"
Mpower,University of Missouri-Kansas City,United States of America,Listed,https://www.mpowerfinancing.com/get-a-loan/schools-we-support#schools ,"STEM, Healthcare & MBA (Within 2 yrs of UG)"
Mpower,University of Missouri-St Louis,United States of America,Listed,https://www.mpowerfinancing.com/get-a-loan/schools-we-support#schools ,"STEM, Healthcare & MBA (Within 2 yrs of UG)"
Mpower,University of Mount Union,United States of America,Listed,https://www.mpowerfinancing.com/get-a-loan/schools-we-support#schools ,"STEM, Healthcare & MBA (Within 2 yrs of UG)"
Mpower,University of Nebraska Medical Center,United States of America,Listed,https://www.mpowerfinancing.com/get-a-loan/schools-we-support#schools ,"STEM, Healthcare & MBA (Within 2 yrs of UG)"
Mpower,University of Nebraska-Lincoln,United States of America,Listed,https://www.mpowerfinancing.com/get-a-loan/schools-we-support#schools ,"STEM, Healthcare & MBA (Within 2 yrs of UG)"
Mpower,University of Nevada-Reno,United States of America,Listed,https://www.mpowerfinancing.com/get-a-loan/schools-we-support#schools ,"STEM, Healthcare & MBA (Within 2 yrs of UG)"
Mpower,University of New England,United States of America,Listed,https://www.mpowerfinancing.com/get-a-loan/schools-we-support#schools ,"STEM, Healthcare & MBA (Within 2 yrs of UG)"
Mpower,University of New Hampshire,United States of America,Listed,https://www.mpowerfinancing.com/get-a-loan/schools-we-support#schools ,"STEM, Healthcare & MBA (Within 2 yrs of UG)"
Mpower,University of New Haven,United States of America,Listed,https://www.mpowerfinancing.com/get-a-loan/schools-we-support#schools ,"STEM, Healthcare & MBA (Within 2 yrs of UG)"
Mpower,University of North Carolina at Chapel Hill,United States of America,Listed,https://www.mpowerfinancing.com/get-a-loan/schools-we-support#schools ,"STEM, Healthcare & MBA (Within 2 yrs of UG)"
Mpower,University of North Carolina at Charlotte,United States of America,Listed,https://www.mpowerfinancing.com/get-a-loan/schools-we-support#schools ,"STEM, Healthcare & MBA (Within 2 yrs of UG)"
Mpower,University of North Carolina at Greensboro,United States of America,Listed,https://www.mpowerfinancing.com/get-a-loan/schools-we-support#schools ,"STEM, Healthcare & MBA (Within 2 yrs of UG)"
Mpower,University of North Carolina Wilmington,United States of America,Listed,https://www.mpowerfinancing.com/get-a-loan/schools-we-support#schools ,"STEM, Healthcare & MBA (Within 2 yrs of UG)"
Mpower,University of North Dakota,United States of America,Listed,https://www.mpowerfinancing.com/get-a-loan/schools-we-support#schools ,"STEM, Healthcare & MBA (Within 2 yrs of UG)"
Mpower,University of North Florida,United States of America,Listed,https://www.mpowerfinancing.com/get-a-loan/schools-we-support#schools ,"STEM, Healthcare & MBA (Within 2 yrs of UG)"
Mpower,University of North Texas,United States of America,Listed,https://www.mpowerfinancing.com/get-a-loan/schools-we-support#schools ,"STEM, Healthcare & MBA (Within 2 yrs of UG)"
Mpower,University of North Texas Health Science Center at Fort Worth,United States of America,Listed,https://www.mpowerfinancing.com/get-a-loan/schools-we-support#schools ,"STEM, Healthcare & MBA (Within 2 yrs of UG)"
Mpower,University of Northern Iowa,United States of America,Listed,https://www.mpowerfinancing.com/get-a-loan/schools-we-support#schools ,"STEM, Healthcare & MBA (Within 2 yrs of UG)"
Mpower,University of Notre Dame,United States of America,Listed,https://www.mpowerfinancing.com/get-a-loan/schools-we-support#schools ,"STEM, Healthcare & MBA (Within 2 yrs of UG)"
Mpower,University of Oklahoma,United States of America,Listed,https://www.mpowerfinancing.com/get-a-loan/schools-we-support#schools ,"STEM, Healthcare & MBA (Within 2 yrs of UG)"
Mpower,University of Oregon,United States of America,Listed,https://www.mpowerfinancing.com/get-a-loan/schools-we-support#schools ,"STEM, Healthcare & MBA (Within 2 yrs of UG)"
Mpower,University of Pennsylvania,United States of America,Listed,https://www.mpowerfinancing.com/get-a-loan/schools-we-support#schools ,"STEM, Healthcare & MBA (Within 2 yrs of UG)"
Mpower,University of Pittsburgh,United States of America,Listed,https://www.mpowerfinancing.com/get-a-loan/schools-we-support#schools ,"STEM, Healthcare & MBA (Within 2 yrs of UG)"
Mpower,University of Portland,United States of America,Listed,https://www.mpowerfinancing.com/get-a-loan/schools-we-support#schools ,"STEM, Healthcare & MBA (Within 2 yrs of UG)"
Mpower,University of Puerto Rico-Medical Sciences,United States of America,Listed,https://www.mpowerfinancing.com/get-a-loan/schools-we-support#schools ,"STEM, Healthcare & MBA (Within 2 yrs of UG)"
Mpower,University of Rhode Island,United States of America,Listed,https://www.mpowerfinancing.com/get-a-loan/schools-we-support#schools ,"STEM, Healthcare & MBA (Within 2 yrs of UG)"
Mpower,University of Richmond,United States of America,Listed,https://www.mpowerfinancing.com/get-a-loan/schools-we-support#schools ,"STEM, Healthcare & MBA (Within 2 yrs of UG)"
Mpower,University of Rochester,United States of America,Listed,https://www.mpowerfinancing.com/get-a-loan/schools-we-support#schools ,"STEM, Healthcare & MBA (Within 2 yrs of UG)"
Mpower,University of Saint Joseph,United States of America,Listed,https://www.mpowerfinancing.com/get-a-loan/schools-we-support#schools ,"STEM, Healthcare & MBA (Within 2 yrs of UG)"
Mpower,University of San Diego,United States of America,Listed,https://www.mpowerfinancing.com/get-a-loan/schools-we-support#schools ,"STEM, Healthcare & MBA (Within 2 yrs of UG)"
Mpower,University of San Francisco,United States of America,Listed,https://www.mpowerfinancing.com/get-a-loan/schools-we-support#schools ,"STEM, Healthcare & MBA (Within 2 yrs of UG)"
Mpower,University of Scranton,United States of America,Listed,https://www.mpowerfinancing.com/get-a-loan/schools-we-support#schools ,"STEM, Healthcare & MBA (Within 2 yrs of UG)"
Mpower,University of South Carolina - Columbia,United States of America,Listed,https://www.mpowerfinancing.com/get-a-loan/schools-we-support#schools ,"STEM, Healthcare & MBA (Within 2 yrs of UG)"
Mpower,University of South Dakota,United States of America,Listed,https://www.mpowerfinancing.com/get-a-loan/schools-we-support#schools ,"STEM, Healthcare & MBA (Within 2 yrs of UG)"
Mpower,University of South Florida,United States of America,Listed,https://www.mpowerfinancing.com/get-a-loan/schools-we-support#schools ,"STEM, Healthcare & MBA (Within 2 yrs of UG)"
Mpower,University of St Thomas - Houston,United States of America,Listed,https://www.mpowerfinancing.com/get-a-loan/schools-we-support#schools ,"STEM, Healthcare & MBA (Within 2 yrs of UG)"
Mpower,University of St Thomas - Saint Paul MN,United States of America,Listed,https://www.mpowerfinancing.com/get-a-loan/schools-we-support#schools ,"STEM, Healthcare & MBA (Within 2 yrs of UG)"
Mpower,University of Tennessee - Knoxville,United States of America,Listed,https://www.mpowerfinancing.com/get-a-loan/schools-we-support#schools ,"STEM, Healthcare & MBA (Within 2 yrs of UG)"
Mpower,University of Texas at Austin,United States of America,Listed,https://www.mpowerfinancing.com/get-a-loan/schools-we-support#schools ,"STEM, Healthcare & MBA (Within 2 yrs of UG)"
Mpower,University of Texas Southwestern Medical Center at Dallas,United States of America,Listed,https://www.mpowerfinancing.com/get-a-loan/schools-we-support#schools ,"STEM, Healthcare & MBA (Within 2 yrs of UG)"
Mpower,University of the Incarnate Word,United States of America,Listed,https://www.mpowerfinancing.com/get-a-loan/schools-we-support#schools ,"STEM, Healthcare & MBA (Within 2 yrs of UG)"
Mpower,University of the Pacific,United States of America,Listed,https://www.mpowerfinancing.com/get-a-loan/schools-we-support#schools ,"STEM, Healthcare & MBA (Within 2 yrs of UG)"
Mpower,University of the Potomac,United States of America,Listed,https://www.mpowerfinancing.com/get-a-loan/schools-we-support#schools ,"STEM, Healthcare & MBA (Within 2 yrs of UG)"
Mpower,University of the Sciences,United States of America,Listed,https://www.mpowerfinancing.com/get-a-loan/schools-we-support#schools ,"STEM, Healthcare & MBA (Within 2 yrs of UG)"
Mpower,University of Tulsa,United States of America,Listed,https://www.mpowerfinancing.com/get-a-loan/schools-we-support#schools ,"STEM, Healthcare & MBA (Within 2 yrs of UG)"
Mpower,University of Vermont,United States of America,Listed,https://www.mpowerfinancing.com/get-a-loan/schools-we-support#schools ,"STEM, Healthcare & MBA (Within 2 yrs of UG)"
Mpower,University of Virginia,United States of America,Listed,https://www.mpowerfinancing.com/get-a-loan/schools-we-support#schools ,"STEM, Healthcare & MBA (Within 2 yrs of UG)"
Mpower,University of Washington- Seattle,United States of America,Listed,https://www.mpowerfinancing.com/get-a-loan/schools-we-support#schools ,"STEM, Healthcare & MBA (Within 2 yrs of UG)"
Mpower,University of Washington-Bothell Campus,United States of America,Listed,https://www.mpowerfinancing.com/get-a-loan/schools-we-support#schools ,"STEM, Healthcare & MBA (Within 2 yrs of UG)"
Mpower,University of Washington-Tacoma Campus,United States of America,Listed,https://www.mpowerfinancing.com/get-a-loan/schools-we-support#schools ,"STEM, Healthcare & MBA (Within 2 yrs of UG)"
Mpower,University of Wyoming,United States of America,Listed,https://www.mpowerfinancing.com/get-a-loan/schools-we-support#schools ,"STEM, Healthcare & MBA (Within 2 yrs of UG)"
Mpower,Utah College of Dental Hygiene,United States of America,Listed,https://www.mpowerfinancing.com/get-a-loan/schools-we-support#schools ,"STEM, Healthcare & MBA (Within 2 yrs of UG)"
Mpower,Utah State University,United States of America,Listed,https://www.mpowerfinancing.com/get-a-loan/schools-we-support#schools ,"STEM, Healthcare & MBA (Within 2 yrs of UG)"
Mpower,Valparaiso University,United States of America,Listed,https://www.mpowerfinancing.com/get-a-loan/schools-we-support#schools ,"STEM, Healthcare & MBA (Within 2 yrs of UG)"
Mpower,Vanderbilt University,United States of America,Listed,https://www.mpowerfinancing.com/get-a-loan/schools-we-support#schools ,"STEM, Healthcare & MBA (Within 2 yrs of UG)"
Mpower,Vassar College,United States of America,Listed,https://www.mpowerfinancing.com/get-a-loan/schools-we-support#schools ,"STEM, Healthcare & MBA (Within 2 yrs of UG)"
Mpower,Villanova University,United States of America,Listed,https://www.mpowerfinancing.com/get-a-loan/schools-we-support#schools ,"STEM, Healthcare & MBA (Within 2 yrs of UG)"
Mpower,Virginia Commonwealth University,United States of America,Listed,https://www.mpowerfinancing.com/get-a-loan/schools-we-support#schools ,"STEM, Healthcare & MBA (Within 2 yrs of UG)"
Mpower,Virginia Polytechnic Institute and State University,United States of America,Listed,https://www.mpowerfinancing.com/get-a-loan/schools-we-support#schools ,"STEM, Healthcare & MBA (Within 2 yrs of UG)"
Mpower,Wake Forest University,United States of America,Listed,https://www.mpowerfinancing.com/get-a-loan/schools-we-support#schools ,"STEM, Healthcare & MBA (Within 2 yrs of UG)"
Mpower,Washington and Lee University,United States of America,Listed,https://www.mpowerfinancing.com/get-a-loan/schools-we-support#schools ,"STEM, Healthcare & MBA (Within 2 yrs of UG)"
Mpower,Washington State University,United States of America,Listed,https://www.mpowerfinancing.com/get-a-loan/schools-we-support#schools ,"STEM, Healthcare & MBA (Within 2 yrs of UG)"
Mpower,Washington University in St Louis,United States of America,Listed,https://www.mpowerfinancing.com/get-a-loan/schools-we-support#schools ,"STEM, Healthcare & MBA (Within 2 yrs of UG)"
Mpower,Wayne State University,United States of America,Listed,https://www.mpowerfinancing.com/get-a-loan/schools-we-support#schools ,"STEM, Healthcare & MBA (Within 2 yrs of UG)"
Mpower,Webster University,United States of America,Listed,https://www.mpowerfinancing.com/get-a-loan/schools-we-support#schools ,"STEM, Healthcare & MBA (Within 2 yrs of UG)"
Mpower,Wellesley College,United States of America,Listed,https://www.mpowerfinancing.com/get-a-loan/schools-we-support#schools ,"STEM, Healthcare & MBA (Within 2 yrs of UG)"
Mpower,Wesleyan University,United States of America,Listed,https://www.mpowerfinancing.com/get-a-loan/schools-we-support#schools ,"STEM, Healthcare & MBA (Within 2 yrs of UG)"
Mpower,Western University of Health Sciences,United States of America,Listed,https://www.mpowerfinancing.com/get-a-loan/schools-we-support#schools ,"STEM, Healthcare & MBA (Within 2 yrs of UG)"
Mpower,Western Washington University,United States of America,Listed,https://www.mpowerfinancing.com/get-a-loan/schools-we-support#schools ,"STEM, Healthcare & MBA (Within 2 yrs of UG)"
Mpower,Whitman College,United States of America,Listed,https://www.mpowerfinancing.com/get-a-loan/schools-we-support#schools ,"STEM, Healthcare & MBA (Within 2 yrs of UG)"
Mpower,Whitworth University,United States of America,Listed,https://www.mpowerfinancing.com/get-a-loan/schools-we-support#schools ,"STEM, Healthcare & MBA (Within 2 yrs of UG)"
Mpower,Wichita State University,United States of America,Listed,https://www.mpowerfinancing.com/get-a-loan/schools-we-support#schools ,"STEM, Healthcare & MBA (Within 2 yrs of UG)"
Mpower,Widener University - Main Campus,United States of America,Listed,https://www.mpowerfinancing.com/get-a-loan/schools-we-support#schools ,"STEM, Healthcare & MBA (Within 2 yrs of UG)"
Mpower,Wilkes University,United States of America,Listed,https://www.mpowerfinancing.com/get-a-loan/schools-we-support#schools ,"STEM, Healthcare & MBA (Within 2 yrs of UG)"
Mpower,William Jessup University,United States of America,Listed,https://www.mpowerfinancing.com/get-a-loan/schools-we-support#schools ,"STEM, Healthcare & MBA (Within 2 yrs of UG)"
Mpower,Williams College,United States of America,Listed,https://www.mpowerfinancing.com/get-a-loan/schools-we-support#schools ,"STEM, Healthcare & MBA (Within 2 yrs of UG)"
Mpower,Worcester Polytechnic Institute,United States of America,Listed,https://www.mpowerfinancing.com/get-a-loan/schools-we-support#schools ,"STEM, Healthcare & MBA (Within 2 yrs of UG)"
Mpower,Yale University,United States of America,Listed,https://www.mpowerfinancing.com/get-a-loan/schools-we-support#schools ,"STEM, Healthcare & MBA (Within 2 yrs of UG)"
Mpower,University of Ottawa,Canada,Listed,https://www.mpowerfinancing.com/get-a-loan/schools-we-support#schools ,"STEM, Healthcare & MBA (Within 2 yrs of UG)"
Mpower,University of Toronto,Canada,Listed,https://www.mpowerfinancing.com/get-a-loan/schools-we-support#schools ,"STEM, Healthcare & MBA (Within 2 yrs of UG)"
Mpower,Brock University,Canada,Listed,https://www.mpowerfinancing.com/get-a-loan/schools-we-support#schools ,"STEM, Healthcare & MBA (Within 2 yrs of UG)"
Mpower,Carleton University,Canada,Listed,https://www.mpowerfinancing.com/get-a-loan/schools-we-support#schools ,"STEM, Healthcare & MBA (Within 2 yrs of UG)"
Mpower,Dalhousie University,Canada,Listed,https://www.mpowerfinancing.com/get-a-loan/schools-we-support#schools ,"STEM, Healthcare & MBA (Within 2 yrs of UG)"
Mpower,Lakehead University,Canada,Listed,https://www.mpowerfinancing.com/get-a-loan/schools-we-support#schools ,"STEM, Healthcare & MBA (Within 2 yrs of UG)"
Mpower,McMaster University,Canada,Listed,https://www.mpowerfinancing.com/get-a-loan/schools-we-support#schools ,"STEM, Healthcare & MBA (Within 2 yrs of UG)"
Mpower,Northeastern University-Toronto,Canada,Listed,https://www.mpowerfinancing.com/get-a-loan/schools-we-support#schools ,"STEM, Healthcare & MBA (Within 2 yrs of UG)"
Mpower,Northeastern University-Vancouver,Canada,Listed,https://www.mpowerfinancing.com/get-a-loan/schools-we-support#schools ,"STEM, Healthcare & MBA (Within 2 yrs of UG)"
Mpower,Queens University at Kingston,Canada,Listed,https://www.mpowerfinancing.com/get-a-loan/schools-we-support#schools ,"STEM, Healthcare & MBA (Within 2 yrs of UG)"
Mpower,Simon Fraser University,Canada,Listed,https://www.mpowerfinancing.com/get-a-loan/schools-we-support#schools ,"STEM, Healthcare & MBA (Within 2 yrs of UG)"
Mpower,Trent University,Canada,Listed,https://www.mpowerfinancing.com/get-a-loan/schools-we-support#schools ,"STEM, Healthcare & MBA (Within 2 yrs of UG)"
Mpower,University of Alberta,Canada,Listed,https://www.mpowerfinancing.com/get-a-loan/schools-we-support#schools ,"STEM, Healthcare & MBA (Within 2 yrs of UG)"
Mpower,University Of British Columbia,Canada,Listed,https://www.mpowerfinancing.com/get-a-loan/schools-we-support#schools ,"STEM, Healthcare & MBA (Within 2 yrs of UG)"
Mpower,University of Calgary,Canada,Listed,https://www.mpowerfinancing.com/get-a-loan/schools-we-support#schools ,"STEM, Healthcare & MBA (Within 2 yrs of UG)"
Mpower,University of Guelph,Canada,Listed,https://www.mpowerfinancing.com/get-a-loan/schools-we-support#schools ,"STEM, Healthcare & MBA (Within 2 yrs of UG)"
Mpower,University of Lethbridge,Canada,Listed,https://www.mpowerfinancing.com/get-a-loan/schools-we-support#schools ,"STEM, Healthcare & MBA (Within 2 yrs of UG)"
Mpower,University of Manitoba,Canada,Listed,https://www.mpowerfinancing.com/get-a-loan/schools-we-support#schools ,"STEM, Healthcare & MBA (Within 2 yrs of UG)"
Mpower,University of New Brunswick,Canada,Listed,https://www.mpowerfinancing.com/get-a-loan/schools-we-support#schools ,"STEM, Healthcare & MBA (Within 2 yrs of UG)"
Mpower,University of Saskatchewan,Canada,Listed,https://www.mpowerfinancing.com/get-a-loan/schools-we-support#schools ,"STEM, Healthcare & MBA (Within 2 yrs of UG)"
Mpower,University of Waterloo,Canada,Listed,https://www.mpowerfinancing.com/get-a-loan/schools-we-support#schools ,"STEM, Healthcare & MBA (Within 2 yrs of UG)"
Mpower,University of Windsor,Canada,Listed,https://www.mpowerfinancing.com/get-a-loan/schools-we-support#schools ,"STEM, Healthcare & MBA (Within 2 yrs of UG)"
Mpower,Western University - University of Western Ontario,Canada,Listed,https://www.mpowerfinancing.com/get-a-loan/schools-we-support#schools ,"STEM, Healthcare & MBA (Within 2 yrs of UG)"
Mpower,Wilfrid Laurier University,Canada,Listed,https://www.mpowerfinancing.com/get-a-loan/schools-we-support#schools ,"STEM, Healthcare & MBA (Within 2 yrs of UG)"
Mpower,York University,Canada,Listed,https://www.mpowerfinancing.com/get-a-loan/schools-we-support#schools ,"STEM, Healthcare & MBA (Within 2 yrs of UG)"
Leapfinance,Alfred University,United States of America,Listed,https://leapfinance.com/courses,
Leapfinance,Arizona State University,United States of America,Listed,https://leapfinance.com/courses,
Leapfinance,Binghamton University,United States of America,Listed,https://leapfinance.com/courses,
Leapfinance,Boston University,United States of America,Listed,https://leapfinance.com/courses,
Leapfinance,Brandeis University,United States of America,Listed,https://leapfinance.com/courses,
Leapfinance,Brigham Young University,United States of America,Listed,https://leapfinance.com/courses,
Leapfinance,Clarkson University,United States of America,Listed,https://leapfinance.com/courses,
Leapfinance,Columbia University,United States of America,Listed,https://leapfinance.com/courses,
Leapfinance,Cornell University,United States of America,Listed,https://leapfinance.com/courses,
Leapfinance,DePaul University,United States of America,Listed,https://leapfinance.com/courses,
Leapfinance,Duke University,United States of America,Listed,https://leapfinance.com/courses,
Leapfinance,Embry-Riddle Aeronautical University,United States of America,Listed,https://leapfinance.com/courses,
Leapfinance,Emory University,United States of America,Listed,https://leapfinance.com/courses,
Leapfinance,Florida Atlantic University,United States of America,Listed,https://leapfinance.com/courses,
Leapfinance,Florida International University,United States of America,Listed,https://leapfinance.com/courses,
Leapfinance,Florida State University,United States of America,Listed,https://leapfinance.com/courses,
Leapfinance,Fordham University,United States of America,Listed,https://leapfinance.com/courses,
Leapfinance,George Mason University,United States of America,Listed,https://leapfinance.com/courses,
Leapfinance,Georgia Institute of Technology,United States of America,Listed,https://leapfinance.com/courses,
Leapfinance,Georgia State University,United States of America,Listed,https://leapfinance.com/courses,
Leapfinance,Harvard University,United States of America,Listed,https://leapfinance.com/courses,
Leapfinance,Illinois Institute of Technology,United States of America,Listed,https://leapfinance.com/courses,
Leapfinance,Illinois State University,United States of America,Listed,https://leapfinance.com/courses,
Leapfinance,Johns Hopkins University,United States of America,Listed,https://leapfinance.com/courses,
Leapfinance,Lamar University,United States of America,Listed,https://leapfinance.com/courses,
Leapfinance,Marquette University,United States of America,Listed,https://leapfinance.com/courses,
Leapfinance,Massachusetts Institute of Technology,United States of America,Listed,https://leapfinance.com/courses,
Leapfinance,New Jersey Institute of Technology,United States of America,Listed,https://leapfinance.com/courses,
Leapfinance,New York University,United States of America,Listed,https://leapfinance.com/courses,
Leapfinance,North Carolina A&T State University,United States of America,Listed,https://leapfinance.com/courses,
Leapfinance,North Carolina State University,United States of America,Listed,https://leapfinance.com/courses,
Leapfinance,Northeastern University,United States of America,Listed,https://leapfinance.com/courses,
Leapfinance,Northern Illinois University,United States of America,Listed,https://leapfinance.com/courses,
Leapfinance,Northwestern University,United States of America,Listed,https://leapfinance.com/courses,
Leapfinance,Old Dominion University,United States of America,Listed,https://leapfinance.com/courses,
Leapfinance,Princeton University,United States of America,Listed,https://leapfinance.com/courses,
Leapfinance,Rensselaer Polytechnic Institute,United States of America,Listed,https://leapfinance.com/courses,
Leapfinance,Rochester Institute of Technology,United States of America,Listed,https://leapfinance.com/courses,
Leapfinance,Rutgers University,United States of America,Listed,https://leapfinance.com/courses,
Leapfinance,SUNY College of Environmental Science and Forestry,United States of America,Listed,https://leapfinance.com/courses,
Leapfinance,SUNY at Albany,United States of America,Listed,https://leapfinance.com/courses,
Leapfinance,Southern Illinois University,United States of America,Listed,https://leapfinance.com/courses,
Leapfinance,Southern Methodist University,United States of America,Listed,https://leapfinance.com/courses,
Leapfinance,Stevens Institute of Technology,United States of America,Listed,https://leapfinance.com/courses,
Leapfinance,Stony Brook University,United States of America,Listed,https://leapfinance.com/courses,
Leapfinance,Syracuse University,United States of America,Listed,https://leapfinance.com/courses,
Leapfinance,Texas A&M University,United States of America,Listed,https://leapfinance.com/courses,
Leapfinance,Thunderbird School of Global Management,United States of America,Listed,https://leapfinance.com/courses,
Leapfinance,Tufts University,United States of America,Listed,https://leapfinance.com/courses,
Leapfinance,University at Buffalo,United States of America,Listed,https://leapfinance.com/courses,
Leapfinance,University of Arizona,United States of America,Listed,https://leapfinance.com/courses,
Leapfinance,University of Central Florida,United States of America,Listed,https://leapfinance.com/courses,
Leapfinance,University of Chicago,United States of America,Listed,https://leapfinance.com/courses,
Leapfinance,University of Florida,United States of America,Listed,https://leapfinance.com/courses,
Leapfinance,University of Georgia,United States of America,Listed,https://leapfinance.com/courses,
Leapfinance,University of Illinois,United States of America,Listed,https://leapfinance.com/courses,
Leapfinance,University of Massachusetts Amherst,United States of America,Listed,https://leapfinance.com/courses,
Leapfinance,University of Miami,United States of America,Listed,https://leapfinance.com/courses,
Leapfinance,University of North Carolina,United States of America,Listed,https://leapfinance.com/courses,
Leapfinance,University of North Texas,United States of America,Listed,https://leapfinance.com/courses,
Leapfinance,University of Rochester,United States of America,Listed,https://leapfinance.com/courses,
Leapfinance,University of South Florida,United States of America,Listed,https://leapfinance.com/courses,
Leapfinance,University of Utah,United States of America,Listed,https://leapfinance.com/courses,
Leapfinance,University of Virginia,United States of America,Listed,https://leapfinance.com/courses,
Leapfinance,University of Wisconsin-Madison,United States of America,Listed,https://leapfinance.com/courses,
Leapfinance,Utah State University,United States of America,Listed,https://leapfinance.com/courses,
Leapfinance,Virginia Commonwealth University,United States of America,Listed,https://leapfinance.com/courses,
Leapfinance,Virginia Polytechnic Institute,United States of America,Listed,https://leapfinance.com/courses,
Leapfinance,Wake Forest University,United States of America,Listed,https://leapfinance.com/courses,
Leapfinance,Worcester Polytechnic Institute,United States of America,Listed,https://leapfinance.com/courses,
Prodigy,Australian Catholic University,Australia,Listed,https://prodigyfinance.com/where-can-i-study/,
Prodigy,Australian National University,Australia,Listed,https://prodigyfinance.com/where-can-i-study/,
Prodigy,Charles Sturt University,Australia,Listed,https://prodigyfinance.com/where-can-i-study/,
Prodigy,Deakin University,Australia,Listed,https://prodigyfinance.com/where-can-i-study/,
Prodigy,Edith Cowan University,Australia,Listed,https://prodigyfinance.com/where-can-i-study/,
Prodigy,Griffith University,Australia,Listed,https://prodigyfinance.com/where-can-i-study/,
Prodigy,James Cook University,Australia,Listed,https://prodigyfinance.com/where-can-i-study/,
Prodigy,La Trobe University,Australia,Listed,https://prodigyfinance.com/where-can-i-study/,
Prodigy,Macquarie University,Australia,Listed,https://prodigyfinance.com/where-can-i-study/,
Prodigy,Monash University,Australia,Listed,https://prodigyfinance.com/where-can-i-study/,
Prodigy,Queensland University of Technology,Australia,Listed,https://prodigyfinance.com/where-can-i-study/,
Prodigy,Swinburne University of Technology,Australia,Listed,https://prodigyfinance.com/where-can-i-study/,
Prodigy,University of Queensland,Australia,Listed,https://prodigyfinance.com/where-can-i-study/,
Prodigy,University of Canberra,Australia,Listed,https://prodigyfinance.com/where-can-i-study/,
Prodigy,University of New England - Australia,Australia,Listed,https://prodigyfinance.com/where-can-i-study/,
Prodigy,University of Sydney,Australia,Listed,https://prodigyfinance.com/where-can-i-study/,
Prodigy,University of Tasmania,Australia,Listed,https://prodigyfinance.com/where-can-i-study/,
Prodigy,University of Technology Sydney,Australia,Listed,https://prodigyfinance.com/where-can-i-study/,
Prodigy,University of Western Australia,Australia,Listed,https://prodigyfinance.com/where-can-i-study/,
Prodigy,University of Wollongong,Australia,Listed,https://prodigyfinance.com/where-can-i-study/,
Prodigy,Western Sydney University,Australia,Listed,https://prodigyfinance.com/where-can-i-study/,
Prodigy,Brock University,Canada,Listed,https://prodigyfinance.com/where-can-i-study/,
Prodigy,Carleton University,Canada,Listed,https://prodigyfinance.com/where-can-i-study/,
Prodigy,Lakehead University,Canada,Listed,https://prodigyfinance.com/where-can-i-study/,
Prodigy,Laval University (University Laval),Canada,Listed,https://prodigyfinance.com/where-can-i-study/,
Prodigy,McGill University,Canada,Listed,https://prodigyfinance.com/where-can-i-study/,
Prodigy,Northeastern University,Canada,Listed,https://prodigyfinance.com/where-can-i-study/,
Prodigy,Ontario Tech University,Canada,Listed,https://prodigyfinance.com/where-can-i-study/,
Prodigy,Toronto Metropolitan University (formerly Ryerson University),Canada,Listed,https://prodigyfinance.com/where-can-i-study/,
Prodigy,Trent University,Canada,Listed,https://prodigyfinance.com/where-can-i-study/,
Prodigy,University of Calgary,Canada,Listed,https://prodigyfinance.com/where-can-i-study/,
Prodigy,University of Guelph,Canada,Listed,https://prodigyfinance.com/where-can-i-study/,
Prodigy,University of Lethbridge,Canada,Listed,https://prodigyfinance.com/where-can-i-study/,
Prodigy,University of Montreal (University of Montreal),Canada,Listed,https://prodigyfinance.com/where-can-i-study/,
Prodigy,University of Sherbrooke (University of Sherbrooke),Canada,Listed,https://prodigyfinance.com/where-can-i-study/,
Prodigy,University of Toronto,Canada,Listed,https://prodigyfinance.com/where-can-i-study/,
Prodigy,University of Victoria,Canada,Listed,https://prodigyfinance.com/where-can-i-study/,
Prodigy,University of Waterloo,Canada,Listed,https://prodigyfinance.com/where-can-i-study/,
Prodigy,University of Windsor,Canada,Listed,https://prodigyfinance.com/where-can-i-study/,
Prodigy,Audencia Business School,France,Listed,https://prodigyfinance.com/where-can-i-study/,
Prodigy,EDHEC Business School,France,Listed,https://prodigyfinance.com/where-can-i-study/,
Prodigy,emlyon business school,France,Listed,https://prodigyfinance.com/where-can-i-study/,
Prodigy,ESCP Business School (formerly ESCP Europe),France,Listed,https://prodigyfinance.com/where-can-i-study/,
Prodigy,ESSEC Business School,France,Listed,https://prodigyfinance.com/where-can-i-study/,
Prodigy,HEC Paris,France,Listed,https://prodigyfinance.com/where-can-i-study/,
Prodigy,INSEAD,France,Listed,https://prodigyfinance.com/where-can-i-study/,
Prodigy,Montpellier Business School (MBS),France,Listed,https://prodigyfinance.com/where-can-i-study/,
Prodigy,Rennes School of Business,France,Listed,https://prodigyfinance.com/where-can-i-study/,
Prodigy,Aix-Marseille Graduate School of Management (IAE Aix-Marseille),France,Listed,https://prodigyfinance.com/where-can-i-study/,
Prodigy,University of Chicago,United States of America,Listed,https://prodigyfinance.com/where-can-i-study/,
Prodigy,Carl von Ossietzky University of Oldenburg,Germany,Listed,https://prodigyfinance.com/where-can-i-study/,
Prodigy,Constructor University,Germany,Listed,https://prodigyfinance.com/where-can-i-study/,
Prodigy,University of Tubingen,Germany,Listed,https://prodigyfinance.com/where-can-i-study/,
Prodigy,Goethe University Frankfurt,Germany,Listed,https://prodigyfinance.com/where-can-i-study/,
Prodigy,Hamburg University of Technology,Germany,Listed,https://prodigyfinance.com/where-can-i-study/,
Prodigy,Humboldt-Universitat zu Berlin,Germany,Listed,https://prodigyfinance.com/where-can-i-study/,
Prodigy,Johannes Gutenberg University of Mainz,Germany,Listed,https://prodigyfinance.com/where-can-i-study/,
Prodigy,Otto von Guericke University Magdeburg,Germany,Listed,https://prodigyfinance.com/where-can-i-study/,
Prodigy,University of Marburg,Germany,Listed,https://prodigyfinance.com/where-can-i-study/,
Prodigy,Saarland University,Germany,Listed,https://prodigyfinance.com/where-can-i-study/,
Prodigy,Technical University of Darmstadt,Germany,Listed,https://prodigyfinance.com/where-can-i-study/,
Prodigy,Technical University of Dresden,Germany,Listed,https://prodigyfinance.com/where-can-i-study/,
Prodigy,Technical University of Munich,Germany,Listed,https://prodigyfinance.com/where-can-i-study/,
Prodigy,University of Bayreuth,Germany,Listed,https://prodigyfinance.com/where-can-i-study/,
Prodigy,University of Bonn,Germany,Listed,https://prodigyfinance.com/where-can-i-study/,
Prodigy,University of Bremen,Germany,Listed,https://prodigyfinance.com/where-can-i-study/,
Prodigy,University of Cologne,Germany,Listed,https://prodigyfinance.com/where-can-i-study/,
Prodigy,University of Duisburg-Essen,Germany,Listed,https://prodigyfinance.com/where-can-i-study/,
Prodigy,University of Erlangen-Nuremberg,Germany,Listed,https://prodigyfinance.com/where-can-i-study/,
Prodigy,University of Hamburg,Germany,Listed,https://prodigyfinance.com/where-can-i-study/,
Prodigy,Leibniz University Hannover,Germany,Listed,https://prodigyfinance.com/where-can-i-study/,
Prodigy,University of Hohenheim,Germany,Listed,https://prodigyfinance.com/where-can-i-study/,
Prodigy,University of Kaiserslautern,Germany,Listed,https://prodigyfinance.com/where-can-i-study/,
Prodigy,University of Kassel,Germany,Listed,https://prodigyfinance.com/where-can-i-study/,
Prodigy,University of Kiel,Germany,Listed,https://prodigyfinance.com/where-can-i-study/,
Prodigy,University of Mannheim,Germany,Listed,https://prodigyfinance.com/where-can-i-study/,
Prodigy,University of Osnabruck,Germany,Listed,https://prodigyfinance.com/where-can-i-study/,
Prodigy,University of Paderborn,Germany,Listed,https://prodigyfinance.com/where-can-i-study/,
Prodigy,University of Potsdam,Germany,Listed,https://prodigyfinance.com/where-can-i-study/,
Prodigy,University of Regensburg,Germany,Listed,https://prodigyfinance.com/where-can-i-study/,
Prodigy,University of Siegen,Germany,Listed,https://prodigyfinance.com/where-can-i-study/,
Prodigy,University of Stuttgart,Germany,Listed,https://prodigyfinance.com/where-can-i-study/,
Prodigy,University of Trier,Germany,Listed,https://prodigyfinance.com/where-can-i-study/,
Prodigy,University of Wuppertal,Germany,Listed,https://prodigyfinance.com/where-can-i-study/,
Prodigy,Utrecht University,Netherlands,Listed,https://prodigyfinance.com/where-can-i-study/,
Prodigy,Heriot-Watt University,United Kingdom,Listed,https://prodigyfinance.com/where-can-i-study/,
Prodigy,London Business School,United Kingdom,Listed,https://prodigyfinance.com/where-can-i-study/,
Prodigy,University of Birmingham,United Kingdom,Listed,https://prodigyfinance.com/where-can-i-study/,
Prodigy,"Birkbeck, University of London",United Kingdom,Listed,https://prodigyfinance.com/where-can-i-study/,
Prodigy,Brunel University London,United Kingdom,Listed,https://prodigyfinance.com/where-can-i-study/,
Prodigy,Cardiff University,United Kingdom,Listed,https://prodigyfinance.com/where-can-i-study/,
Prodigy,"City, University of London (including Bayes Business School)",United Kingdom,Listed,https://prodigyfinance.com/where-can-i-study/,
Prodigy,Columbia University (UK Campus/Partnership),United Kingdom,Listed,https://prodigyfinance.com/where-can-i-study/,
Prodigy,Durham University,United Kingdom,Listed,https://prodigyfinance.com/where-can-i-study/,
Prodigy,ESCP Business School,United Kingdom,Listed,https://prodigyfinance.com/where-can-i-study/,
Prodigy,Heriot-Watt University,United Kingdom,Listed,https://prodigyfinance.com/where-can-i-study/,
Prodigy,Imperial College London,United Kingdom,Listed,https://prodigyfinance.com/where-can-i-study/,
Prodigy,Kings College London,United Kingdom,Listed,https://prodigyfinance.com/where-can-i-study/,
Prodigy,Lancaster University,United Kingdom,Listed,https://prodigyfinance.com/where-can-i-study/,
Prodigy,London Business School,United Kingdom,Listed,https://prodigyfinance.com/where-can-i-study/,
Prodigy,London School of Economics and Political Science,United Kingdom,Listed,https://prodigyfinance.com/where-can-i-study/,
Prodigy,Manchester Metropolitan University,United Kingdom,Listed,https://prodigyfinance.com/where-can-i-study/,
Prodigy,New York University (NYU) (UK Campus/Partnership),United Kingdom,Listed,https://prodigyfinance.com/where-can-i-study/,
Prodigy,Newcastle University,United Kingdom,Listed,https://prodigyfinance.com/where-can-i-study/,
Prodigy,Oxford Brookes University,United Kingdom,Listed,https://prodigyfinance.com/where-can-i-study/,
Prodigy,Queen Mary University of London,United Kingdom,Listed,https://prodigyfinance.com/where-can-i-study/,
Prodigy,Queens University Belfast,United Kingdom,Listed,https://prodigyfinance.com/where-can-i-study/,
Prodigy,"Royal Holloway, University of London",United Kingdom,Listed,https://prodigyfinance.com/where-can-i-study/,
Prodigy,Sheffield Hallam University,United Kingdom,Listed,https://prodigyfinance.com/where-can-i-study/,
Prodigy,Swansea University,United Kingdom,Listed,https://prodigyfinance.com/where-can-i-study/,
Prodigy,University of Edinburgh,United Kingdom,Listed,https://prodigyfinance.com/where-can-i-study/,
Prodigy,University of Manchester,United Kingdom,Listed,https://prodigyfinance.com/where-can-i-study/,
Prodigy,University College London,United Kingdom,Listed,https://prodigyfinance.com/where-can-i-study/,
Prodigy,University of Aberdeen,United Kingdom,Listed,https://prodigyfinance.com/where-can-i-study/,
Prodigy,University of Bath,United Kingdom,Listed,https://prodigyfinance.com/where-can-i-study/,
Prodigy,University of Birmingham,United Kingdom,Listed,https://prodigyfinance.com/where-can-i-study/,
Prodigy,University of Bristol,United Kingdom,Listed,https://prodigyfinance.com/where-can-i-study/,
Prodigy,University of Cambridge,United Kingdom,Listed,https://prodigyfinance.com/where-can-i-study/,
Prodigy,University of Chicago (UK Campus/Booth),United Kingdom,Listed,https://prodigyfinance.com/where-can-i-study/,
Prodigy,University of Dundee,United Kingdom,Listed,https://prodigyfinance.com/where-can-i-study/,
Prodigy,University of East Anglia,United Kingdom,Listed,https://prodigyfinance.com/where-can-i-study/,
Prodigy,University of Essex,United Kingdom,Listed,https://prodigyfinance.com/where-can-i-study/,
Prodigy,University of Exeter,United Kingdom,Listed,https://prodigyfinance.com/where-can-i-study/,
Prodigy,University of Glasgow,United Kingdom,Listed,https://prodigyfinance.com/where-can-i-study/,
Prodigy,University of Kent,United Kingdom,Listed,https://prodigyfinance.com/where-can-i-study/,
Prodigy,University of Leeds,United Kingdom,Listed,https://prodigyfinance.com/where-can-i-study/,
Prodigy,University of Leicester,United Kingdom,Listed,https://prodigyfinance.com/where-can-i-study/,
Prodigy,University of Liverpool,United Kingdom,Listed,https://prodigyfinance.com/where-can-i-study/,
Prodigy,University of Nottingham,United Kingdom,Listed,https://prodigyfinance.com/where-can-i-study/,
Prodigy,University of Oxford,United Kingdom,Listed,https://prodigyfinance.com/where-can-i-study/,
Prodigy,University of Plymouth,United Kingdom,Listed,https://prodigyfinance.com/where-can-i-study/,
Prodigy,University of Portsmouth,United Kingdom,Listed,https://prodigyfinance.com/where-can-i-study/,
Prodigy,University of Reading,United Kingdom,Listed,https://prodigyfinance.com/where-can-i-study/,
Prodigy,University of Sheffield,United Kingdom,Listed,https://prodigyfinance.com/where-can-i-study/,
Prodigy,University of Southampton,United Kingdom,Listed,https://prodigyfinance.com/where-can-i-study/,
Prodigy,University of St Andrews,United Kingdom,Listed,https://prodigyfinance.com/where-can-i-study/,
Prodigy,University of Strathclyde,United Kingdom,Listed,https://prodigyfinance.com/where-can-i-study/,
Prodigy,University of Surrey,United Kingdom,Listed,https://prodigyfinance.com/where-can-i-study/,
Prodigy,University of Sussex,United Kingdom,Listed,https://prodigyfinance.com/where-can-i-study/,
Prodigy,University of the West of England (UWE Bristol),United Kingdom,Listed,https://prodigyfinance.com/where-can-i-study/,
Prodigy,University of Warwick,United Kingdom,Listed,https://prodigyfinance.com/where-can-i-study/,
Prodigy,University of York,United Kingdom,Listed,https://prodigyfinance.com/where-can-i-study/,
Prodigy,American University,United States of America,Listed,https://prodigyfinance.com/where-can-i-study/,
Prodigy,Arizona State University,United States of America,Listed,https://prodigyfinance.com/where-can-i-study/,
Prodigy,Auburn University,United States of America,Listed,https://prodigyfinance.com/where-can-i-study/,
Prodigy,Baylor University,United States of America,Listed,https://prodigyfinance.com/where-can-i-study/,
Prodigy,Binghamton University - SUNY,United States of America,Listed,https://prodigyfinance.com/where-can-i-study/,
Prodigy,Boise State University,United States of America,Listed,https://prodigyfinance.com/where-can-i-study/,
Prodigy,Boston College,United States of America,Listed,https://prodigyfinance.com/where-can-i-study/,
Prodigy,Boston University,United States of America,Listed,https://prodigyfinance.com/where-can-i-study/,
Prodigy,Bowling Green State University,United States of America,Listed,https://prodigyfinance.com/where-can-i-study/,
Prodigy,Brandeis University,United States of America,Listed,https://prodigyfinance.com/where-can-i-study/,
Prodigy,Brigham Young University,United States of America,Listed,https://prodigyfinance.com/where-can-i-study/,
Prodigy,California Institute of Technology,United States of America,Listed,https://prodigyfinance.com/where-can-i-study/,
Prodigy,California State University - Long Beach,United States of America,Listed,https://prodigyfinance.com/where-can-i-study/,
Prodigy,Carnegie Mellon University,United States of America,Listed,https://prodigyfinance.com/where-can-i-study/,
Prodigy,Case Western Reserve University,United States of America,Listed,https://prodigyfinance.com/where-can-i-study/,
Prodigy,Central Michigan University,United States of America,Listed,https://prodigyfinance.com/where-can-i-study/,
Prodigy,Chapman University,United States of America,Listed,https://prodigyfinance.com/where-can-i-study/,
Prodigy,Clark University,United States of America,Listed,https://prodigyfinance.com/where-can-i-study/,
Prodigy,Clarkson University,United States of America,Listed,https://prodigyfinance.com/where-can-i-study/,
Prodigy,Clemson University,United States of America,Listed,https://prodigyfinance.com/where-can-i-study/,
Prodigy,College of William & Mary,United States of America,Listed,https://prodigyfinance.com/where-can-i-study/,
Prodigy,Colorado School of Mines,United States of America,Listed,https://prodigyfinance.com/where-can-i-study/,
Prodigy,Colorado State University,United States of America,Listed,https://prodigyfinance.com/where-can-i-study/,
Prodigy,Columbia University,United States of America,Listed,https://prodigyfinance.com/where-can-i-study/,
Prodigy,Cornell University,United States of America,Listed,https://prodigyfinance.com/where-can-i-study/,
Prodigy,CUNY - City College,United States of America,Listed,https://prodigyfinance.com/where-can-i-study/,
Prodigy,Dartmouth College,United States of America,Listed,https://prodigyfinance.com/where-can-i-study/,
Prodigy,DePaul University,United States of America,Listed,https://prodigyfinance.com/where-can-i-study/,
Prodigy,Drexel University,United States of America,Listed,https://prodigyfinance.com/where-can-i-study/,
Prodigy,Duke University,United States of America,Listed,https://prodigyfinance.com/where-can-i-study/,
Prodigy,Duquesne University,United States of America,Listed,https://prodigyfinance.com/where-can-i-study/,
Prodigy,Emory University,United States of America,Listed,https://prodigyfinance.com/where-can-i-study/,
Prodigy,Florida A&M University,United States of America,Listed,https://prodigyfinance.com/where-can-i-study/,
Prodigy,Florida Atlantic University,United States of America,Listed,https://prodigyfinance.com/where-can-i-study/,
Prodigy,Florida Institute of Technology,United States of America,Listed,https://prodigyfinance.com/where-can-i-study/,
Prodigy,Florida International University,United States of America,Listed,https://prodigyfinance.com/where-can-i-study/,
Prodigy,Florida State University,United States of America,Listed,https://prodigyfinance.com/where-can-i-study/,
Prodigy,Fordham University,United States of America,Listed,https://prodigyfinance.com/where-can-i-study/,
Prodigy,George Mason University,United States of America,Listed,https://prodigyfinance.com/where-can-i-study/,
Prodigy,George Washington University,United States of America,Listed,https://prodigyfinance.com/where-can-i-study/,
Prodigy,Georgetown University,United States of America,Listed,https://prodigyfinance.com/where-can-i-study/,
Prodigy,Georgia Institute of Technology,United States of America,Listed,https://prodigyfinance.com/where-can-i-study/,
Prodigy,Georgia State University,United States of America,Listed,https://prodigyfinance.com/where-can-i-study/,
Prodigy,Hampton University,United States of America,Listed,https://prodigyfinance.com/where-can-i-study/,
Prodigy,Harvard University,United States of America,Listed,https://prodigyfinance.com/where-can-i-study/,
Prodigy,Hofstra University,United States of America,Listed,https://prodigyfinance.com/where-can-i-study/,
Prodigy,Howard University,United States of America,Listed,https://prodigyfinance.com/where-can-i-study/,
Prodigy,Illinois Institute of Technology,United States of America,Listed,https://prodigyfinance.com/where-can-i-study/,
Prodigy,Indiana University,United States of America,Listed,https://prodigyfinance.com/where-can-i-study/,
Prodigy,Iowa State University,United States of America,Listed,https://prodigyfinance.com/where-can-i-study/,
Prodigy,Johns Hopkins University,United States of America,Listed,https://prodigyfinance.com/where-can-i-study/,
Prodigy,Kansas State University,United States of America,Listed,https://prodigyfinance.com/where-can-i-study/,
Prodigy,Kent State University,United States of America,Listed,https://prodigyfinance.com/where-can-i-study/,
Prodigy,La Salle University,United States of America,Listed,https://prodigyfinance.com/where-can-i-study/,
Prodigy,Lehigh University,United States of America,Listed,https://prodigyfinance.com/where-can-i-study/,
Prodigy,Lipscomb University,United States of America,Listed,https://prodigyfinance.com/where-can-i-study/,
Prodigy,Louisiana State University - Baton Rouge,United States of America,Listed,https://prodigyfinance.com/where-can-i-study/,
Prodigy,Louisiana Tech University,United States of America,Listed,https://prodigyfinance.com/where-can-i-study/,
Prodigy,Loyola University Chicago,United States of America,Listed,https://prodigyfinance.com/where-can-i-study/,
Prodigy,Marquette University,United States of America,Listed,https://prodigyfinance.com/where-can-i-study/,
Prodigy,Massachusetts Institute of Technology,United States of America,Listed,https://prodigyfinance.com/where-can-i-study/,
Prodigy,Michigan State University,United States of America,Listed,https://prodigyfinance.com/where-can-i-study/,
Prodigy,Michigan Technological University,United States of America,Listed,https://prodigyfinance.com/where-can-i-study/,
Prodigy,Middle Tennessee State University,United States of America,Listed,https://prodigyfinance.com/where-can-i-study/,
Prodigy,Mississippi State University,United States of America,Listed,https://prodigyfinance.com/where-can-i-study/,
Prodigy,Missouri University of Science & Technology,United States of America,Listed,https://prodigyfinance.com/where-can-i-study/,
Prodigy,Montana State University,United States of America,Listed,https://prodigyfinance.com/where-can-i-study/,
Prodigy,New Jersey Institute of Technology,United States of America,Listed,https://prodigyfinance.com/where-can-i-study/,
Prodigy,New Mexico State University,United States of America,Listed,https://prodigyfinance.com/where-can-i-study/,
Prodigy,New York University,United States of America,Listed,https://prodigyfinance.com/where-can-i-study/,
Prodigy,North Carolina A&T State University,United States of America,Listed,https://prodigyfinance.com/where-can-i-study/,
Prodigy,North Carolina State University,United States of America,Listed,https://prodigyfinance.com/where-can-i-study/,
Prodigy,North Dakota State University,United States of America,Listed,https://prodigyfinance.com/where-can-i-study/,
Prodigy,Northeastern University,United States of America,Listed,https://prodigyfinance.com/where-can-i-study/,
Prodigy,Northern Arizona University,United States of America,Listed,https://prodigyfinance.com/where-can-i-study/,
Prodigy,Northern Illinois University,United States of America,Listed,https://prodigyfinance.com/where-can-i-study/,
Prodigy,Northwestern University,United States of America,Listed,https://prodigyfinance.com/where-can-i-study/,
Prodigy,Nova Southeastern University,United States of America,Listed,https://prodigyfinance.com/where-can-i-study/,
Prodigy,Oakland University Rochester,United States of America,Listed,https://prodigyfinance.com/where-can-i-study/,
Prodigy,Ohio State University,United States of America,Listed,https://prodigyfinance.com/where-can-i-study/,
Prodigy,Ohio University,United States of America,Listed,https://prodigyfinance.com/where-can-i-study/,
Prodigy,Oklahoma State University,United States of America,Listed,https://prodigyfinance.com/where-can-i-study/,
Prodigy,Old Dominion University,United States of America,Listed,https://prodigyfinance.com/where-can-i-study/,
Prodigy,Oregon State University,United States of America,Listed,https://prodigyfinance.com/where-can-i-study/,
Prodigy,Pace University,United States of America,Listed,https://prodigyfinance.com/where-can-i-study/,
Prodigy,Pennsylvania State University,United States of America,Listed,https://prodigyfinance.com/where-can-i-study/,
Prodigy,Pepperdine University,United States of America,Listed,https://prodigyfinance.com/where-can-i-study/,
Prodigy,Portland State University,United States of America,Listed,https://prodigyfinance.com/where-can-i-study/,
Prodigy,Princeton University,United States of America,Listed,https://prodigyfinance.com/where-can-i-study/,
Prodigy,Purdue University,United States of America,Listed,https://prodigyfinance.com/where-can-i-study/,
Prodigy,Quinnipiac University,United States of America,Listed,https://prodigyfinance.com/where-can-i-study/,
Prodigy,Rensselaer Polytechnic Institute,United States of America,Listed,https://prodigyfinance.com/where-can-i-study/,
Prodigy,Rice University,United States of America,Listed,https://prodigyfinance.com/where-can-i-study/,
Prodigy,Rochester Institute of Technology,United States of America,Listed,https://prodigyfinance.com/where-can-i-study/,
Prodigy,Saint Louis University,United States of America,Listed,https://prodigyfinance.com/where-can-i-study/,
Prodigy,San Diego State University,United States of America,Listed,https://prodigyfinance.com/where-can-i-study/,
Prodigy,Santa Clara University,United States of America,Listed,https://prodigyfinance.com/where-can-i-study/,
Prodigy,Southern Illinois University - Carbondale,United States of America,Listed,https://prodigyfinance.com/where-can-i-study/,
Prodigy,Southern Methodist University,United States of America,Listed,https://prodigyfinance.com/where-can-i-study/,
Prodigy,St. Johns University,United States of America,Listed,https://prodigyfinance.com/where-can-i-study/,
Prodigy,Stanford University,United States of America,Listed,https://prodigyfinance.com/where-can-i-study/,
Prodigy,Stevens Institute of Technology,United States of America,Listed,https://prodigyfinance.com/where-can-i-study/,
Prodigy,Stony Brook University,United States of America,Listed,https://prodigyfinance.com/where-can-i-study/,
Prodigy,Syracuse University,United States of America,Listed,https://prodigyfinance.com/where-can-i-study/,
Prodigy,Temple University,United States of America,Listed,https://prodigyfinance.com/where-can-i-study/,
Prodigy,Tennessee Technological University,United States of America,Listed,https://prodigyfinance.com/where-can-i-study/,
Prodigy,Texas A&M University,United States of America,Listed,https://prodigyfinance.com/where-can-i-study/,
Prodigy,Texas Christian University,United States of America,Listed,https://prodigyfinance.com/where-can-i-study/,
Prodigy,Texas State University,United States of America,Listed,https://prodigyfinance.com/where-can-i-study/,
Prodigy,Texas Tech University,United States of America,Listed,https://prodigyfinance.com/where-can-i-study/,
Prodigy,The Catholic University of America,United States of America,Listed,https://prodigyfinance.com/where-can-i-study/,
Prodigy,Tufts University,United States of America,Listed,https://prodigyfinance.com/where-can-i-study/,
Prodigy,Tulane University,United States of America,Listed,https://prodigyfinance.com/where-can-i-study/,
Prodigy,University at Albany (SUNY),United States of America,Listed,https://prodigyfinance.com/where-can-i-study/,
Prodigy,University at Buffalo,United States of America,Listed,https://prodigyfinance.com/where-can-i-study/,
Prodigy,University of Alabama,United States of America,Listed,https://prodigyfinance.com/where-can-i-study/,
Prodigy,University of Alabama at Birmingham,United States of America,Listed,https://prodigyfinance.com/where-can-i-study/,
Prodigy,University of Alabama in Huntsville,United States of America,Listed,https://prodigyfinance.com/where-can-i-study/,
Prodigy,University of Arizona,United States of America,Listed,https://prodigyfinance.com/where-can-i-study/,
Prodigy,University of Arkansas,United States of America,Listed,https://prodigyfinance.com/where-can-i-study/,
Prodigy,University of California - Merced,United States of America,Listed,https://prodigyfinance.com/where-can-i-study/,
Prodigy,"University of California, Berkeley",United States of America,Listed,https://prodigyfinance.com/where-can-i-study/,
Prodigy,"University of California, Davis",United States of America,Listed,https://prodigyfinance.com/where-can-i-study/,
Prodigy,"University of California, Irvine",United States of America,Listed,https://prodigyfinance.com/where-can-i-study/,
Prodigy,University of California Los Angeles,United States of America,Listed,https://prodigyfinance.com/where-can-i-study/,
Prodigy,"University of California, Riverside",United States of America,Listed,https://prodigyfinance.com/where-can-i-study/,
Prodigy,"University of California, San Diego",United States of America,Listed,https://prodigyfinance.com/where-can-i-study/,
Prodigy,"University of California, Santa Barbara",United States of America,Listed,https://prodigyfinance.com/where-can-i-study/,
Prodigy,"University of California, Santa Cruz",United States of America,Listed,https://prodigyfinance.com/where-can-i-study/,
Prodigy,University of Central Florida,United States of America,Listed,https://prodigyfinance.com/where-can-i-study/,
Prodigy,University of Chicago,United States of America,Listed,https://prodigyfinance.com/where-can-i-study/,
Prodigy,University of Cincinnati,United States of America,Listed,https://prodigyfinance.com/where-can-i-study/,
Prodigy,University of Colorado - Boulder,United States of America,Listed,https://prodigyfinance.com/where-can-i-study/,
Prodigy,University of Colorado - Denver,United States of America,Listed,https://prodigyfinance.com/where-can-i-study/,
Prodigy,University of Connecticut,United States of America,Listed,https://prodigyfinance.com/where-can-i-study/,
Prodigy,University of Dayton,United States of America,Listed,https://prodigyfinance.com/where-can-i-study/,
Prodigy,University of Delaware,United States of America,Listed,https://prodigyfinance.com/where-can-i-study/,
Prodigy,University of Denver,United States of America,Listed,https://prodigyfinance.com/where-can-i-study/,
Prodigy,University of Detroit Mercy,United States of America,Listed,https://prodigyfinance.com/where-can-i-study/,
Prodigy,University of Florida,United States of America,Listed,https://prodigyfinance.com/where-can-i-study/,
Prodigy,University of Georgia,United States of America,Listed,https://prodigyfinance.com/where-can-i-study/,
Prodigy,University of Hawaii at Manoa,United States of America,Listed,https://prodigyfinance.com/where-can-i-study/,
Prodigy,University of Houston,United States of America,Listed,https://prodigyfinance.com/where-can-i-study/,
Prodigy,University of Idaho,United States of America,Listed,https://prodigyfinance.com/where-can-i-study/,
Prodigy,University of Illinois at Chicago,United States of America,Listed,https://prodigyfinance.com/where-can-i-study/,
Prodigy,University of Illinois at Urbana-Champaign,United States of America,Listed,https://prodigyfinance.com/where-can-i-study/,
Prodigy,University of Iowa,United States of America,Listed,https://prodigyfinance.com/where-can-i-study/,
Prodigy,University of Kansas,United States of America,Listed,https://prodigyfinance.com/where-can-i-study/,
Prodigy,University of Kentucky,United States of America,Listed,https://prodigyfinance.com/where-can-i-study/,
Prodigy,University of Louisville,United States of America,Listed,https://prodigyfinance.com/where-can-i-study/,
Prodigy,University of Maine,United States of America,Listed,https://prodigyfinance.com/where-can-i-study/,
Prodigy,University of Maryland,United States of America,Listed,https://prodigyfinance.com/where-can-i-study/,
Prodigy,University of Maryland Baltimore County,United States of America,Listed,https://prodigyfinance.com/where-can-i-study/,
Prodigy,University of Massachusetts Amherst,United States of America,Listed,https://prodigyfinance.com/where-can-i-study/,
Prodigy,University of Massachusetts Boston,United States of America,Listed,https://prodigyfinance.com/where-can-i-study/,
Prodigy,University of Massachusetts - Dartmouth,United States of America,Listed,https://prodigyfinance.com/where-can-i-study/,
Prodigy,University of Massachusetts - Lowell,United States of America,Listed,https://prodigyfinance.com/where-can-i-study/,
Prodigy,University of Memphis,United States of America,Listed,https://prodigyfinance.com/where-can-i-study/,
Prodigy,University of Miami,United States of America,Listed,https://prodigyfinance.com/where-can-i-study/,
Prodigy,University of Michigan,United States of America,Listed,https://prodigyfinance.com/where-can-i-study/,
Prodigy,University of Minnesota,United States of America,Listed,https://prodigyfinance.com/where-can-i-study/,
Prodigy,University of Mississippi,United States of America,Listed,https://prodigyfinance.com/where-can-i-study/,
Prodigy,University of Missouri,United States of America,Listed,https://prodigyfinance.com/where-can-i-study/,
Prodigy,University of Missouri - Kansas City,United States of America,Listed,https://prodigyfinance.com/where-can-i-study/,
Prodigy,University of Missouri - St. Louis,United States of America,Listed,https://prodigyfinance.com/where-can-i-study/,
Prodigy,University of Nebraska-Lincoln,United States of America,Listed,https://prodigyfinance.com/where-can-i-study/,
Prodigy,University of Nebraska - Omaha,United States of America,Listed,https://prodigyfinance.com/where-can-i-study/,
Prodigy,University of Nevada - Las Vegas,United States of America,Listed,https://prodigyfinance.com/where-can-i-study/,
Prodigy,University of Nevada - Reno,United States of America,Listed,https://prodigyfinance.com/where-can-i-study/,
Prodigy,University of New Hampshire,United States of America,Listed,https://prodigyfinance.com/where-can-i-study/,
Prodigy,University of New Mexico,United States of America,Listed,https://prodigyfinance.com/where-can-i-study/,
Prodigy,University of North Carolina - Chapel Hill,United States of America,Listed,https://prodigyfinance.com/where-can-i-study/,
Prodigy,University of North Carolina - Charlotte,United States of America,Listed,https://prodigyfinance.com/where-can-i-study/,
Prodigy,University of North Carolina - Wilmington,United States of America,Listed,https://prodigyfinance.com/where-can-i-study/,
Prodigy,University of North Dakota,United States of America,Listed,https://prodigyfinance.com/where-can-i-study/,
Prodigy,University of North Texas,United States of America,Listed,https://prodigyfinance.com/where-can-i-study/,
Prodigy,University of Notre Dame,United States of America,Listed,https://prodigyfinance.com/where-can-i-study/,
Prodigy,University of Oklahoma,United States of America,Listed,https://prodigyfinance.com/where-can-i-study/,
Prodigy,University of Oregon,United States of America,Listed,https://prodigyfinance.com/where-can-i-study/,
Prodigy,University of Pennsylvania,United States of America,Listed,https://prodigyfinance.com/where-can-i-study/,
Prodigy,University of Pittsburgh,United States of America,Listed,https://prodigyfinance.com/where-can-i-study/,
Prodigy,University of Rochester,United States of America,Listed,https://prodigyfinance.com/where-can-i-study/,
Prodigy,University of San Diego,United States of America,Listed,https://prodigyfinance.com/where-can-i-study/,
Prodigy,University of San Francisco,United States of America,Listed,https://prodigyfinance.com/where-can-i-study/,
Prodigy,University of South Carolina,United States of America,Listed,https://prodigyfinance.com/where-can-i-study/,
Prodigy,University of South Dakota,United States of America,Listed,https://prodigyfinance.com/where-can-i-study/,
Prodigy,University of South Florida,United States of America,Listed,https://prodigyfinance.com/where-can-i-study/,
Prodigy,University of Southern California,United States of America,Listed,https://prodigyfinance.com/where-can-i-study/,
Prodigy,University of Tennessee - Chattanooga,United States of America,Listed,https://prodigyfinance.com/where-can-i-study/,
Prodigy,University of Tennessee - Knoxville,United States of America,Listed,https://prodigyfinance.com/where-can-i-study/,
Prodigy,University of Texas at Arlington,United States of America,Listed,https://prodigyfinance.com/where-can-i-study/,
Prodigy,University of Texas at Austin,United States of America,Listed,https://prodigyfinance.com/where-can-i-study/,
Prodigy,University of Texas at Dallas,United States of America,Listed,https://prodigyfinance.com/where-can-i-study/,
Prodigy,University of Texas at El Paso,United States of America,Listed,https://prodigyfinance.com/where-can-i-study/,
Prodigy,University of Texas at San Antonio,United States of America,Listed,https://prodigyfinance.com/where-can-i-study/,
Prodigy,University of Toledo,United States of America,Listed,https://prodigyfinance.com/where-can-i-study/,
Prodigy,University of Tulsa,United States of America,Listed,https://prodigyfinance.com/where-can-i-study/,
Prodigy,University of Utah,United States of America,Listed,https://prodigyfinance.com/where-can-i-study/,
Prodigy,University of Virginia,United States of America,Listed,https://prodigyfinance.com/where-can-i-study/,
Prodigy,University of Washington,United States of America,Listed,https://prodigyfinance.com/where-can-i-study/,
Prodigy,University of Wisconsin - Milwaukee,United States of America,Listed,https://prodigyfinance.com/where-can-i-study/,
Prodigy,University of Wisconsin-Madison,United States of America,Listed,https://prodigyfinance.com/where-can-i-study/,
Prodigy,University of Wyoming,United States of America,Listed,https://prodigyfinance.com/where-can-i-study/,
Prodigy,Utah State University,United States of America,Listed,https://prodigyfinance.com/where-can-i-study/,
Prodigy,Vanderbilt University,United States of America,Listed,https://prodigyfinance.com/where-can-i-study/,
Prodigy,Villanova University,United States of America,Listed,https://prodigyfinance.com/where-can-i-study/,
Prodigy,Virginia Commonwealth University,United States of America,Listed,https://prodigyfinance.com/where-can-i-study/,
Prodigy,Virginia Polytechnic Institute and State University,United States of America,Listed,https://prodigyfinance.com/where-can-i-study/,
Prodigy,Wake Forest University,United States of America,Listed,https://prodigyfinance.com/where-can-i-study/,
Prodigy,Washington State University,United States of America,Listed,https://prodigyfinance.com/where-can-i-study/,
Prodigy,Washington University in St. Louis,United States of America,Listed,https://prodigyfinance.com/where-can-i-study/,
Prodigy,Wayne State University,United States of America,Listed,https://prodigyfinance.com/where-can-i-study/,
Prodigy,West Virginia University,United States of America,Listed,https://prodigyfinance.com/where-can-i-study/,
Prodigy,Western Michigan University,United States of America,Listed,https://prodigyfinance.com/where-can-i-study/,
Prodigy,Wichita State University,United States of America,Listed,https://prodigyfinance.com/where-can-i-study/,
Prodigy,Worcester Polytechnic Institute,United States of America,Listed,https://prodigyfinance.com/where-can-i-study/,
Prodigy,Yale University,United States of America,Listed,https://prodigyfinance.com/where-can-i-study/,
Prodigy,Yeshiva University,United States of America,Listed,https://prodigyfinance.com/where-can-i-study/,
Indian Overseas Bank,Massachusetts Institute of Technology,United States of America,Top 50 as per QS Rankings 2026,https://www.topuniversities.com/world-university-rankings,
Indian Overseas Bank,Imperial College London,United Kingdom,Top 50 as per QS Rankings 2026,https://www.topuniversities.com/world-university-rankings,
Indian Overseas Bank,Stanford University,United States of America,Top 50 as per QS Rankings 2026,https://www.topuniversities.com/world-university-rankings,
Indian Overseas Bank,University of Oxford,United Kingdom,Top 50 as per QS Rankings 2026,https://www.topuniversities.com/world-university-rankings,
Indian Overseas Bank,Harvard University,United States of America,Top 50 as per QS Rankings 2026,https://www.topuniversities.com/world-university-rankings,
Indian Overseas Bank,University of Cambridge,United Kingdom,Top 50 as per QS Rankings 2026,https://www.topuniversities.com/world-university-rankings,
Indian Overseas Bank,ETH Zurich,Switzerland,Top 50 as per QS Rankings 2026,https://www.topuniversities.com/world-university-rankings,
Indian Overseas Bank,National University of Singapore,Singapore,Top 50 as per QS Rankings 2026,https://www.topuniversities.com/world-university-rankings,
Indian Overseas Bank,University College London,United Kingdom,Top 50 as per QS Rankings 2026,https://www.topuniversities.com/world-university-rankings,
Indian Overseas Bank,California Institute of Technology,United States of America,Top 50 as per QS Rankings 2026,https://www.topuniversities.com/world-university-rankings,
Indian Overseas Bank,University of Hong Kong,China,Top 50 as per QS Rankings 2026,https://www.topuniversities.com/world-university-rankings,
Indian Overseas Bank,Nanyang Technological University,Singapore,Top 50 as per QS Rankings 2026,https://www.topuniversities.com/world-university-rankings,
Indian Overseas Bank,University of Chicago,United States of America,Top 50 as per QS Rankings 2026,https://www.topuniversities.com/world-university-rankings,
Indian Overseas Bank,Peking University,China,Top 50 as per QS Rankings 2026,https://www.topuniversities.com/world-university-rankings,
Indian Overseas Bank,University of Pennsylvania,United States of America,Top 50 as per QS Rankings 2026,https://www.topuniversities.com/world-university-rankings,
Indian Overseas Bank,Cornell University,United States of America,Top 50 as per QS Rankings 2026,https://www.topuniversities.com/world-university-rankings,
Indian Overseas Bank,Tsinghua University,China,Top 50 as per QS Rankings 2026,https://www.topuniversities.com/world-university-rankings,
Indian Overseas Bank,"University of California, Berkeley",United States of America,Top 50 as per QS Rankings 2026,https://www.topuniversities.com/world-university-rankings,
Indian Overseas Bank,University of Melbourne,Australia,Top 50 as per QS Rankings 2026,https://www.topuniversities.com/world-university-rankings,
Indian Overseas Bank,University of New South Wales,Australia,Top 50 as per QS Rankings 2026,https://www.topuniversities.com/world-university-rankings,
Indian Overseas Bank,Yale University,United States of America,Top 50 as per QS Rankings 2026,https://www.topuniversities.com/world-university-rankings,
Indian Overseas Bank,Ecole Polytechnique Federale de Lausanne,Switzerland,Top 50 as per QS Rankings 2026,https://www.topuniversities.com/world-university-rankings,
Indian Overseas Bank,Technical University of Munich,Germany,Top 50 as per QS Rankings 2026,https://www.topuniversities.com/world-university-rankings,
Indian Overseas Bank,Johns Hopkins University,United States of America,Top 50 as per QS Rankings 2026,https://www.topuniversities.com/world-university-rankings,
Indian Overseas Bank,Princeton University,United States of America,Top 50 as per QS Rankings 2026,https://www.topuniversities.com/world-university-rankings,
Indian Overseas Bank,University of Sydney,Australia,Top 50 as per QS Rankings 2026,https://www.topuniversities.com/world-university-rankings,
Indian Overseas Bank,McGill University,Canada,Top 50 as per QS Rankings 2026,https://www.topuniversities.com/world-university-rankings,
Indian Overseas Bank,PSL University,France,Top 50 as per QS Rankings 2026,https://www.topuniversities.com/world-university-rankings,
Indian Overseas Bank,University of Toronto,Canada,Top 50 as per QS Rankings 2026,https://www.topuniversities.com/world-university-rankings,
Indian Overseas Bank,Fudan University,China,Top 50 as per QS Rankings 2026,https://www.topuniversities.com/world-university-rankings,
Indian Overseas Bank,Kings College London,United Kingdom,Top 50 as per QS Rankings 2026,https://www.topuniversities.com/world-university-rankings,
Indian Overseas Bank,Australian National University,Australia,Top 50 as per QS Rankings 2026,https://www.topuniversities.com/world-university-rankings,
Indian Overseas Bank,Chinese University of Hong Kong,China,Top 50 as per QS Rankings 2026,https://www.topuniversities.com/world-university-rankings,
Indian Overseas Bank,University of Edinburgh,United Kingdom,Top 50 as per QS Rankings 2026,https://www.topuniversities.com/world-university-rankings,
Indian Overseas Bank,University of Manchester,United Kingdom,Top 50 as per QS Rankings 2026,https://www.topuniversities.com/world-university-rankings,
Indian Overseas Bank,Monash University,Australia,Top 50 as per QS Rankings 2026,https://www.topuniversities.com/world-university-rankings,
Indian Overseas Bank,University of Tokyo,Japan,Top 50 as per QS Rankings 2026,https://www.topuniversities.com/world-university-rankings,
Indian Overseas Bank,Columbia University,United States of America,Top 50 as per QS Rankings 2026,https://www.topuniversities.com/world-university-rankings,
Indian Overseas Bank,Seoul National University,South Korea,Top 50 as per QS Rankings 2026,https://www.topuniversities.com/world-university-rankings,
Indian Overseas Bank,University of British Columbia,Canada,Top 50 as per QS Rankings 2026,https://www.topuniversities.com/world-university-rankings,
Indian Overseas Bank,Institut Polytechnique de Paris,France,Top 50 as per QS Rankings 2026,https://www.topuniversities.com/world-university-rankings,
Indian Overseas Bank,Northwestern University,United States of America,Top 50 as per QS Rankings 2026,https://www.topuniversities.com/world-university-rankings,
Indian Overseas Bank,University of Queensland,Australia,Top 50 as per QS Rankings 2026,https://www.topuniversities.com/world-university-rankings,
Indian Overseas Bank,Hong Kong University of Science and Technology,China,Top 50 as per QS Rankings 2026,https://www.topuniversities.com/world-university-rankings,
Indian Overseas Bank,University of Michigan,United States of America,Top 50 as per QS Rankings 2026,https://www.topuniversities.com/world-university-rankings,
Indian Overseas Bank,"University of California, Los Angeles",United States of America,Top 50 as per QS Rankings 2026,https://www.topuniversities.com/world-university-rankings,
Indian Overseas Bank,Delft University of Technology,Netherlands,Top 50 as per QS Rankings 2026,https://www.topuniversities.com/world-university-rankings,
Indian Overseas Bank,Shanghai Jiao Tong University,China,Top 50 as per QS Rankings 2026,https://www.topuniversities.com/world-university-rankings,
Indian Overseas Bank,Zhejiang University,China,Top 50 as per QS Rankings 2026,https://www.topuniversities.com/world-university-rankings,
Indian Overseas Bank,Yonsei University,South Korea,Top 50 as per QS Rankings 2026,https://www.topuniversities.com/world-university-rankings,
Indian Overseas Bank,University of Bristol,United Kingdom,Top 50 to 200 as per QS Rankings 2026,https://www.topuniversities.com/world-university-rankings,
Indian Overseas Bank,Carnegie Mellon University,United States of America,Top 50 to 200 as per QS Rankings 2026,https://www.topuniversities.com/world-university-rankings,
Indian Overseas Bank,University of Amsterdam,Netherlands,Top 50 to 200 as per QS Rankings 2026,https://www.topuniversities.com/world-university-rankings,
Indian Overseas Bank,Hong Kong Polytechnic University,China,Top 50 to 200 as per QS Rankings 2026,https://www.topuniversities.com/world-university-rankings,
Indian Overseas Bank,New York University,United States of America,Top 50 to 200 as per QS Rankings 2026,https://www.topuniversities.com/world-university-rankings,
Indian Overseas Bank,London School of Economics and Political Science,United Kingdom,Top 50 to 200 as per QS Rankings 2026,https://www.topuniversities.com/world-university-rankings,
Indian Overseas Bank,Kyoto University,Japan,Top 50 to 200 as per QS Rankings 2026,https://www.topuniversities.com/world-university-rankings,
Indian Overseas Bank,Ludwig Maximilians University Munich,Germany,Top 50 to 200 as per QS Rankings 2026,https://www.topuniversities.com/world-university-rankings,
Indian Overseas Bank,Universiti Malaya,Malaysia,Top 50 to 200 as per QS Rankings 2026,https://www.topuniversities.com/world-university-rankings,
Indian Overseas Bank,KU Leuven,Belgium,Top 50 to 200 as per QS Rankings 2026,https://www.topuniversities.com/world-university-rankings,
Indian Overseas Bank,Korea University,South Korea,Top 50 to 200 as per QS Rankings 2026,https://www.topuniversities.com/world-university-rankings,
Indian Overseas Bank,Duke University,United States of America,Top 50 to 200 as per QS Rankings 2026,https://www.topuniversities.com/world-university-rankings,
Indian Overseas Bank,City University of Hong Kong,China,Top 50 to 200 as per QS Rankings 2026,https://www.topuniversities.com/world-university-rankings,
Indian Overseas Bank,National Taiwan University,Taiwan,Top 50 to 200 as per QS Rankings 2026,https://www.topuniversities.com/world-university-rankings,
Indian Overseas Bank,University of Auckland,New Zealand,Top 50 to 200 as per QS Rankings 2026,https://www.topuniversities.com/world-university-rankings,
Indian Overseas Bank,"University of California, San Diego",United States of America,Top 50 to 200 as per QS Rankings 2026,https://www.topuniversities.com/world-university-rankings,
Indian Overseas Bank,King Fahd University of Petroleum & Minerals,Saudi Arabia,Top 50 to 200 as per QS Rankings 2026,https://www.topuniversities.com/world-university-rankings,
Indian Overseas Bank,University of Texas at Austin,United States of America,Top 50 to 200 as per QS Rankings 2026,https://www.topuniversities.com/world-university-rankings,
Indian Overseas Bank,Brown University,United States of America,Top 50 to 200 as per QS Rankings 2026,https://www.topuniversities.com/world-university-rankings,
Indian Overseas Bank,University Paris-Saclay,France,Top 50 to 200 as per QS Rankings 2026,https://www.topuniversities.com/world-university-rankings,
Indian Overseas Bank,University of Illinois at Urbana-Champaign,United States of America,Top 50 to 200 as per QS Rankings 2026,https://www.topuniversities.com/world-university-rankings,
Indian Overseas Bank,Lund University,Sweden,Top 50 to 200 as per QS Rankings 2026,https://www.topuniversities.com/world-university-rankings,
Indian Overseas Bank,Sorbonne University,France,Top 50 to 200 as per QS Rankings 2026,https://www.topuniversities.com/world-university-rankings,
Indian Overseas Bank,University of Warwick,United Kingdom,Top 50 to 200 as per QS Rankings 2026,https://www.topuniversities.com/world-university-rankings,
Indian Overseas Bank,Trinity College Dublin,Ireland,Top 50 to 200 as per QS Rankings 2026,https://www.topuniversities.com/world-university-rankings,
Indian Overseas Bank,University of Birmingham,United Kingdom,Top 50 to 200 as per QS Rankings 2026,https://www.topuniversities.com/world-university-rankings,
Indian Overseas Bank,University of Western Australia,Australia,Top 50 to 200 as per QS Rankings 2026,https://www.topuniversities.com/world-university-rankings,
Indian Overseas Bank,KTH Royal Institute of Technology,Sweden,Top 50 to 200 as per QS Rankings 2026,https://www.topuniversities.com/world-university-rankings,
Indian Overseas Bank,University of Glasgow,United Kingdom,Top 50 to 200 as per QS Rankings 2026,https://www.topuniversities.com/world-university-rankings,
Indian Overseas Bank,Heidelberg University,Germany,Top 50 to 200 as per QS Rankings 2026,https://www.topuniversities.com/world-university-rankings,
Indian Overseas Bank,University of Washington,United States of America,Top 50 to 200 as per QS Rankings 2026,https://www.topuniversities.com/world-university-rankings,
Indian Overseas Bank,University of Adelaide,Australia,Top 50 to 200 as per QS Rankings 2026,https://www.topuniversities.com/world-university-rankings,
Indian Overseas Bank,Pennsylvania State University,United States of America,Top 50 to 200 as per QS Rankings 2026,https://www.topuniversities.com/world-university-rankings,
Indian Overseas Bank,Universidad de Buenos Aires,Argentina,Top 50 to 200 as per QS Rankings 2026,https://www.topuniversities.com/world-university-rankings,
Indian Overseas Bank,Tokyo Institute of Technology,Japan,Top 50 to 200 as per QS Rankings 2026,https://www.topuniversities.com/world-university-rankings,
Indian Overseas Bank,University of Leeds,United Kingdom,Top 50 to 200 as per QS Rankings 2026,https://www.topuniversities.com/world-university-rankings,
Indian Overseas Bank,University of Southampton,United Kingdom,Top 50 to 200 as per QS Rankings 2026,https://www.topuniversities.com/world-university-rankings,
Indian Overseas Bank,Boston University,United States of America,Top 50 to 200 as per QS Rankings 2026,https://www.topuniversities.com/world-university-rankings,
Indian Overseas Bank,Freie Universitat Berlin,Germany,Top 50 to 200 as per QS Rankings 2026,https://www.topuniversities.com/world-university-rankings,
Indian Overseas Bank,Purdue University,United States of America,Top 50 to 200 as per QS Rankings 2026,https://www.topuniversities.com/world-university-rankings,
Indian Overseas Bank,Osaka University,Japan,Top 50 to 200 as per QS Rankings 2026,https://www.topuniversities.com/world-university-rankings,
Indian Overseas Bank,University of Sheffield,United Kingdom,Top 50 to 200 as per QS Rankings 2026,https://www.topuniversities.com/world-university-rankings,
Indian Overseas Bank,Uppsala University,Sweden,Top 50 to 200 as per QS Rankings 2026,https://www.topuniversities.com/world-university-rankings,
Indian Overseas Bank,Durham University,United Kingdom,Top 50 to 200 as per QS Rankings 2026,https://www.topuniversities.com/world-university-rankings,
Indian Overseas Bank,University of Alberta,Canada,Top 50 to 200 as per QS Rankings 2026,https://www.topuniversities.com/world-university-rankings,
Indian Overseas Bank,University of Technology Sydney,Australia,Top 50 to 200 as per QS Rankings 2026,https://www.topuniversities.com/world-university-rankings,
Indian Overseas Bank,University of Nottingham,United Kingdom,Top 50 to 200 as per QS Rankings 2026,https://www.topuniversities.com/world-university-rankings,
Indian Overseas Bank,Karlsruhe Institute of Technology (KIT),Germany,Top 50 to 200 as per QS Rankings 2026,https://www.topuniversities.com/world-university-rankings,
Indian Overseas Bank,Politecnico di Milano,Italy,Top 50 to 200 as per QS Rankings 2026,https://www.topuniversities.com/world-university-rankings,
Indian Overseas Bank,University of Zurich (UZH),Switzerland,Top 50 to 200 as per QS Rankings 2026,https://www.topuniversities.com/world-university-rankings,
Indian Overseas Bank,University of Copenhagen,Denmark,Top 50 to 200 as per QS Rankings 2026,https://www.topuniversities.com/world-university-rankings,
Indian Overseas Bank,Pohang University of Science And Technology (POSTECH),South Korea,Top 50 to 200 as per QS Rankings 2026,https://www.topuniversities.com/world-university-rankings,
Indian Overseas Bank,Nanjing University,China,Top 50 to 200 as per QS Rankings 2026,https://www.topuniversities.com/world-university-rankings,
Indian Overseas Bank,Utrecht University,Netherlands,Top 50 to 200 as per QS Rankings 2026,https://www.topuniversities.com/world-university-rankings,
Indian Overseas Bank,Lomonosov Moscow State University,Russian Federation,Top 50 to 200 as per QS Rankings 2026,https://www.topuniversities.com/world-university-rankings,
Indian Overseas Bank,Rheinisch-Westfalische Technische Hochschule Aachen,Germany,Top 50 to 200 as per QS Rankings 2026,https://www.topuniversities.com/world-university-rankings,
Indian Overseas Bank,Technical University of Denmark,Denmark,Top 50 to 200 as per QS Rankings 2026,https://www.topuniversities.com/world-university-rankings,
Indian Overseas Bank,Universidade de Sao Paulo (USP),Brazil,Top 50 to 200 as per QS Rankings 2026,https://www.topuniversities.com/world-university-rankings,
Indian Overseas Bank,Tohoku University,Japan,Top 50 to 200 as per QS Rankings 2026,https://www.topuniversities.com/world-university-rankings,
Indian Overseas Bank,Queen Mary University of London (QMUL),United Kingdom,Top 50 to 200 as per QS Rankings 2026,https://www.topuniversities.com/world-university-rankings,
Indian Overseas Bank,University of Wisconsin-Madison,United States of America,Top 50 to 200 as per QS Rankings 2026,https://www.topuniversities.com/world-university-rankings,
Indian Overseas Bank,Qatar University,Qatar,Top 50 to 200 as per QS Rankings 2026,https://www.topuniversities.com/world-university-rankings,
Indian Overseas Bank,University of St Andrews,United Kingdom,Top 50 to 200 as per QS Rankings 2026,https://www.topuniversities.com/world-university-rankings,
Indian Overseas Bank,Aalto University,Finland,Top 50 to 200 as per QS Rankings 2026,https://www.topuniversities.com/world-university-rankings,
Indian Overseas Bank,"University of California, Davis",United States of America,Top 50 to 200 as per QS Rankings 2026,https://www.topuniversities.com/world-university-rankings,
Indian Overseas Bank,Pontificia Universidad Catolica de Chile,Chile,Top 50 to 200 as per QS Rankings 2026,https://www.topuniversities.com/world-university-rankings,
Indian Overseas Bank,University of Helsinki,Finland,Top 50 to 200 as per QS Rankings 2026,https://www.topuniversities.com/world-university-rankings,
Indian Overseas Bank,University College Dublin,Ireland,Top 50 to 200 as per QS Rankings 2026,https://www.topuniversities.com/world-university-rankings,
Indian Overseas Bank,Leiden University,Netherlands,Top 50 to 200 as per QS Rankings 2026,https://www.topuniversities.com/world-university-rankings,
Indian Overseas Bank,Rice University,United States of America,Top 50 to 200 as per QS Rankings 2026,https://www.topuniversities.com/world-university-rankings,
Indian Overseas Bank,University of Oslo,Norway,Top 50 to 200 as per QS Rankings 2026,https://www.topuniversities.com/world-university-rankings,
Indian Overseas Bank,University of Waterloo,Canada,Top 50 to 200 as per QS Rankings 2026,https://www.topuniversities.com/world-university-rankings,
Indian Overseas Bank,Georgia Institute of Technology,United States of America,Top 50 to 200 as per QS Rankings 2026,https://www.topuniversities.com/world-university-rankings,
Indian Overseas Bank,Indian Institute of Technology Delhi (IITD),India,Top 50 to 200 as per QS Rankings 2026,https://www.topuniversities.com/world-university-rankings,
Indian Overseas Bank,RMIT University,Australia,Top 50 to 200 as per QS Rankings 2026,https://www.topuniversities.com/world-university-rankings,
Indian Overseas Bank,Sungkyunkwan University,South Korea,Top 50 to 200 as per QS Rankings 2026,https://www.topuniversities.com/world-university-rankings,
Indian Overseas Bank,Universiti Kebangsaan Malaysia (UKM),Malaysia,Top 50 to 200 as per QS Rankings 2026,https://www.topuniversities.com/world-university-rankings,
Indian Overseas Bank,Sapienza University of Rome,Italy,Top 50 to 200 as per QS Rankings 2026,https://www.topuniversities.com/world-university-rankings,
Indian Overseas Bank,Indian Institute of Technology Bombay (IITB),India,Top 50 to 200 as per QS Rankings 2026,https://www.topuniversities.com/world-university-rankings,
Indian Overseas Bank,Humboldt-Universitat zu Berlin,Germany,Top 50 to 200 as per QS Rankings 2026,https://www.topuniversities.com/world-university-rankings,
Indian Overseas Bank,Aarhus University,Denmark,Top 50 to 200 as per QS Rankings 2026,https://www.topuniversities.com/world-university-rankings,
Indian Overseas Bank,University of Bath,United Kingdom,Top 50 to 200 as per QS Rankings 2026,https://www.topuniversities.com/world-university-rankings,
Indian Overseas Bank,University of Science and Technology of China,China,Top 50 to 200 as per QS Rankings 2026,https://www.topuniversities.com/world-university-rankings,
Indian Overseas Bank,Universiti Putra Malaysia (UPM),Malaysia,Top 50 to 200 as per QS Rankings 2026,https://www.topuniversities.com/world-university-rankings,
Indian Overseas Bank,Universiti Sains Malaysia (USM),Malaysia,Top 50 to 200 as per QS Rankings 2026,https://www.topuniversities.com/world-university-rankings,
Indian Overseas Bank,Universidad Nacional Autonoma de Mexico (UNAM),Mexico,Top 50 to 200 as per QS Rankings 2026,https://www.topuniversities.com/world-university-rankings,
Indian Overseas Bank,Newcastle University,United Kingdom,Top 50 to 200 as per QS Rankings 2026,https://www.topuniversities.com/world-university-rankings,
Indian Overseas Bank,Alma Mater Studiorum - University of Bologna,Italy,Top 50 to 200 as per QS Rankings 2026,https://www.topuniversities.com/world-university-rankings,
Indian Overseas Bank,Macquarie University,Australia,Top 50 to 200 as per QS Rankings 2026,https://www.topuniversities.com/world-university-rankings,
Indian Overseas Bank,Eindhoven University of Technology,Netherlands,Top 50 to 200 as per QS Rankings 2026,https://www.topuniversities.com/world-university-rankings,
Indian Overseas Bank,Erasmus University Rotterdam,Netherlands,Top 50 to 200 as per QS Rankings 2026,https://www.topuniversities.com/world-university-rankings,
Indian Overseas Bank,"University of North Carolina, Chapel Hill",United States of America,Top 50 to 200 as per QS Rankings 2026,https://www.topuniversities.com/world-university-rankings,
Indian Overseas Bank,King Saud University,Saudi Arabia,Top 50 to 200 as per QS Rankings 2026,https://www.topuniversities.com/world-university-rankings,
Indian Overseas Bank,Texas A&M University,United States of America,Top 50 to 200 as per QS Rankings 2026,https://www.topuniversities.com/world-university-rankings,
Indian Overseas Bank,Technische Universitat Berlin,Germany,Top 50 to 200 as per QS Rankings 2026,https://www.topuniversities.com/world-university-rankings,
Indian Overseas Bank,University of Southern California,United States of America,Top 50 to 200 as per QS Rankings 2026,https://www.topuniversities.com/world-university-rankings,
Indian Overseas Bank,Stockholm University,Sweden,Top 50 to 200 as per QS Rankings 2026,https://www.topuniversities.com/world-university-rankings,
Indian Overseas Bank,University of Groningen,Netherlands,Top 50 to 200 as per QS Rankings 2026,https://www.topuniversities.com/world-university-rankings,
Indian Overseas Bank,University of Liverpool,United Kingdom,Top 50 to 200 as per QS Rankings 2026,https://www.topuniversities.com/world-university-rankings,
Indian Overseas Bank,University of Cape Town,South Africa,Top 50 to 200 as per QS Rankings 2026,https://www.topuniversities.com/world-university-rankings,
Indian Overseas Bank,Western University,Canada,Top 50 to 200 as per QS Rankings 2026,https://www.topuniversities.com/world-university-rankings,
Indian Overseas Bank,University of Vienna,Austria,Top 50 to 200 as per QS Rankings 2026,https://www.topuniversities.com/world-university-rankings,
Indian Overseas Bank,Universiti Teknologi Malaysia (UTM),Malaysia,Top 50 to 200 as per QS Rankings 2026,https://www.topuniversities.com/world-university-rankings,
Indian Overseas Bank,Wageningen University & Research,Netherlands,Top 50 to 200 as per QS Rankings 2026,https://www.topuniversities.com/world-university-rankings,
Indian Overseas Bank,University of Exeter,United Kingdom,Top 50 to 200 as per QS Rankings 2026,https://www.topuniversities.com/world-university-rankings,
Indian Overseas Bank,University of Geneva,Switzerland,Top 50 to 200 as per QS Rankings 2026,https://www.topuniversities.com/world-university-rankings,
Indian Overseas Bank,Lancaster University,United Kingdom,Top 50 to 200 as per QS Rankings 2026,https://www.topuniversities.com/world-university-rankings,
Indian Overseas Bank,University of Basel,Switzerland,Top 50 to 200 as per QS Rankings 2026,https://www.topuniversities.com/world-university-rankings,
Indian Overseas Bank,Hanyang University,South Korea,Top 50 to 200 as per QS Rankings 2026,https://www.topuniversities.com/world-university-rankings,
Indian Overseas Bank,University of Barcelona,Spain,Top 50 to 200 as per QS Rankings 2026,https://www.topuniversities.com/world-university-rankings,
Indian Overseas Bank,Michigan State University,United States of America,Top 50 to 200 as per QS Rankings 2026,https://www.topuniversities.com/world-university-rankings,
Indian Overseas Bank,Ghent University,Belgium,Top 50 to 200 as per QS Rankings 2026,https://www.topuniversities.com/world-university-rankings,
Indian Overseas Bank,King Abdul Aziz University (KAU),Saudi Arabia,Top 50 to 200 as per QS Rankings 2026,https://www.topuniversities.com/world-university-rankings,
Indian Overseas Bank,Nagoya University,Japan,Top 50 to 200 as per QS Rankings 2026,https://www.topuniversities.com/world-university-rankings,
Indian Overseas Bank,Chalmers University of Technology,Sweden,Top 50 to 200 as per QS Rankings 2026,https://www.topuniversities.com/world-university-rankings,
Indian Overseas Bank,Al-Farabi Kazakh National University,Kazakhstan,Top 50 to 200 as per QS Rankings 2026,https://www.topuniversities.com/world-university-rankings,
Indian Overseas Bank,Washington University in St. Louis,United States of America,Top 50 to 200 as per QS Rankings 2026,https://www.topuniversities.com/world-university-rankings,
Indian Overseas Bank,University of Montreal,Canada,Top 50 to 200 as per QS Rankings 2026,https://www.topuniversities.com/world-university-rankings,
Indian Overseas Bank,University of York,United Kingdom,Top 50 to 200 as per QS Rankings 2026,https://www.topuniversities.com/world-university-rankings,
Indian Overseas Bank,Hokkaido University,Japan,Top 50 to 200 as per QS Rankings 2026,https://www.topuniversities.com/world-university-rankings,
Indian Overseas Bank,Kyushu University,Japan,Top 50 to 200 as per QS Rankings 2026,https://www.topuniversities.com/world-university-rankings,
Indian Overseas Bank,Universitat Autonoma de Barcelona,Spain,Top 50 to 200 as per QS Rankings 2026,https://www.topuniversities.com/world-university-rankings,
Indian Overseas Bank,Arizona State University,United States of America,Top 50 to 200 as per QS Rankings 2026,https://www.topuniversities.com/world-university-rankings,
Indian Overseas Bank,McMaster University,Canada,Top 50 to 200 as per QS Rankings 2026,https://www.topuniversities.com/world-university-rankings,
Indian Overseas Bank,Universidad de Chile,Chile,Top 50 to 200 as per QS Rankings 2026,https://www.topuniversities.com/world-university-rankings,
Indian Overseas Bank,National Tsing Hua University,Taiwan,Top 50 to 200 as per QS Rankings 2026,https://www.topuniversities.com/world-university-rankings,
Indian Overseas Bank,Khalifa University of Science and Technology,United Arab Emirates,Top 50 to 200 as per QS Rankings 2026,https://www.topuniversities.com/world-university-rankings,
Indian Overseas Bank,Tongji University,China,Top 50 to 200 as per QS Rankings 2026,https://www.topuniversities.com/world-university-rankings,
Indian Overseas Bank,"University of California, Santa Barbara",United States of America,Top 50 to 200 as per QS Rankings 2026,https://www.topuniversities.com/world-university-rankings,
Indian Overseas Bank,Indian Institute of Technology Madras (IITM),India,Top 50 to 200 as per QS Rankings 2026,https://www.topuniversities.com/world-university-rankings,
Indian Overseas Bank,Cardiff University,United Kingdom,Top 50 to 200 as per QS Rankings 2026,https://www.topuniversities.com/world-university-rankings,
Indian Overseas Bank,Emory University,United States of America,Top 50 to 200 as per QS Rankings 2026,https://www.topuniversities.com/world-university-rankings,
Indian Overseas Bank,Curtin University,Australia,Top 50 to 200 as per QS Rankings 2026,https://www.topuniversities.com/world-university-rankings,
Indian Overseas Bank,University of Bern,Switzerland,Top 50 to 200 as per QS Rankings 2026,https://www.topuniversities.com/world-university-rankings,
Indian Overseas Bank,University of Wollongong,Australia,Top 50 to 200 as per QS Rankings 2026,https://www.topuniversities.com/world-university-rankings,
Indian Overseas Bank,Wuhan University,China,Top 50 to 200 as per QS Rankings 2026,https://www.topuniversities.com/world-university-rankings,
Indian Overseas Bank,Tecnologico de Monterrey (ITESM),Mexico,Top 50 to 200 as per QS Rankings 2026,https://www.topuniversities.com/world-university-rankings,
Indian Overseas Bank,University Complutense Madrid,Spain,Top 50 to 200 as per QS Rankings 2026,https://www.topuniversities.com/world-university-rankings,
Indian Overseas Bank,UNIVERSITAS INDONESIA,Indonesia,Top 50 to 200 as per QS Rankings 2026,https://www.topuniversities.com/world-university-rankings,
Indian Overseas Bank,Ohio State University,United States of America,Top 50 to 200 as per QS Rankings 2026,https://www.topuniversities.com/world-university-rankings,
Indian Overseas Bank,"Queens University, Ontario",Canada,Top 50 to 200 as per QS Rankings 2026,https://www.topuniversities.com/world-university-rankings,
Indian Overseas Bank,University Catholique de Louvain (UCL),Belgium,Top 50 to 200 as per QS Rankings 2026,https://www.topuniversities.com/world-university-rankings,
Indian Overseas Bank,Universitat Hamburg,Germany,Top 50 to 200 as per QS Rankings 2026,https://www.topuniversities.com/world-university-rankings,
Indian Overseas Bank,University of Reading,United Kingdom,Top 50 to 200 as per QS Rankings 2026,https://www.topuniversities.com/world-university-rankings,
Indian Overseas Bank,Vrije Universiteit Amsterdam,Netherlands,Top 50 to 200 as per QS Rankings 2026,https://www.topuniversities.com/world-university-rankings,
Indian Overseas Bank,Waseda University,Japan,Top 50 to 200 as per QS Rankings 2026,https://www.topuniversities.com/world-university-rankings,
Indian Overseas Bank,University of Otago,New Zealand,Top 50 to 200 as per QS Rankings 2026,https://www.topuniversities.com/world-university-rankings,
Indian Overseas Bank,Vienna University of Technology,Austria,Top 50 to 200 as per QS Rankings 2026,https://www.topuniversities.com/world-university-rankings,
Indian Overseas Bank,National Yang Ming Chiao Tung University,Taiwan,Top 50 to 200 as per QS Rankings 2026,https://www.topuniversities.com/world-university-rankings,
Indian Overseas Bank,Queens University Belfast,United Kingdom,Top 50 to 200 as per QS Rankings 2026,https://www.topuniversities.com/world-university-rankings,
Indian Overseas Bank,Universitat Freiburg,Germany,Top 50 to 200 as per QS Rankings 2026,https://www.topuniversities.com/world-university-rankings,
Indian Overseas Bank,University of Gothenburg,Sweden,Top 200 to 300 as per QS Rankings 2026,https://www.topuniversities.com/world-university-rankings,
Indian Overseas Bank,National Cheng Kung University (NCKU),Taiwan,Top 200 to 300 as per QS Rankings 2026,https://www.topuniversities.com/world-university-rankings,
Indian Overseas Bank,University of Twente,Netherlands,Top 200 to 300 as per QS Rankings 2026,https://www.topuniversities.com/world-university-rankings,
Indian Overseas Bank,Ecole Normale Superieure de Lyon,France,Top 200 to 300 as per QS Rankings 2026,https://www.topuniversities.com/world-university-rankings,
Indian Overseas Bank,Universidad Autonoma de Madrid,Spain,Top 200 to 300 as per QS Rankings 2026,https://www.topuniversities.com/world-university-rankings,
Indian Overseas Bank,Deakin University,Australia,Top 200 to 300 as per QS Rankings 2026,https://www.topuniversities.com/world-university-rankings,
Indian Overseas Bank,Rheinische Friedrich-Wilhelms-Universitat Bonn,Germany,Top 200 to 300 as per QS Rankings 2026,https://www.topuniversities.com/world-university-rankings,
Indian Overseas Bank,"University of Maryland, College Park",United States of America,Top 200 to 300 as per QS Rankings 2026,https://www.topuniversities.com/world-university-rankings,
Indian Overseas Bank,University of Minnesota (System),United States of America,Top 200 to 300 as per QS Rankings 2026,https://www.topuniversities.com/world-university-rankings,
Indian Overseas Bank,University of Calgary,Canada,Top 200 to 300 as per QS Rankings 2026,https://www.topuniversities.com/world-university-rankings,
Indian Overseas Bank,Universidad de Los Andes Colombia,Colombia,Top 200 to 300 as per QS Rankings 2026,https://www.topuniversities.com/world-university-rankings,
Indian Overseas Bank,University of Florida,United States of America,Top 200 to 300 as per QS Rankings 2026,https://www.topuniversities.com/world-university-rankings,
Indian Overseas Bank,University of Lausanne,Switzerland,Top 200 to 300 as per QS Rankings 2026,https://www.topuniversities.com/world-university-rankings,
Indian Overseas Bank,Eberhard Karls Universitat Tubingen,Germany,Top 200 to 300 as per QS Rankings 2026,https://www.topuniversities.com/world-university-rankings,
Indian Overseas Bank,Indian Institute of Technology Kharagpur (IITKGP),India,Top 200 to 300 as per QS Rankings 2026,https://www.topuniversities.com/world-university-rankings,
Indian Overseas Bank,Keio University,Japan,Top 200 to 300 as per QS Rankings 2026,https://www.topuniversities.com/world-university-rankings,
Indian Overseas Bank,Technische Universitat Dresden,Germany,Top 200 to 300 as per QS Rankings 2026,https://www.topuniversities.com/world-university-rankings,
Indian Overseas Bank,Indian Institute of Science (IISc) Bangalore,India,Top 200 to 300 as per QS Rankings 2026,https://www.topuniversities.com/world-university-rankings,
Indian Overseas Bank,University of Ottawa,Canada,Top 200 to 300 as per QS Rankings 2026,https://www.topuniversities.com/world-university-rankings,
Indian Overseas Bank,Chulalongkorn University,Thailand,Top 200 to 300 as per QS Rankings 2026,https://www.topuniversities.com/world-university-rankings,
Indian Overseas Bank,Indian Institute of Technology Kanpur (IITK),India,Top 200 to 300 as per QS Rankings 2026,https://www.topuniversities.com/world-university-rankings,
Indian Overseas Bank,Tel Aviv University,Israel,Top 200 to 300 as per QS Rankings 2026,https://www.topuniversities.com/world-university-rankings,
Indian Overseas Bank,Universitas Gadjah Mada,Indonesia,Top 200 to 300 as per QS Rankings 2026,https://www.topuniversities.com/world-university-rankings,
Indian Overseas Bank,Loughborough University,United Kingdom,Top 200 to 300 as per QS Rankings 2026,https://www.topuniversities.com/world-university-rankings,
Indian Overseas Bank,Queensland University of Technology,Australia,Top 200 to 300 as per QS Rankings 2026,https://www.topuniversities.com/world-university-rankings,
Indian Overseas Bank,The University of Newcastle,Australia,Top 200 to 300 as per QS Rankings 2026,https://www.topuniversities.com/world-university-rankings,
Indian Overseas Bank,University Libre de Bruxelles (ULB),Belgium,Top 200 to 300 as per QS Rankings 2026,https://www.topuniversities.com/world-university-rankings,
Indian Overseas Bank,United Arab Emirates University,United Arab Emirates,Top 200 to 300 as per QS Rankings 2026,https://www.topuniversities.com/world-university-rankings,
Indian Overseas Bank,Massey University,New Zealand,Top 200 to 300 as per QS Rankings 2026,https://www.topuniversities.com/world-university-rankings,
Indian Overseas Bank,University of Lisbon,Portugal,Top 200 to 300 as per QS Rankings 2026,https://www.topuniversities.com/world-university-rankings,
Indian Overseas Bank,Universitat Erlangen-Nurnberg,Germany,Top 200 to 300 as per QS Rankings 2026,https://www.topuniversities.com/world-university-rankings,
Indian Overseas Bank,La Trobe University,Australia,Top 200 to 300 as per QS Rankings 2026,https://www.topuniversities.com/world-university-rankings,
Indian Overseas Bank,Universidade Estadual de Campinas (Unicamp),Brazil,Top 200 to 300 as per QS Rankings 2026,https://www.topuniversities.com/world-university-rankings,
Indian Overseas Bank,University of Padova,Italy,Top 200 to 300 as per QS Rankings 2026,https://www.topuniversities.com/world-university-rankings,
Indian Overseas Bank,University of Rochester,United States of America,Top 200 to 300 as per QS Rankings 2026,https://www.topuniversities.com/world-university-rankings,
Indian Overseas Bank,American University of Beirut (AUB),Lebanon,Top 200 to 300 as per QS Rankings 2026,https://www.topuniversities.com/world-university-rankings,
Indian Overseas Bank,University of Porto,Portugal,Top 200 to 300 as per QS Rankings 2026,https://www.topuniversities.com/world-university-rankings,
Indian Overseas Bank,Maastricht University,Netherlands,Top 200 to 300 as per QS Rankings 2026,https://www.topuniversities.com/world-university-rankings,
Indian Overseas Bank,Hebrew University of Jerusalem,Israel,Top 200 to 300 as per QS Rankings 2026,https://www.topuniversities.com/world-university-rankings,
Indian Overseas Bank,Victoria University of Wellington,New Zealand,Top 200 to 300 as per QS Rankings 2026,https://www.topuniversities.com/world-university-rankings,
Indian Overseas Bank,Politecnico di Torino,Italy,Top 200 to 300 as per QS Rankings 2026,https://www.topuniversities.com/world-university-rankings,
Indian Overseas Bank,Georg-August-Universitat Gottingen,Germany,Top 200 to 300 as per QS Rankings 2026,https://www.topuniversities.com/world-university-rankings,
Indian Overseas Bank,Hamad Bin Khalifa University,Qatar,Top 200 to 300 as per QS Rankings 2026,https://www.topuniversities.com/world-university-rankings,
Indian Overseas Bank,Hong Kong Baptist University,China,Top 200 to 300 as per QS Rankings 2026,https://www.topuniversities.com/world-university-rankings,
Indian Overseas Bank,University College Cork,Ireland,Top 200 to 300 as per QS Rankings 2026,https://www.topuniversities.com/world-university-rankings,
Indian Overseas Bank,Beijing Normal University,China,Top 200 to 300 as per QS Rankings 2026,https://www.topuniversities.com/world-university-rankings,
Indian Overseas Bank,Dartmouth College,United States of America,Top 200 to 300 as per QS Rankings 2026,https://www.topuniversities.com/world-university-rankings,
Indian Overseas Bank,University of Massachusetts Amherst,United States of America,Top 200 to 300 as per QS Rankings 2026,https://www.topuniversities.com/world-university-rankings,
Indian Overseas Bank,Vanderbilt University,United States of America,Top 200 to 300 as per QS Rankings 2026,https://www.topuniversities.com/world-university-rankings,
Indian Overseas Bank,Universiti Teknologi Petronas (UTP),Malaysia,Top 200 to 300 as per QS Rankings 2026,https://www.topuniversities.com/world-university-rankings,
Indian Overseas Bank,University of Strathclyde,United Kingdom,Top 200 to 300 as per QS Rankings 2026,https://www.topuniversities.com/world-university-rankings,
Indian Overseas Bank,Taylors University (Malaysia),Malaysia,Top 200 to 300 as per QS Rankings 2026,https://www.topuniversities.com/world-university-rankings,
Indian Overseas Bank,Technische Universitat Darmstadt,Germany,Top 200 to 300 as per QS Rankings 2026,https://www.topuniversities.com/world-university-rankings,
Indian Overseas Bank,Bandung Institute of Technology (ITB),Indonesia,Top 200 to 300 as per QS Rankings 2026,https://www.topuniversities.com/world-university-rankings,
Indian Overseas Bank,Harbin Institute of Technology,China,Top 200 to 300 as per QS Rankings 2026,https://www.topuniversities.com/world-university-rankings,
Indian Overseas Bank,Tianjin University,China,Top 200 to 300 as per QS Rankings 2026,https://www.topuniversities.com/world-university-rankings,
Indian Overseas Bank,University Paris 1 Pantheon-Sorbonne,France,Top 200 to 300 as per QS Rankings 2026,https://www.topuniversities.com/world-university-rankings,
Indian Overseas Bank,Beijing Institute of Technology,China,Top 200 to 300 as per QS Rankings 2026,https://www.topuniversities.com/world-university-rankings,
Indian Overseas Bank,Universidad Nacional de Colombia,Colombia,Top 200 to 300 as per QS Rankings 2026,https://www.topuniversities.com/world-university-rankings,
Indian Overseas Bank,University of Canterbury,New Zealand,Top 200 to 300 as per QS Rankings 2026,https://www.topuniversities.com/world-university-rankings,
Indian Overseas Bank,University of Aberdeen,United Kingdom,Top 200 to 300 as per QS Rankings 2026,https://www.topuniversities.com/world-university-rankings,
Indian Overseas Bank,University of Navarra,Spain,Top 200 to 300 as per QS Rankings 2026,https://www.topuniversities.com/world-university-rankings,
Indian Overseas Bank,University of Surrey,United Kingdom,Top 200 to 300 as per QS Rankings 2026,https://www.topuniversities.com/world-university-rankings,
Indian Overseas Bank,Charles University,Czechia,Top 200 to 300 as per QS Rankings 2026,https://www.topuniversities.com/world-university-rankings,
Indian Overseas Bank,Universitat Pompeu Fabra,Spain,Top 200 to 300 as per QS Rankings 2026,https://www.topuniversities.com/world-university-rankings,
Indian Overseas Bank,Norwegian University of Science And Technology,Norway,Top 200 to 300 as per QS Rankings 2026,https://www.topuniversities.com/world-university-rankings,
Indian Overseas Bank,Griffith University,Australia,Top 200 to 300 as per QS Rankings 2026,https://www.topuniversities.com/world-university-rankings,
Indian Overseas Bank,Middle East Technical University,Türkiye,Top 200 to 300 as per QS Rankings 2026,https://www.topuniversities.com/world-university-rankings,
Indian Overseas Bank,UCSI University,Malaysia,Top 200 to 300 as per QS Rankings 2026,https://www.topuniversities.com/world-university-rankings,
Indian Overseas Bank,University of Warsaw,Poland,Top 200 to 300 as per QS Rankings 2026,https://www.topuniversities.com/world-university-rankings,
Indian Overseas Bank,American University of Sharjah (AUS),United Arab Emirates,Top 200 to 300 as per QS Rankings 2026,https://www.topuniversities.com/world-university-rankings,
Indian Overseas Bank,North Carolina State University,United States of America,Top 200 to 300 as per QS Rankings 2026,https://www.topuniversities.com/world-university-rankings,
Indian Overseas Bank,Universitat zu Koln,Germany,Top 200 to 300 as per QS Rankings 2026,https://www.topuniversities.com/world-university-rankings,
Indian Overseas Bank,University of Virginia,United States of America,Top 200 to 300 as per QS Rankings 2026,https://www.topuniversities.com/world-university-rankings,
Indian Overseas Bank,Sun Yat-sen University,China,Top 200 to 300 as per QS Rankings 2026,https://www.topuniversities.com/world-university-rankings,
Indian Overseas Bank,University of Milan,Italy,Top 200 to 300 as per QS Rankings 2026,https://www.topuniversities.com/world-university-rankings,
Indian Overseas Bank,University of Sussex,United Kingdom,Top 200 to 300 as per QS Rankings 2026,https://www.topuniversities.com/world-university-rankings,
Indian Overseas Bank,Radboud University Nijmegen,Netherlands,Top 200 to 300 as per QS Rankings 2026,https://www.topuniversities.com/world-university-rankings,
Indian Overseas Bank,University of Antwerp,Belgium,Top 200 to 300 as per QS Rankings 2026,https://www.topuniversities.com/world-university-rankings,
Indian Overseas Bank,University of Pittsburgh,United States of America,Top 200 to 300 as per QS Rankings 2026,https://www.topuniversities.com/world-university-rankings,
Indian Overseas Bank,University of Waikato,New Zealand,Top 200 to 300 as per QS Rankings 2026,https://www.topuniversities.com/world-university-rankings,
Indian Overseas Bank,Dalhousie University,Canada,Top 200 to 300 as per QS Rankings 2026,https://www.topuniversities.com/world-university-rankings,
Indian Overseas Bank,University of Galway / Ollscoil na Gaillimhe,Ireland,Top 200 to 300 as per QS Rankings 2026,https://www.topuniversities.com/world-university-rankings,
Indian Overseas Bank,Georgetown University,United States of America,Top 200 to 300 as per QS Rankings 2026,https://www.topuniversities.com/world-university-rankings,
Indian Overseas Bank,University of Macau,China,Top 200 to 300 as per QS Rankings 2026,https://www.topuniversities.com/world-university-rankings,
Indian Overseas Bank,Heriot-Watt University,United Kingdom,Top 200 to 300 as per QS Rankings 2026,https://www.topuniversities.com/world-university-rankings,
Indian Overseas Bank,Universitas Airlangga,Indonesia,Top 200 to 300 as per QS Rankings 2026,https://www.topuniversities.com/world-university-rankings,
Indian Overseas Bank,University of Arizona,United States of America,Top 200 to 300 as per QS Rankings 2026,https://www.topuniversities.com/world-university-rankings,
Indian Overseas Bank,University of Bergen,Norway,Top 200 to 300 as per QS Rankings 2026,https://www.topuniversities.com/world-university-rankings,
Indian Overseas Bank,University of The Witwatersrand,South Africa,Top 200 to 300 as per QS Rankings 2026,https://www.topuniversities.com/world-university-rankings,
Indian Overseas Bank,Swansea University,United Kingdom,Top 200 to 300 as per QS Rankings 2026,https://www.topuniversities.com/world-university-rankings,
Indian Overseas Bank,"University of California, Irvine",United States of America,Top 200 to 300 as per QS Rankings 2026,https://www.topuniversities.com/world-university-rankings,
Indian Overseas Bank,Case Western Reserve University,United States of America,Top 200 to 300 as per QS Rankings 2026,https://www.topuniversities.com/world-university-rankings,
Indian Overseas Bank,Swinburne University of Technology,Australia,Top 200 to 300 as per QS Rankings 2026,https://www.topuniversities.com/world-university-rankings,
Indian Overseas Bank,University of Notre Dame,United States of America,Top 200 to 300 as per QS Rankings 2026,https://www.topuniversities.com/world-university-rankings,
Indian Overseas Bank,Vrije Universiteit Brussel (VUB),Belgium,Top 200 to 300 as per QS Rankings 2026,https://www.topuniversities.com/world-university-rankings,
Indian Overseas Bank,Istanbul Technical University,Türkiye,Top 200 to 300 as per QS Rankings 2026,https://www.topuniversities.com/world-university-rankings,
Indian Overseas Bank,University of Colorado Boulder,United States of America,Top 200 to 300 as per QS Rankings 2026,https://www.topuniversities.com/world-university-rankings,
Indian Overseas Bank,University Paris Cite,France,Top 200 to 300 as per QS Rankings 2026,https://www.topuniversities.com/world-university-rankings,
Indian Overseas Bank,Universidad Carlos 3 de Madrid,Spain,Top 200 to 300 as per QS Rankings 2026,https://www.topuniversities.com/world-university-rankings,
Indian Overseas Bank,Stellenbosch University,South Africa,Top 300+ as per QS Rankings 2026,https://www.topuniversities.com/world-university-rankings,
Indian Overseas Bank,Jagiellonian University,Poland,Top 300+ as per QS Rankings 2026,https://www.topuniversities.com/world-university-rankings,
Indian Overseas Bank,University of Southern Denmark,Denmark,Top 300+ as per QS Rankings 2026,https://www.topuniversities.com/world-university-rankings,
Indian Overseas Bank,Xian Jiaotong University,China,Top 300+ as per QS Rankings 2026,https://www.topuniversities.com/world-university-rankings,
Indian Overseas Bank,Aalborg University,Denmark,Top 300+ as per QS Rankings 2026,https://www.topuniversities.com/world-university-rankings,
Indian Overseas Bank,Indiana University Bloomington,United States of America,Top 300+ as per QS Rankings 2026,https://www.topuniversities.com/world-university-rankings,
Indian Overseas Bank,Simon Fraser University,Canada,Top 300+ as per QS Rankings 2026,https://www.topuniversities.com/world-university-rankings,
Indian Overseas Bank,University of Johannesburg,South Africa,Top 300+ as per QS Rankings 2026,https://www.topuniversities.com/world-university-rankings,
Indian Overseas Bank,"City St Georges, University of London",United Kingdom,Top 300+ as per QS Rankings 2026,https://www.topuniversities.com/world-university-rankings,
Indian Overseas Bank,Linkoping University,Sweden,Top 300+ as per QS Rankings 2026,https://www.topuniversities.com/world-university-rankings,
Indian Overseas Bank,Ulsan National Institute of Science and Technology,South Korea,Top 300+ as per QS Rankings 2026,https://www.topuniversities.com/world-university-rankings,
Indian Overseas Bank,Universitat Stuttgart,Germany,Top 300+ as per QS Rankings 2026,https://www.topuniversities.com/world-university-rankings,
Indian Overseas Bank,University of Miami,United States of America,Top 300+ as per QS Rankings 2026,https://www.topuniversities.com/world-university-rankings,
Indian Overseas Bank,University of Tasmania,Australia,Top 300+ as per QS Rankings 2026,https://www.topuniversities.com/world-university-rankings,
Indian Overseas Bank,Goethe Universitat Frankfurt am Main,Germany,Top 300+ as per QS Rankings 2026,https://www.topuniversities.com/world-university-rankings,
Indian Overseas Bank,L.N. Gumilyov Eurasian National University,Kazakhstan,Top 300+ as per QS Rankings 2026,https://www.topuniversities.com/world-university-rankings,
Indian Overseas Bank,Universidade Federal do Rio de Janeiro,Brazil,Top 300+ as per QS Rankings 2026,https://www.topuniversities.com/world-university-rankings,
Indian Overseas Bank,Huazhong University of Science and Technology,China,Top 300+ as per QS Rankings 2026,https://www.topuniversities.com/world-university-rankings,
Indian Overseas Bank,Bauman Moscow State Technical University,Russian Federation,Top 300+ as per QS Rankings 2026,https://www.topuniversities.com/world-university-rankings,
Indian Overseas Bank,University Grenoble Alpes,France,Top 300+ as per QS Rankings 2026,https://www.topuniversities.com/world-university-rankings,
Indian Overseas Bank,University of Tehran,Iran,Top 300+ as per QS Rankings 2026,https://www.topuniversities.com/world-university-rankings,
Indian Overseas Bank,Koc University,Türkiye,Top 300+ as per QS Rankings 2026,https://www.topuniversities.com/world-university-rankings,
Indian Overseas Bank,Sichuan University,China,Top 300+ as per QS Rankings 2026,https://www.topuniversities.com/world-university-rankings,
Indian Overseas Bank,University of Jordan,Jordan,Top 300+ as per QS Rankings 2026,https://www.topuniversities.com/world-university-rankings,
Indian Overseas Bank,University of Leicester,United Kingdom,Top 300+ as per QS Rankings 2026,https://www.topuniversities.com/world-university-rankings,
Indian Overseas Bank,Universidade Nova de Lisboa,Portugal,Top 300+ as per QS Rankings 2026,https://www.topuniversities.com/world-university-rankings,
Indian Overseas Bank,Rutgers University – New Brunswick,United States of America,Top 300+ as per QS Rankings 2026,https://www.topuniversities.com/world-university-rankings,
Indian Overseas Bank,University of Delhi,India,Top 300+ as per QS Rankings 2026,https://www.topuniversities.com/world-university-rankings,
Indian Overseas Bank,University of Sharjah,United Arab Emirates,Top 300+ as per QS Rankings 2026,https://www.topuniversities.com/world-university-rankings,
Indian Overseas Bank,Kyung Hee University,South Korea,Top 300+ as per QS Rankings 2026,https://www.topuniversities.com/world-university-rankings,
Indian Overseas Bank,Satbayev University (previously Kazakh Technical University named after K.I. Satpaev),Kazakhstan,Top 300+ as per QS Rankings 2026,https://www.topuniversities.com/world-university-rankings,
Indian Overseas Bank,York University,Canada,Top 300+ as per QS Rankings 2026,https://www.topuniversities.com/world-university-rankings,
Indian Overseas Bank,Indian Institute of Technology Guwahati (IITG),India,Top 300+ as per QS Rankings 2026,https://www.topuniversities.com/world-university-rankings,
Indian Overseas Bank,Sultan Qaboos University,Oman,Top 300+ as per QS Rankings 2026,https://www.topuniversities.com/world-university-rankings,
Indian Overseas Bank,Tufts University,United States of America,Top 300+ as per QS Rankings 2026,https://www.topuniversities.com/world-university-rankings,
Indian Overseas Bank,Universidad Politecnica de Madrid,Spain,Top 300+ as per QS Rankings 2026,https://www.topuniversities.com/world-university-rankings,
Indian Overseas Bank,University of Illinois Chicago (UIC),United States of America,Top 300+ as per QS Rankings 2026,https://www.topuniversities.com/world-university-rankings,
Indian Overseas Bank,Indian Institute of Technology Roorkee (IITR),India,Top 300+ as per QS Rankings 2026,https://www.topuniversities.com/world-university-rankings,
Indian Overseas Bank,Shandong University,China,Top 300+ as per QS Rankings 2026,https://www.topuniversities.com/world-university-rankings,
Indian Overseas Bank,Xiamen University,China,Top 300+ as per QS Rankings 2026,https://www.topuniversities.com/world-university-rankings,
Indian Overseas Bank,University of Oulu,Finland,Top 300+ as per QS Rankings 2026,https://www.topuniversities.com/world-university-rankings,
Indian Overseas Bank,Southern University of Science and Technology (SUSTech),China,Top 300+ as per QS Rankings 2026,https://www.topuniversities.com/world-university-rankings,
Indian Overseas Bank,University of Pisa,Italy,Top 300+ as per QS Rankings 2026,https://www.topuniversities.com/world-university-rankings,
Indian Overseas Bank,National Taiwan University of Science and Technology (Taiwan Tech),Taiwan,Top 300+ as per QS Rankings 2026,https://www.topuniversities.com/world-university-rankings,
Indian Overseas Bank,Pontificia Universidad Catolica del Peru (PUCP),Peru,Top 300+ as per QS Rankings 2026,https://www.topuniversities.com/world-university-rankings,
Indian Overseas Bank,Cairo University,Egypt,Top 300+ as per QS Rankings 2026,https://www.topuniversities.com/world-university-rankings,
Indian Overseas Bank,Tilburg University,Netherlands,Top 300+ as per QS Rankings 2026,https://www.topuniversities.com/world-university-rankings,
Indian Overseas Bank,University of Coimbra,Portugal,Top 300+ as per QS Rankings 2026,https://www.topuniversities.com/world-university-rankings,
Indian Overseas Bank,Technion - Israel Institute of Technology,Israel,Top 300+ as per QS Rankings 2026,https://www.topuniversities.com/world-university-rankings,
Indian Overseas Bank,Universitat Innsbruck,Austria,Top 300+ as per QS Rankings 2026,https://www.topuniversities.com/world-university-rankings,
Indian Overseas Bank,University of Munster,Germany,Top 300+ as per QS Rankings 2026,https://www.topuniversities.com/world-university-rankings,
Indian Overseas Bank,University of Tsukuba,Japan,Top 300+ as per QS Rankings 2026,https://www.topuniversities.com/world-university-rankings,
Indian Overseas Bank,Quaid-i-azam University,Pakistan,Top 300+ as per QS Rankings 2026,https://www.topuniversities.com/world-university-rankings,
Indian Overseas Bank,Nankai University,China,Top 300+ as per QS Rankings 2026,https://www.topuniversities.com/world-university-rankings,
Indian Overseas Bank,National Technical University of Athens,Greece,Top 300+ as per QS Rankings 2026,https://www.topuniversities.com/world-university-rankings,
Indian Overseas Bank,University of Roma - Tor Vergata,Italy,Top 300+ as per QS Rankings 2026,https://www.topuniversities.com/world-university-rankings,
Indian Overseas Bank,George Washington University,United States of America,Top 300+ as per QS Rankings 2026,https://www.topuniversities.com/world-university-rankings,
Indian Overseas Bank,Mahidol University,Thailand,Top 300+ as per QS Rankings 2026,https://www.topuniversities.com/world-university-rankings,
Indian Overseas Bank,University of Victoria,Canada,Top 300+ as per QS Rankings 2026,https://www.topuniversities.com/world-university-rankings,
Indian Overseas Bank,Virginia Polytechnic Institute (Virginia Tech),United States of America,Top 300+ as per QS Rankings 2026,https://www.topuniversities.com/world-university-rankings,
Indian Overseas Bank,University of Chinese Academy of Sciences (UCAS),China,Top 300+ as per QS Rankings 2026,https://www.topuniversities.com/world-university-rankings,
Indian Overseas Bank,University of Pretoria,South Africa,Top 300+ as per QS Rankings 2026,https://www.topuniversities.com/world-university-rankings,
Indian Overseas Bank,University of Tartu,Estonia,Top 300+ as per QS Rankings 2026,https://www.topuniversities.com/world-university-rankings,
Indian Overseas Bank,University of the Philippines,Philippines,Top 300+ as per QS Rankings 2026,https://www.topuniversities.com/world-university-rankings,
Indian Overseas Bank,University of Turku,Finland,Top 300+ as per QS Rankings 2026,https://www.topuniversities.com/world-university-rankings,
Indian Overseas Bank,RUDN University,Russian Federation,Top 300+ as per QS Rankings 2026,https://www.topuniversities.com/world-university-rankings,
Indian Overseas Bank,Sciences Po Paris,France,Top 300+ as per QS Rankings 2026,https://www.topuniversities.com/world-university-rankings,
Indian Overseas Bank,Universiti Brunei Darussalam (UBD),Brunei Darussalam,Top 300+ as per QS Rankings 2026,https://www.topuniversities.com/world-university-rankings,
Indian Overseas Bank,Daegu Gyeongbuk Institute of Science and Technology (DGIST),South Korea,Top 300+ as per QS Rankings 2026,https://www.topuniversities.com/world-university-rankings,
Indian Overseas Bank,Bogazici University,Türkiye,Top 300+ as per QS Rankings 2026,https://www.topuniversities.com/world-university-rankings,
Indian Overseas Bank,National University of Sciences And Technology (NUST) Islamabad,Pakistan,Top 300+ as per QS Rankings 2026,https://www.topuniversities.com/world-university-rankings,
Indian Overseas Bank,Pontificia Universidad Javeriana,Colombia,Top 300+ as per QS Rankings 2026,https://www.topuniversities.com/world-university-rankings,
Indian Overseas Bank,Oxford Brookes University,United Kingdom,Top 300+ as per QS Rankings 2026,https://www.topuniversities.com/world-university-rankings,
Indian Overseas Bank,Saint Petersburg State University,Russian Federation,Top 300+ as per QS Rankings 2026,https://www.topuniversities.com/world-university-rankings,
Indian Overseas Bank,Sharif University of Technology,Iran,Top 300+ as per QS Rankings 2026,https://www.topuniversities.com/world-university-rankings,
Indian Overseas Bank,South China University of Technology,China,Top 300+ as per QS Rankings 2026,https://www.topuniversities.com/world-university-rankings,
Indian Overseas Bank,University of Saskatchewan,Canada,Top 300+ as per QS Rankings 2026,https://www.topuniversities.com/world-university-rankings,
Indian Overseas Bank,University of Liege,Belgium,Top 300+ as per QS Rankings 2026,https://www.topuniversities.com/world-university-rankings,
Indian Overseas Bank,University of Naples - Federico 2,Italy,Top 300+ as per QS Rankings 2026,https://www.topuniversities.com/world-university-rankings,
Indian Overseas Bank,The American University in Cairo,Egypt,Top 300+ as per QS Rankings 2026,https://www.topuniversities.com/world-university-rankings,
Indian Overseas Bank,University of East Anglia (UEA),United Kingdom,Top 300+ as per QS Rankings 2026,https://www.topuniversities.com/world-university-rankings,
Indian Overseas Bank,University of Luxembourg,Luxembourg,Top 300+ as per QS Rankings 2026,https://www.topuniversities.com/world-university-rankings,
Indian Overseas Bank,Northeastern University,United States of America,Top 300+ as per QS Rankings 2026,https://www.topuniversities.com/world-university-rankings,
Indian Overseas Bank,Brunel University of London,United Kingdom,Top 300+ as per QS Rankings 2026,https://www.topuniversities.com/world-university-rankings,
Indian Overseas Bank,Gwangju Institute of Science and Technology (GIST),South Korea,Top 300+ as per QS Rankings 2026,https://www.topuniversities.com/world-university-rankings,
Indian Overseas Bank,Flinders University,Australia,Top 300+ as per QS Rankings 2026,https://www.topuniversities.com/world-university-rankings,
Indian Overseas Bank,Beihang University (former BUAA),China,Top 300+ as per QS Rankings 2026,https://www.topuniversities.com/world-university-rankings,
Indian Overseas Bank,"Birkbeck College, University of London",United Kingdom,Top 300+ as per QS Rankings 2026,https://www.topuniversities.com/world-university-rankings,
Indian Overseas Bank,National and Kapodistrian University of Athens,Greece,Top 300+ as per QS Rankings 2026,https://www.topuniversities.com/world-university-rankings,
Indian Overseas Bank,Abu Dhabi University,United Arab Emirates,Top 300+ as per QS Rankings 2026,https://www.topuniversities.com/world-university-rankings,
Indian Overseas Bank,Sejong University,South Korea,Top 300+ as per QS Rankings 2026,https://www.topuniversities.com/world-university-rankings,
Indian Overseas Bank,"Southeast University, China",China,Top 300+ as per QS Rankings 2026,https://www.topuniversities.com/world-university-rankings,
Indian Overseas Bank,Universitat Politecnica de Catalunya,Spain,Top 300+ as per QS Rankings 2026,https://www.topuniversities.com/world-university-rankings,
Indian Overseas Bank,Aston University,United Kingdom,Top 300+ as per QS Rankings 2026,https://www.topuniversities.com/world-university-rankings,
Indian Overseas Bank,Ruhr-Universitat Bochum,Germany,Top 300+ as per QS Rankings 2026,https://www.topuniversities.com/world-university-rankings,
Indian Overseas Bank,Lappeenranta-Lahti University of Technology LUT,Finland,Top 300+ as per QS Rankings 2026,https://www.topuniversities.com/world-university-rankings,
Indian Overseas Bank,University of Kent,United Kingdom,Top 300+ as per QS Rankings 2026,https://www.topuniversities.com/world-university-rankings,
Indian Overseas Bank,IPB University (aka Bogor Agricultural University),Indonesia,Top 300+ as per QS Rankings 2026,https://www.topuniversities.com/world-university-rankings,
Indian Overseas Bank,Western Sydney University,Australia,Top 300+ as per QS Rankings 2026,https://www.topuniversities.com/world-university-rankings,
Indian Overseas Bank,Umea University,Sweden,Top 300+ as per QS Rankings 2026,https://www.topuniversities.com/world-university-rankings,
Indian Overseas Bank,University of Granada,Spain,Top 300+ as per QS Rankings 2026,https://www.topuniversities.com/world-university-rankings,
Indian Overseas Bank,University of Limerick,Ireland,Top 300+ as per QS Rankings 2026,https://www.topuniversities.com/world-university-rankings,
Indian Overseas Bank,Sabanci University,Türkiye,Top 300+ as per QS Rankings 2026,https://www.topuniversities.com/world-university-rankings,
Indian Overseas Bank,University of Florence,Italy,Top 300+ as per QS Rankings 2026,https://www.topuniversities.com/world-university-rankings,
Indian Overseas Bank,Institut National des Sciences Appliquees de Lyon (INSA),France,Top 300+ as per QS Rankings 2026,https://www.topuniversities.com/world-university-rankings,
Indian Overseas Bank,Lincoln University,New Zealand,Top 300+ as per QS Rankings 2026,https://www.topuniversities.com/world-university-rankings,
Indian Overseas Bank,University of Turin,Italy,Top 300+ as per QS Rankings 2026,https://www.topuniversities.com/world-university-rankings,
Indian Overseas Bank,Universita Cattolica del Sacro Cuore,Italy,Top 300+ as per QS Rankings 2026,https://www.topuniversities.com/world-university-rankings,
Indian Overseas Bank,Auckland University of Technology,New Zealand,Top 300+ as per QS Rankings 2026,https://www.topuniversities.com/world-university-rankings,
Indian Overseas Bank,Dublin City University,Ireland,Top 300+ as per QS Rankings 2026,https://www.topuniversities.com/world-university-rankings,
Indian Overseas Bank,Sunway University,Malaysia,Top 300+ as per QS Rankings 2026,https://www.topuniversities.com/world-university-rankings,
Indian Overseas Bank,University at Buffalo,United States of America,Top 300+ as per QS Rankings 2026,https://www.topuniversities.com/world-university-rankings,
Indian Overseas Bank,University of Southern Queensland,Australia,Top 300+ as per QS Rankings 2026,https://www.topuniversities.com/world-university-rankings,
Indian Overseas Bank,Bilkent University,Türkiye,Top 300+ as per QS Rankings 2026,https://www.topuniversities.com/world-university-rankings,
Indian Overseas Bank,Czech Technical University In Prague,Czechia,Top 300+ as per QS Rankings 2026,https://www.topuniversities.com/world-university-rankings,
Indian Overseas Bank,Julius-Maximilians-Universitat Wurzburg,Germany,Top 300+ as per QS Rankings 2026,https://www.topuniversities.com/world-university-rankings,
Indian Overseas Bank,Universitat Mannheim,Germany,Top 300+ as per QS Rankings 2026,https://www.topuniversities.com/world-university-rankings,
Indian Overseas Bank,University of Aveiro,Portugal,Top 300+ as per QS Rankings 2026,https://www.topuniversities.com/world-university-rankings,
Indian Overseas Bank,National Taipei University of Technology,Taiwan,Top 300+ as per QS Rankings 2026,https://www.topuniversities.com/world-university-rankings,
Indian Overseas Bank,University of Strasbourg,France,Top 300+ as per QS Rankings 2026,https://www.topuniversities.com/world-university-rankings,
Indian Overseas Bank,Universitat Politecnica de Valencia,Spain,Top 300+ as per QS Rankings 2026,https://www.topuniversities.com/world-university-rankings,
Indian Overseas Bank,Murdoch University,Australia,Top 300+ as per QS Rankings 2026,https://www.topuniversities.com/world-university-rankings,
Indian Overseas Bank,Tampere University,Finland,Top 300+ as per QS Rankings 2026,https://www.topuniversities.com/world-university-rankings,
Indian Overseas Bank,University of Pavia,Italy,Top 300+ as per QS Rankings 2026,https://www.topuniversities.com/world-university-rankings,
Indian Overseas Bank,Washington State University,United States of America,Top 300+ as per QS Rankings 2026,https://www.topuniversities.com/world-university-rankings,
Indian Overseas Bank,Graz University of Technology,Austria,Top 300+ as per QS Rankings 2026,https://www.topuniversities.com/world-university-rankings,
Indian Overseas Bank,Aix-Marseille University,France,Top 300+ as per QS Rankings 2026,https://www.topuniversities.com/world-university-rankings,
Indian Overseas Bank,University of Dundee,United Kingdom,Top 300+ as per QS Rankings 2026,https://www.topuniversities.com/world-university-rankings,
Indian Overseas Bank,Masaryk University,Czechia,Top 300+ as per QS Rankings 2026,https://www.topuniversities.com/world-university-rankings,
Indian Overseas Bank,Universitat de Valencia,Spain,Top 300+ as per QS Rankings 2026,https://www.topuniversities.com/world-university-rankings,
Indian Overseas Bank,University of Montpellier,France,Top 300+ as per QS Rankings 2026,https://www.topuniversities.com/world-university-rankings,
Indian Overseas Bank,East China Normal University,China,Top 300+ as per QS Rankings 2026,https://www.topuniversities.com/world-university-rankings,
Indian Overseas Bank,Leibniz Universitat Hannover,Germany,Top 300+ as per QS Rankings 2026,https://www.topuniversities.com/world-university-rankings,
Indian Overseas Bank,National Taiwan Normal University,Taiwan,Top 300+ as per QS Rankings 2026,https://www.topuniversities.com/world-university-rankings,
Indian Overseas Bank,Prince Mohammad Bin Fahd University,Saudi Arabia,Top 300+ as per QS Rankings 2026,https://www.topuniversities.com/world-university-rankings,
Indian Overseas Bank,Universitat Ramon Llull,Spain,Top 300+ as per QS Rankings 2026,https://www.topuniversities.com/world-university-rankings,
Indian Overseas Bank,IE University,Spain,Top 300+ as per QS Rankings 2026,https://www.topuniversities.com/world-university-rankings,
Indian Overseas Bank,National Sun Yat-sen University,Taiwan,Top 300+ as per QS Rankings 2026,https://www.topuniversities.com/world-university-rankings,
Indian Overseas Bank,Ajman University,United Arab Emirates,Top 300+ as per QS Rankings 2026,https://www.topuniversities.com/world-university-rankings,
Indian Overseas Bank,James Cook University,Australia,Top 300+ as per QS Rankings 2026,https://www.topuniversities.com/world-university-rankings,
Indian Overseas Bank,Macau University of Science and Technology,China,Top 300+ as per QS Rankings 2026,https://www.topuniversities.com/world-university-rankings,
Indian Overseas Bank,"National Research University Higher School of Economics (HSE, Moscow)",Russian Federation,Top 300+ as per QS Rankings 2026,https://www.topuniversities.com/world-university-rankings,
Indian Overseas Bank,Universitat Konstanz,Germany,Top 300+ as per QS Rankings 2026,https://www.topuniversities.com/world-university-rankings,
Indian Overseas Bank,"University of California, Riverside",United States of America,Top 300+ as per QS Rankings 2026,https://www.topuniversities.com/world-university-rankings,
Indian Overseas Bank,Vilnius University,Lithuania,Top 300+ as per QS Rankings 2026,https://www.topuniversities.com/world-university-rankings,
Indian Overseas Bank,Belarusian State University,Belarus,Top 300+ as per QS Rankings 2026,https://www.topuniversities.com/world-university-rankings,
Indian Overseas Bank,Universitat Bayreuth,Germany,Top 300+ as per QS Rankings 2026,https://www.topuniversities.com/world-university-rankings,
Indian Overseas Bank,Iowa State University,United States of America,Top 300+ as per QS Rankings 2026,https://www.topuniversities.com/world-university-rankings,
Indian Overseas Bank,Kazan Federal University,Russian Federation,Top 300+ as per QS Rankings 2026,https://www.topuniversities.com/world-university-rankings,
Indian Overseas Bank,"Universidade Estadual Paulista ""Julio de Mesquita Filho"" (UNESP)",Brazil,Top 300+ as per QS Rankings 2026,https://www.topuniversities.com/world-university-rankings,
Indian Overseas Bank,Johannes Gutenberg Universitat Mainz,Germany,Top 300+ as per QS Rankings 2026,https://www.topuniversities.com/world-university-rankings,
Indian Overseas Bank,Shenzhen University,China,Top 300+ as per QS Rankings 2026,https://www.topuniversities.com/world-university-rankings,
Indian Overseas Bank,Stony Brook University,United States of America,Top 300+ as per QS Rankings 2026,https://www.topuniversities.com/world-university-rankings,
Indian Overseas Bank,University of Cyprus,Cyprus,Top 300+ as per QS Rankings 2026,https://www.topuniversities.com/world-university-rankings,
Indian Overseas Bank,Amirkabir University of Technology,Iran,Top 300+ as per QS Rankings 2026,https://www.topuniversities.com/world-university-rankings,
Indian Overseas Bank,University of Essex,United Kingdom,Top 300+ as per QS Rankings 2026,https://www.topuniversities.com/world-university-rankings,
Indian Overseas Bank,Colorado State University,United States of America,Top 300+ as per QS Rankings 2026,https://www.topuniversities.com/world-university-rankings,
Indian Overseas Bank,Universidad Nacional de La Plata,Argentina,Top 300+ as per QS Rankings 2026,https://www.topuniversities.com/world-university-rankings,
Indian Overseas Bank,"University of California, Santa Cruz",United States of America,Top 300+ as per QS Rankings 2026,https://www.topuniversities.com/world-university-rankings,
Indian Overseas Bank,Jordan University of Science & Technology,Jordan,Top 300+ as per QS Rankings 2026,https://www.topuniversities.com/world-university-rankings,
Indian Overseas Bank,Novosibirsk State University,Russian Federation,Top 300+ as per QS Rankings 2026,https://www.topuniversities.com/world-university-rankings,
Indian Overseas Bank,Royal Holloway University of London,United Kingdom,Top 300+ as per QS Rankings 2026,https://www.topuniversities.com/world-university-rankings,
Indian Overseas Bank,Universita Vita-Salute San Raffaele,Italy,Top 300+ as per QS Rankings 2026,https://www.topuniversities.com/world-university-rankings,
Indian Overseas Bank,Anna University,India,Top 300+ as per QS Rankings 2026,https://www.topuniversities.com/world-university-rankings,
Indian Overseas Bank,Concordia University,Canada,Top 300+ as per QS Rankings 2026,https://www.topuniversities.com/world-university-rankings,
Indian Overseas Bank,Shanghai University,China,Top 300+ as per QS Rankings 2026,https://www.topuniversities.com/world-university-rankings,
Indian Overseas Bank,University of Kansas,United States of America,Top 300+ as per QS Rankings 2026,https://www.topuniversities.com/world-university-rankings,
Indian Overseas Bank,Ben Gurion University of The Negev,Israel,Top 300+ as per QS Rankings 2026,https://www.topuniversities.com/world-university-rankings,
Indian Overseas Bank,Laval University,Canada,Top 300+ as per QS Rankings 2026,https://www.topuniversities.com/world-university-rankings,
Indian Overseas Bank,Tashkent Institute of Irrigation and Agricultural Mechanization Engineers - National Research University (TIIAME-NRU),Uzbekistan,Top 300+ as per QS Rankings 2026,https://www.topuniversities.com/world-university-rankings,
Indian Overseas Bank,Universidad de Sevilla,Spain,Top 300+ as per QS Rankings 2026,https://www.topuniversities.com/world-university-rankings,
Indian Overseas Bank,Jilin University,China,Top 300+ as per QS Rankings 2026,https://www.topuniversities.com/world-university-rankings,
Indian Overseas Bank,Johannes Kepler University Linz,Austria,Top 300+ as per QS Rankings 2026,https://www.topuniversities.com/world-university-rankings,
Indian Overseas Bank,Pusan National University,South Korea,Top 300+ as per QS Rankings 2026,https://www.topuniversities.com/world-university-rankings,
Indian Overseas Bank,Universita della Svizzera Italiana,Switzerland,Top 300+ as per QS Rankings 2026,https://www.topuniversities.com/world-university-rankings,
Indian Overseas Bank,Moscow Institute of Physics and Technology State University,Russian Federation,Top 300+ as per QS Rankings 2026,https://www.topuniversities.com/world-university-rankings,
Indian Overseas Bank,Universitat Potsdam,Germany,Top 300+ as per QS Rankings 2026,https://www.topuniversities.com/world-university-rankings,
Indian Overseas Bank,Chung-Ang University,South Korea,Top 300+ as per QS Rankings 2026,https://www.topuniversities.com/world-university-rankings,
Indian Overseas Bank,Hiroshima University,Japan,Top 300+ as per QS Rankings 2026,https://www.topuniversities.com/world-university-rankings,
Indian Overseas Bank,University of Science and Technology Beijing,China,Top 300+ as per QS Rankings 2026,https://www.topuniversities.com/world-university-rankings,
Indian Overseas Bank,Dalian University of Technology,China,Top 300+ as per QS Rankings 2026,https://www.topuniversities.com/world-university-rankings,
Indian Overseas Bank,Duy Tan University,Vietnam,Top 300+ as per QS Rankings 2026,https://www.topuniversities.com/world-university-rankings,
Indian Overseas Bank,Kobe University,Japan,Top 300+ as per QS Rankings 2026,https://www.topuniversities.com/world-university-rankings,
Indian Overseas Bank,Aristotle University of Thessaloniki,Greece,Top 300+ as per QS Rankings 2026,https://www.topuniversities.com/world-university-rankings,
Indian Overseas Bank,University of Trento,Italy,Top 300+ as per QS Rankings 2026,https://www.topuniversities.com/world-university-rankings,
Indian Overseas Bank,Edith Cowan University,Australia,Top 300+ as per QS Rankings 2026,https://www.topuniversities.com/world-university-rankings,
Indian Overseas Bank,Technische Universitat Bergakademie Freiberg,Germany,Top 300+ as per QS Rankings 2026,https://www.topuniversities.com/world-university-rankings,
Indian Overseas Bank,Warsaw University of Technology,Poland,Top 300+ as per QS Rankings 2026,https://www.topuniversities.com/world-university-rankings,
Indian Overseas Bank,Universidad de Santiago de Chile - USACH,Chile,Top 300+ as per QS Rankings 2026,https://www.topuniversities.com/world-university-rankings,
Indian Overseas Bank,Central South University,China,Top 300+ as per QS Rankings 2026,https://www.topuniversities.com/world-university-rankings,
Indian Overseas Bank,Imam Abdulrahman Bin Faisal University (formerly University of Dammam),Saudi Arabia,Top 300+ as per QS Rankings 2026,https://www.topuniversities.com/world-university-rankings,
Indian Overseas Bank,Universiti Utara Malaysia (UUM),Malaysia,Top 300+ as per QS Rankings 2026,https://www.topuniversities.com/world-university-rankings,
Indian Overseas Bank,University of Bordeaux,France,Top 300+ as per QS Rankings 2026,https://www.topuniversities.com/world-university-rankings,
Indian Overseas Bank,University of Canberra,Australia,Top 300+ as per QS Rankings 2026,https://www.topuniversities.com/world-university-rankings,
Indian Overseas Bank,Iran University of Science and Technology,Iran,Top 300+ as per QS Rankings 2026,https://www.topuniversities.com/world-university-rankings,
Indian Overseas Bank,Justus-Liebig-Universitat Giessen,Germany,Top 300+ as per QS Rankings 2026,https://www.topuniversities.com/world-university-rankings,
Indian Overseas Bank,University of Jyvaskyla,Finland,Top 300+ as per QS Rankings 2026,https://www.topuniversities.com/world-university-rankings,
Indian Overseas Bank,Central Queensland University Australia (CQUniversity),Australia,Top 300+ as per QS Rankings 2026,https://www.topuniversities.com/world-university-rankings,
Indian Overseas Bank,Northwestern Polytechnical University,China,Top 300+ as per QS Rankings 2026,https://www.topuniversities.com/world-university-rankings,
Indian Overseas Bank,Tomsk State University,Russian Federation,Top 300+ as per QS Rankings 2026,https://www.topuniversities.com/world-university-rankings,
Indian Overseas Bank,Universidad de Costa Rica,Costa Rica,Top 300+ as per QS Rankings 2026,https://www.topuniversities.com/world-university-rankings,
Indian Overseas Bank,Shoolini University of Biotechnology and Management Sciences,India,Top 300+ as per QS Rankings 2026,https://www.topuniversities.com/world-university-rankings,
Indian Overseas Bank,China Agricultural University,China,Top 300+ as per QS Rankings 2026,https://www.topuniversities.com/world-university-rankings,
Indian Overseas Bank,Chongqing University,China,Top 300+ as per QS Rankings 2026,https://www.topuniversities.com/world-university-rankings,
Indian Overseas Bank,Ewha Womans University,South Korea,Top 300+ as per QS Rankings 2026,https://www.topuniversities.com/world-university-rankings,
Indian Overseas Bank,Hunan University,China,Top 300+ as per QS Rankings 2026,https://www.topuniversities.com/world-university-rankings,
Indian Overseas Bank,University of Guelph,Canada,Top 300+ as per QS Rankings 2026,https://www.topuniversities.com/world-university-rankings,
Indian Overseas Bank,China Medical University,Taiwan,Top 300+ as per QS Rankings 2026,https://www.topuniversities.com/world-university-rankings,
Indian Overseas Bank,Institut Teknologi Sepuluh Nopember (ITS),Indonesia,Top 300+ as per QS Rankings 2026,https://www.topuniversities.com/world-university-rankings,
Indian Overseas Bank,INTI International University,Malaysia,Top 300+ as per QS Rankings 2026,https://www.topuniversities.com/world-university-rankings,
Indian Overseas Bank,Ateneo de Manila University,Philippines,Top 300+ as per QS Rankings 2026,https://www.topuniversities.com/world-university-rankings,
Indian Overseas Bank,Singapore Management University,Singapore,Top 300+ as per QS Rankings 2026,https://www.topuniversities.com/world-university-rankings,
Indian Overseas Bank,SOAS University of London,United Kingdom,Top 300+ as per QS Rankings 2026,https://www.topuniversities.com/world-university-rankings,
Indian Overseas Bank,University of Bradford,United Kingdom,Top 300+ as per QS Rankings 2026,https://www.topuniversities.com/world-university-rankings,
Indian Overseas Bank,Lebanese University,Lebanon,Top 300+ as per QS Rankings 2026,https://www.topuniversities.com/world-university-rankings,
Indian Overseas Bank,Universitas Padjadjaran (UNPAD),Indonesia,Top 300+ as per QS Rankings 2026,https://www.topuniversities.com/world-university-rankings,
Indian Overseas Bank,Pontificia Universidad Catolica Argentina Santa Maria de los Buenos Aires - UCA,Argentina,Top 300+ as per QS Rankings 2026,https://www.topuniversities.com/world-university-rankings,
Indian Overseas Bank,University of Stirling,United Kingdom,Top 300+ as per QS Rankings 2026,https://www.topuniversities.com/world-university-rankings,
Indian Overseas Bank,Kyungpook National University,South Korea,Top 300+ as per QS Rankings 2026,https://www.topuniversities.com/world-university-rankings,
Indian Overseas Bank,Singapore University of Technology and Design,Singapore,Top 300+ as per QS Rankings 2026,https://www.topuniversities.com/world-university-rankings,
Indian Overseas Bank,Universidad Austral - Argentina,Argentina,Top 300+ as per QS Rankings 2026,https://www.topuniversities.com/world-university-rankings,
Indian Overseas Bank,University of Electronic Science and Technology of China,China,Top 300+ as per QS Rankings 2026,https://www.topuniversities.com/world-university-rankings,
Indian Overseas Bank,Ural Federal University,Russian Federation,Top 300+ as per QS Rankings 2026,https://www.topuniversities.com/world-university-rankings,
Indian Overseas Bank,University of Huddersfield,United Kingdom,Top 300+ as per QS Rankings 2026,https://www.topuniversities.com/world-university-rankings,
Indian Overseas Bank,University of Georgia,United States of America,Top 300+ as per QS Rankings 2026,https://www.topuniversities.com/world-university-rankings,
Indian Overseas Bank,Boston College,United States of America,Top 300+ as per QS Rankings 2026,https://www.topuniversities.com/world-university-rankings,
Indian Overseas Bank,Chiang Mai University,Thailand,Top 300+ as per QS Rankings 2026,https://www.topuniversities.com/world-university-rankings,
Indian Overseas Bank,University of Hull,United Kingdom,Top 300+ as per QS Rankings 2026,https://www.topuniversities.com/world-university-rankings,
Indian Overseas Bank,University of Salamanca,Spain,Top 300+ as per QS Rankings 2026,https://www.topuniversities.com/world-university-rankings,
Indian Overseas Bank,The Education University of Hong Kong,China,Top 300+ as per QS Rankings 2026,https://www.topuniversities.com/world-university-rankings,
Indian Overseas Bank,Universitat Bremen,Germany,Top 300+ as per QS Rankings 2026,https://www.topuniversities.com/world-university-rankings,
Indian Overseas Bank,University of Genoa,Italy,Top 300+ as per QS Rankings 2026,https://www.topuniversities.com/world-university-rankings,
Indian Overseas Bank,University of Iowa,United States of America,Top 300+ as per QS Rankings 2026,https://www.topuniversities.com/world-university-rankings,
Indian Overseas Bank,University of Connecticut,United States of America,Top 300+ as per QS Rankings 2026,https://www.topuniversities.com/world-university-rankings,
Indian Overseas Bank,King Khalid University,Saudi Arabia,Top 300+ as per QS Rankings 2026,https://www.topuniversities.com/world-university-rankings,
Indian Overseas Bank,Lebanese American University,Lebanon,Top 300+ as per QS Rankings 2026,https://www.topuniversities.com/world-university-rankings,
Indian Overseas Bank,Prince Sultan University,Saudi Arabia,Top 300+ as per QS Rankings 2026,https://www.topuniversities.com/world-university-rankings,
Indian Overseas Bank,Universitat Leipzig,Germany,Top 300+ as per QS Rankings 2026,https://www.topuniversities.com/world-university-rankings,
Indian Overseas Bank,University of Ljubljana,Slovenia,Top 300+ as per QS Rankings 2026,https://www.topuniversities.com/world-university-rankings,
Indian Overseas Bank,Jinan University (China),China,Top 300+ as per QS Rankings 2026,https://www.topuniversities.com/world-university-rankings,
Indian Overseas Bank,University of Utah,United States of America,Top 300+ as per QS Rankings 2026,https://www.topuniversities.com/world-university-rankings,
Indian Overseas Bank,Ain Shams University,Egypt,Top 300+ as per QS Rankings 2026,https://www.topuniversities.com/world-university-rankings,
Indian Overseas Bank,Universiti Teknologi MARA - UiTM,Malaysia,Top 300+ as per QS Rankings 2026,https://www.topuniversities.com/world-university-rankings,
Indian Overseas Bank,University of Milano-Bicocca,Italy,Top 300+ as per QS Rankings 2026,https://www.topuniversities.com/world-university-rankings,
Indian Overseas Bank,University of the Punjab,Pakistan,Top 300+ as per QS Rankings 2026,https://www.topuniversities.com/world-university-rankings,
Indian Overseas Bank,Universitat Ulm,Germany,Top 300+ as per QS Rankings 2026,https://www.topuniversities.com/world-university-rankings,
Indian Overseas Bank,University of Hawaii at Manoa,United States of America,Top 300+ as per QS Rankings 2026,https://www.topuniversities.com/world-university-rankings,
Indian Overseas Bank,University of Windsor,Canada,Top 300+ as per QS Rankings 2026,https://www.topuniversities.com/world-university-rankings,
Indian Overseas Bank,Florida State University,United States of America,Top 300+ as per QS Rankings 2026,https://www.topuniversities.com/world-university-rankings,
Indian Overseas Bank,Northumbria University at Newcastle,United Kingdom,Top 300+ as per QS Rankings 2026,https://www.topuniversities.com/world-university-rankings,
Indian Overseas Bank,Thammasat University,Thailand,Top 300+ as per QS Rankings 2026,https://www.topuniversities.com/world-university-rankings,
Indian Overseas Bank,Universiti Tenaga Nasional (UNITEN),Malaysia,Top 300+ as per QS Rankings 2026,https://www.topuniversities.com/world-university-rankings,
Indian Overseas Bank,Hitotsubashi University,Japan,Top 300+ as per QS Rankings 2026,https://www.topuniversities.com/world-university-rankings,
Indian Overseas Bank,University of Delaware,United States of America,Top 300+ as per QS Rankings 2026,https://www.topuniversities.com/world-university-rankings,
Indian Overseas Bank,Lahore University of Management Sciences (LUMS),Pakistan,Top 300+ as per QS Rankings 2026,https://www.topuniversities.com/world-university-rankings,
Indian Overseas Bank,Indian Institute of Technology Indore,India,Top 300+ as per QS Rankings 2026,https://www.topuniversities.com/world-university-rankings,
Indian Overseas Bank,University of Houston,United States of America,Top 300+ as per QS Rankings 2026,https://www.topuniversities.com/world-university-rankings,
Indian Overseas Bank,Al Ain University,United Arab Emirates,Top 300+ as per QS Rankings 2026,https://www.topuniversities.com/world-university-rankings,
Indian Overseas Bank,Coventry University,United Kingdom,Top 300+ as per QS Rankings 2026,https://www.topuniversities.com/world-university-rankings,
Indian Overseas Bank,Jawaharlal Nehru University,India,Top 300+ as per QS Rankings 2026,https://www.topuniversities.com/world-university-rankings,
Indian Overseas Bank,Sogang University,South Korea,Top 300+ as per QS Rankings 2026,https://www.topuniversities.com/world-university-rankings,
Indian Overseas Bank,University of Kwazulu-Natal,South Africa,Top 300+ as per QS Rankings 2026,https://www.topuniversities.com/world-university-rankings,
Indian Overseas Bank,Ajou University,South Korea,Top 300+ as per QS Rankings 2026,https://www.topuniversities.com/world-university-rankings,
Indian Overseas Bank,American University of the Middle East,Kuwait,Top 300+ as per QS Rankings 2026,https://www.topuniversities.com/world-university-rankings,
Indian Overseas Bank,University of Debrecen,Hungary,Top 300+ as per QS Rankings 2026,https://www.topuniversities.com/world-university-rankings,
Indian Overseas Bank,Bangor University,United Kingdom,Top 300+ as per QS Rankings 2026,https://www.topuniversities.com/world-university-rankings,
Indian Overseas Bank,Indian Institute of Technology BHU Varanasi (IIT BHU Varanasi),India,Top 300+ as per QS Rankings 2026,https://www.topuniversities.com/world-university-rankings,
Indian Overseas Bank,Renmin (Peoples) University of China,China,Top 300+ as per QS Rankings 2026,https://www.topuniversities.com/world-university-rankings,
Indian Overseas Bank,Savitribai Phule Pune University,India,Top 300+ as per QS Rankings 2026,https://www.topuniversities.com/world-university-rankings,
Indian Overseas Bank,University of Minho,Portugal,Top 300+ as per QS Rankings 2026,https://www.topuniversities.com/world-university-rankings,
Indian Overseas Bank,Colorado School of Mines,United States of America,Top 300+ as per QS Rankings 2026,https://www.topuniversities.com/world-university-rankings,
Indian Overseas Bank,Hacettepe University,Türkiye,Top 300+ as per QS Rankings 2026,https://www.topuniversities.com/world-university-rankings,
Indian Overseas Bank,Isfahan University of Technology,Iran,Top 300+ as per QS Rankings 2026,https://www.topuniversities.com/world-university-rankings,
Indian Overseas Bank,Pontificia Universidade Catolica do Rio de Janeiro (PUC - Rio),Brazil,Top 300+ as per QS Rankings 2026,https://www.topuniversities.com/world-university-rankings,
Indian Overseas Bank,Brno University of Technology,Czechia,Top 300+ as per QS Rankings 2026,https://www.topuniversities.com/world-university-rankings,
Indian Overseas Bank,Chandigarh University,India,Top 300+ as per QS Rankings 2026,https://www.topuniversities.com/world-university-rankings,
Indian Overseas Bank,Universitat Jena,Germany,Top 300+ as per QS Rankings 2026,https://www.topuniversities.com/world-university-rankings,
Indian Overseas Bank,Universidad Adolfo Ibanez,Chile,Top 300+ as per QS Rankings 2026,https://www.topuniversities.com/world-university-rankings,
Indian Overseas Bank,Universiti Teknologi Brunei,Brunei Darussalam,Top 300+ as per QS Rankings 2026,https://www.topuniversities.com/world-university-rankings,
Indian Overseas Bank,University of Tabriz,Iran,Top 300+ as per QS Rankings 2026,https://www.topuniversities.com/world-university-rankings,
Indian Overseas Bank,Universidad Pontificia Comillas,Spain,Top 300+ as per QS Rankings 2026,https://www.topuniversities.com/world-university-rankings,
Indian Overseas Bank,Florida International University,United States of America,Top 300+ as per QS Rankings 2026,https://www.topuniversities.com/world-university-rankings,
Indian Overseas Bank,University of Iceland,Iceland,Top 300+ as per QS Rankings 2026,https://www.topuniversities.com/world-university-rankings,
Indian Overseas Bank,Charles Darwin University,Australia,Top 300+ as per QS Rankings 2026,https://www.topuniversities.com/world-university-rankings,
Indian Overseas Bank,Eotvos Lorand University,Hungary,Top 300+ as per QS Rankings 2026,https://www.topuniversities.com/world-university-rankings,
Indian Overseas Bank,University of Dhaka,Bangladesh,Top 300+ as per QS Rankings 2026,https://www.topuniversities.com/world-university-rankings,
Indian Overseas Bank,American University,United States of America,Top 300+ as per QS Rankings 2026,https://www.topuniversities.com/world-university-rankings,
Indian Overseas Bank,National Central University,Taiwan,Top 300+ as per QS Rankings 2026,https://www.topuniversities.com/world-university-rankings,
Indian Overseas Bank,University Claude Bernard Lyon 1,France,Top 300+ as per QS Rankings 2026,https://www.topuniversities.com/world-university-rankings,
Indian Overseas Bank,University Paul Sabatier Toulouse 3,France,Top 300+ as per QS Rankings 2026,https://www.topuniversities.com/world-university-rankings,
Indian Overseas Bank,American University of Ras Al Khaimah ( AURAK ),United Arab Emirates,Top 300+ as per QS Rankings 2026,https://www.topuniversities.com/world-university-rankings,
Indian Overseas Bank,Bond University,Australia,Top 300+ as per QS Rankings 2026,https://www.topuniversities.com/world-university-rankings,
Indian Overseas Bank,Illinois Institute of Technology,United States of America,Top 300+ as per QS Rankings 2026,https://www.topuniversities.com/world-university-rankings,
Indian Overseas Bank,National Research Nuclear University MEPhI (Moscow Engineering Physics Institute),Russian Federation,Top 300+ as per QS Rankings 2026,https://www.topuniversities.com/world-university-rankings,
Indian Overseas Bank,Universidade Federal de Minas Gerais,Brazil,Top 300+ as per QS Rankings 2026,https://www.topuniversities.com/world-university-rankings,
Indian Overseas Bank,Zayed University,United Arab Emirates,Top 300+ as per QS Rankings 2026,https://www.topuniversities.com/world-university-rankings,
Indian Overseas Bank,Asia Pacific University of Technology and Innovation (APU) Malaysia,Malaysia,Top 300+ as per QS Rankings 2026,https://www.topuniversities.com/world-university-rankings,
Indian Overseas Bank,Hasselt University,Belgium,Top 300+ as per QS Rankings 2026,https://www.topuniversities.com/world-university-rankings,
Indian Overseas Bank,Management and Science University - MSU Malaysia,Malaysia,Top 300+ as per QS Rankings 2026,https://www.topuniversities.com/world-university-rankings,
Indian Overseas Bank,Taipei Medical University,Taiwan,Top 300+ as per QS Rankings 2026,https://www.topuniversities.com/world-university-rankings,
Indian Overseas Bank,Tulane University,United States of America,Top 300+ as per QS Rankings 2026,https://www.topuniversities.com/world-university-rankings,
Indian Overseas Bank,University of Szeged,Hungary,Top 300+ as per QS Rankings 2026,https://www.topuniversities.com/world-university-rankings,
Indian Overseas Bank,University of Texas at Dallas,United States of America,Top 300+ as per QS Rankings 2026,https://www.topuniversities.com/world-university-rankings,
Indian Overseas Bank,Canadian University of Dubai,United Arab Emirates,Top 300+ as per QS Rankings 2026,https://www.topuniversities.com/world-university-rankings,
Indian Overseas Bank,National Chengchi University,Taiwan,Top 300+ as per QS Rankings 2026,https://www.topuniversities.com/world-university-rankings,
Indian Overseas Bank,University of Eastern Finland,Finland,Top 300+ as per QS Rankings 2026,https://www.topuniversities.com/world-university-rankings,
Indian Overseas Bank,University of Siena,Italy,Top 300+ as per QS Rankings 2026,https://www.topuniversities.com/world-university-rankings,
Indian Overseas Bank,University of Tennessee,United States of America,Top 300+ as per QS Rankings 2026,https://www.topuniversities.com/world-university-rankings,
Indian Overseas Bank,Nottingham Trent University,United Kingdom,Top 300+ as per QS Rankings 2026,https://www.topuniversities.com/world-university-rankings,
Indian Overseas Bank,Peter the Great St.Petersburg Polytechnic University,Russian Federation,Top 300+ as per QS Rankings 2026,https://www.topuniversities.com/world-university-rankings,
Indian Overseas Bank,Universiti Malaysia Pahang Al-Sultan Abdullah (UMPSA),Malaysia,Top 300+ as per QS Rankings 2026,https://www.topuniversities.com/world-university-rankings,
Indian Overseas Bank,University of Ulster,United Kingdom,Top 300+ as per QS Rankings 2026,https://www.topuniversities.com/world-university-rankings,
Indian Overseas Bank,Applied Science University - Bahrain,Bahrain,Top 300+ as per QS Rankings 2026,https://www.topuniversities.com/world-university-rankings,
Indian Overseas Bank,City University of New York,United States of America,Top 300+ as per QS Rankings 2026,https://www.topuniversities.com/world-university-rankings,
Indian Overseas Bank,International Islamic University Malaysia (IIUM),Malaysia,Top 300+ as per QS Rankings 2026,https://www.topuniversities.com/world-university-rankings,
Indian Overseas Bank,Universidad de Concepcion,Chile,Top 300+ as per QS Rankings 2026,https://www.topuniversities.com/world-university-rankings,
Indian Overseas Bank,University of Plymouth,United Kingdom,Top 300+ as per QS Rankings 2026,https://www.topuniversities.com/world-university-rankings,
Indian Overseas Bank,Christian-Albrechts-Universitat zu Kiel,Germany,Top 300+ as per QS Rankings 2026,https://www.topuniversities.com/world-university-rankings,
Indian Overseas Bank,Dongguk University,South Korea,Top 300+ as per QS Rankings 2026,https://www.topuniversities.com/world-university-rankings,
Indian Overseas Bank,Saint Joseph University of Beirut (USJ),Lebanon,Top 300+ as per QS Rankings 2026,https://www.topuniversities.com/world-university-rankings,
Indian Overseas Bank,Zhengzhou University,China,Top 300+ as per QS Rankings 2026,https://www.topuniversities.com/world-university-rankings,
Indian Overseas Bank,Umm Al-Qura University,Saudi Arabia,Top 300+ as per QS Rankings 2026,https://www.topuniversities.com/world-university-rankings,
Indian Overseas Bank,University of New Brunswick,Canada,Top 300+ as per QS Rankings 2026,https://www.topuniversities.com/world-university-rankings,
Indian Overseas Bank,Diponegoro University,Indonesia,Top 300+ as per QS Rankings 2026,https://www.topuniversities.com/world-university-rankings,
Indian Overseas Bank,Oregon State University,United States of America,Top 300+ as per QS Rankings 2026,https://www.topuniversities.com/world-university-rankings,
Indian Overseas Bank,Universidad del Pais Vasco,Spain,Top 300+ as per QS Rankings 2026,https://www.topuniversities.com/world-university-rankings,
Indian Overseas Bank,Yeshiva University,United States of America,Top 300+ as per QS Rankings 2026,https://www.topuniversities.com/world-university-rankings,
Indian Overseas Bank,Istanbul University,Türkiye,Top 300+ as per QS Rankings 2026,https://www.topuniversities.com/world-university-rankings,
Indian Overseas Bank,Kazakh National Pedagogical University Abai,Kazakhstan,Top 300+ as per QS Rankings 2026,https://www.topuniversities.com/world-university-rankings,
Indian Overseas Bank,Missouri University of Science and Technology,United States of America,Top 300+ as per QS Rankings 2026,https://www.topuniversities.com/world-university-rankings,
Indian Overseas Bank,National Chung Hsing University,Taiwan,Top 300+ as per QS Rankings 2026,https://www.topuniversities.com/world-university-rankings,
Indian Overseas Bank,Universidade de Santiago de Compostela,Spain,Top 300+ as per QS Rankings 2026,https://www.topuniversities.com/world-university-rankings,
Indian Overseas Bank,University of Crete,Greece,Top 300+ as per QS Rankings 2026,https://www.topuniversities.com/world-university-rankings,
Indian Overseas Bank,University of South Carolina,United States of America,Top 300+ as per QS Rankings 2026,https://www.topuniversities.com/world-university-rankings,
Indian Overseas Bank,Tallinn University of Technology,Estonia,Top 300+ as per QS Rankings 2026,https://www.topuniversities.com/world-university-rankings,
Indian Overseas Bank,Universitat des Saarlandes,Germany,Top 300+ as per QS Rankings 2026,https://www.topuniversities.com/world-university-rankings,
Indian Overseas Bank,University of Portsmouth,United Kingdom,Top 300+ as per QS Rankings 2026,https://www.topuniversities.com/world-university-rankings,
Indian Overseas Bank,"Lincoln University College, Malaysia",Malaysia,Top 300+ as per QS Rankings 2026,https://www.topuniversities.com/world-university-rankings,
Indian Overseas Bank,Southern Cross University,Australia,Top 300+ as per QS Rankings 2026,https://www.topuniversities.com/world-university-rankings,
Indian Overseas Bank,Universidad de Zaragoza,Spain,Top 300+ as per QS Rankings 2026,https://www.topuniversities.com/world-university-rankings,
Indian Overseas Bank,"University of Chemistry and Technology, Prague",Czechia,Top 300+ as per QS Rankings 2026,https://www.topuniversities.com/world-university-rankings,
Indian Overseas Bank,University of Fribourg,Switzerland,Top 300+ as per QS Rankings 2026,https://www.topuniversities.com/world-university-rankings,
Indian Overseas Bank,Abo Akademi University,Finland,Top 300+ as per QS Rankings 2026,https://www.topuniversities.com/world-university-rankings,
Indian Overseas Bank,Inha University,South Korea,Top 300+ as per QS Rankings 2026,https://www.topuniversities.com/world-university-rankings,
Indian Overseas Bank,Free University of Bolzano,Italy,Top 300+ as per QS Rankings 2026,https://www.topuniversities.com/world-university-rankings,
Indian Overseas Bank,Manchester Metropolitan University,United Kingdom,Top 300+ as per QS Rankings 2026,https://www.topuniversities.com/world-university-rankings,
Indian Overseas Bank,University of Manitoba,Canada,Top 300+ as per QS Rankings 2026,https://www.topuniversities.com/world-university-rankings,
Indian Overseas Bank,King Faisal University,Saudi Arabia,Top 300+ as per QS Rankings 2026,https://www.topuniversities.com/world-university-rankings,
Indian Overseas Bank,"University of Tromso, The Arctic University of Norway",Norway,Top 300+ as per QS Rankings 2026,https://www.topuniversities.com/world-university-rankings,
Indian Overseas Bank,MGIMO University,Russian Federation,Top 300+ as per QS Rankings 2026,https://www.topuniversities.com/world-university-rankings,
Indian Overseas Bank,Paris Lodron University of Salzburg,Austria,Top 300+ as per QS Rankings 2026,https://www.topuniversities.com/world-university-rankings,
Indian Overseas Bank,Universidad de la Republica (UdelaR),Uruguay,Top 300+ as per QS Rankings 2026,https://www.topuniversities.com/world-university-rankings,
Indian Overseas Bank,University of Brescia,Italy,Top 300+ as per QS Rankings 2026,https://www.topuniversities.com/world-university-rankings,
Indian Overseas Bank,China University of Mining and Technology,China,Top 300+ as per QS Rankings 2026,https://www.topuniversities.com/world-university-rankings,
Indian Overseas Bank,De La Salle University,Philippines,Top 300+ as per QS Rankings 2026,https://www.topuniversities.com/world-university-rankings,
Indian Overseas Bank,Konkuk University,South Korea,Top 300+ as per QS Rankings 2026,https://www.topuniversities.com/world-university-rankings,
Indian Overseas Bank,University of Lille,France,Top 300+ as per QS Rankings 2026,https://www.topuniversities.com/world-university-rankings,
Indian Overseas Bank,"University of Agriculture, Faisalabad",Pakistan,Top 300+ as per QS Rankings 2026,https://www.topuniversities.com/world-university-rankings,
Indian Overseas Bank,University of South Florida,United States of America,Top 300+ as per QS Rankings 2026,https://www.topuniversities.com/world-university-rankings,
Indian Overseas Bank,Bar-Ilan University,Israel,Top 300+ as per QS Rankings 2026,https://www.topuniversities.com/world-university-rankings,
Indian Overseas Bank,Ca Foscari University of Venice,Italy,Top 300+ as per QS Rankings 2026,https://www.topuniversities.com/world-university-rankings,
Indian Overseas Bank,"Kingston University, London",United Kingdom,Top 300+ as per QS Rankings 2026,https://www.topuniversities.com/world-university-rankings,
Indian Overseas Bank,Memorial University of Newfoundland,Canada,Top 300+ as per QS Rankings 2026,https://www.topuniversities.com/world-university-rankings,
Indian Overseas Bank,COMSATS University Islamabad,Pakistan,Top 300+ as per QS Rankings 2026,https://www.topuniversities.com/world-university-rankings,
Indian Overseas Bank,Indian Institute of Technology Hyderabad (IITH),India,Top 300+ as per QS Rankings 2026,https://www.topuniversities.com/world-university-rankings,
Indian Overseas Bank,University of Mumbai,India,Top 300+ as per QS Rankings 2026,https://www.topuniversities.com/world-university-rankings,
Indian Overseas Bank,University of Oklahoma,United States of America,Top 300+ as per QS Rankings 2026,https://www.topuniversities.com/world-university-rankings,
Indian Overseas Bank,Birla Institute of Technology and Science,India,Top 300+ as per QS Rankings 2026,https://www.topuniversities.com/world-university-rankings,
Indian Overseas Bank,Chang Gung University,Taiwan,Top 300+ as per QS Rankings 2026,https://www.topuniversities.com/world-university-rankings,
Indian Overseas Bank,Karl-Franzens-Universitat Graz,Austria,Top 300+ as per QS Rankings 2026,https://www.topuniversities.com/world-university-rankings,
Indian Overseas Bank,Lehigh University,United States of America,Top 300+ as per QS Rankings 2026,https://www.topuniversities.com/world-university-rankings,
Indian Overseas Bank,Palacky University in Olomouc,Czechia,Top 300+ as per QS Rankings 2026,https://www.topuniversities.com/world-university-rankings,
Indian Overseas Bank,East China University of Science and Technology,China,Top 300+ as per QS Rankings 2026,https://www.topuniversities.com/world-university-rankings,
Indian Overseas Bank,Stevens Institute of Technology,United States of America,Top 300+ as per QS Rankings 2026,https://www.topuniversities.com/world-university-rankings,
Indian Overseas Bank,Technische Universitat Dortmund,Germany,Top 300+ as per QS Rankings 2026,https://www.topuniversities.com/world-university-rankings,
Indian Overseas Bank,Beirut Arab University,Lebanon,Top 300+ as per QS Rankings 2026,https://www.topuniversities.com/world-university-rankings,
Indian Overseas Bank,Jadavpur University,India,Top 300+ as per QS Rankings 2026,https://www.topuniversities.com/world-university-rankings,
Indian Overseas Bank,American University in Dubai,United Arab Emirates,Top 300+ as per QS Rankings 2026,https://www.topuniversities.com/world-university-rankings,
Indian Overseas Bank,University of Haifa,Israel,Top 300+ as per QS Rankings 2026,https://www.topuniversities.com/world-university-rankings,
Indian Overseas Bank,HUFS - Hankuk (Korea) University of Foreign Studies,South Korea,Top 300+ as per QS Rankings 2026,https://www.topuniversities.com/world-university-rankings,
Indian Overseas Bank,Nanjing University of Aeronautics and Astronautics,China,Top 300+ as per QS Rankings 2026,https://www.topuniversities.com/world-university-rankings,
Indian Overseas Bank,Ritsumeikan University,Japan,Top 300+ as per QS Rankings 2026,https://www.topuniversities.com/world-university-rankings,
Indian Overseas Bank,University of Brawijaya,Indonesia,Top 300+ as per QS Rankings 2026,https://www.topuniversities.com/world-university-rankings,
Indian Overseas Bank,Comenius University Bratislava,Slovakia,Top 300+ as per QS Rankings 2026,https://www.topuniversities.com/world-university-rankings,
Indian Overseas Bank,Ton Duc Thang University,Vietnam,Top 300+ as per QS Rankings 2026,https://www.topuniversities.com/world-university-rankings,
Indian Overseas Bank,China University of Petroleum,China,Top 300+ as per QS Rankings 2026,https://www.topuniversities.com/world-university-rankings,
Indian Overseas Bank,Cyprus University of Technology,Cyprus,Top 300+ as per QS Rankings 2026,https://www.topuniversities.com/world-university-rankings,
Indian Overseas Bank,Baku State University,Azerbaijan,Top 300+ as per QS Rankings 2026,https://www.topuniversities.com/world-university-rankings,
Indian Overseas Bank,Tomsk Polytechnic University,Russian Federation,Top 300+ as per QS Rankings 2026,https://www.topuniversities.com/world-university-rankings,
Indian Overseas Bank,University Cote dAzur,France,Top 300+ as per QS Rankings 2026,https://www.topuniversities.com/world-university-rankings,
Indian Overseas Bank,Eastern Mediterranean University,Northern Cyprus,Top 300+ as per QS Rankings 2026,https://www.topuniversities.com/world-university-rankings,
Indian Overseas Bank,Universidade Federal do Rio Grande Do Sul,Brazil,Top 300+ as per QS Rankings 2026,https://www.topuniversities.com/world-university-rankings,
Indian Overseas Bank,Universitat Regensburg,Germany,Top 300+ as per QS Rankings 2026,https://www.topuniversities.com/world-university-rankings,
Indian Overseas Bank,"Vellore Institute of Technology (VIT), Vellore, India",India,Top 300+ as per QS Rankings 2026,https://www.topuniversities.com/world-university-rankings,
Indian Overseas Bank,Rensselaer Polytechnic Institute,United States of America,Top 300+ as per QS Rankings 2026,https://www.topuniversities.com/world-university-rankings,
Indian Overseas Bank,Symbiosis International (Deemed University),India,Top 300+ as per QS Rankings 2026,https://www.topuniversities.com/world-university-rankings,
Indian Overseas Bank,TUHH Hamburg University of Technology,Germany,Top 300+ as per QS Rankings 2026,https://www.topuniversities.com/world-university-rankings,
Indian Overseas Bank,Ankara Universitesi,Türkiye,Top 300+ as per QS Rankings 2026,https://www.topuniversities.com/world-university-rankings,
Indian Overseas Bank,Beijing University of Chemical Technology,China,Top 300+ as per QS Rankings 2026,https://www.topuniversities.com/world-university-rankings,
Indian Overseas Bank,Kazakh National Agrarian University,Kazakhstan,Top 300+ as per QS Rankings 2026,https://www.topuniversities.com/world-university-rankings,
Indian Overseas Bank,Tokyo Medical and Dental University,Japan,Top 300+ as per QS Rankings 2026,https://www.topuniversities.com/world-university-rankings,
Indian Overseas Bank,Universidad de Alcala,Spain,Top 300+ as per QS Rankings 2026,https://www.topuniversities.com/world-university-rankings,
Indian Overseas Bank,University of Klagenfurt,Austria,Top 300+ as per QS Rankings 2026,https://www.topuniversities.com/world-university-rankings,
Indian Overseas Bank,"University of Missouri, Columbia",United States of America,Top 300+ as per QS Rankings 2026,https://www.topuniversities.com/world-university-rankings,
Indian Overseas Bank,Jeonbuk National University (formerly known as Chonbuk National University),South Korea,Top 300+ as per QS Rankings 2026,https://www.topuniversities.com/world-university-rankings,
Indian Overseas Bank,Kasetsart University,Thailand,Top 300+ as per QS Rankings 2026,https://www.topuniversities.com/world-university-rankings,
Indian Overseas Bank,"Lingnan University, Hong Kong",China,Top 300+ as per QS Rankings 2026,https://www.topuniversities.com/world-university-rankings,
Indian Overseas Bank,Nanjing University of Science and Technology,China,Top 300+ as per QS Rankings 2026,https://www.topuniversities.com/world-university-rankings,
Indian Overseas Bank,Shiraz University,Iran,Top 300+ as per QS Rankings 2026,https://www.topuniversities.com/world-university-rankings,
Indian Overseas Bank,Universidad Panamericana (UP),Mexico,Top 300+ as per QS Rankings 2026,https://www.topuniversities.com/world-university-rankings,
Indian Overseas Bank,University of Central Florida,United States of America,Top 300+ as per QS Rankings 2026,https://www.topuniversities.com/world-university-rankings,
Indian Overseas Bank,University of Zagreb,Croatia,Top 300+ as per QS Rankings 2026,https://www.topuniversities.com/world-university-rankings,
Indian Overseas Bank,Asia University Taiwan,Taiwan,Top 300+ as per QS Rankings 2026,https://www.topuniversities.com/world-university-rankings,
Indian Overseas Bank,Budapest University of Technology and Economics,Hungary,Top 300+ as per QS Rankings 2026,https://www.topuniversities.com/world-university-rankings,
Indian Overseas Bank,Drexel University,United States of America,Top 300+ as per QS Rankings 2026,https://www.topuniversities.com/world-university-rankings,
Indian Overseas Bank,"Goldsmiths, University of London",United Kingdom,Top 300+ as per QS Rankings 2026,https://www.topuniversities.com/world-university-rankings,
Indian Overseas Bank,ISCTE - Instituto Universitario de Lisboa,Portugal,Top 300+ as per QS Rankings 2026,https://www.topuniversities.com/world-university-rankings,
Indian Overseas Bank,ITMO University,Russian Federation,Top 300+ as per QS Rankings 2026,https://www.topuniversities.com/world-university-rankings,
Indian Overseas Bank,Technische Universitat Braunschweig,Germany,Top 300+ as per QS Rankings 2026,https://www.topuniversities.com/world-university-rankings,
Indian Overseas Bank,Toronto Metropolitan University (formerly Ryerson University),Canada,Top 300+ as per QS Rankings 2026,https://www.topuniversities.com/world-university-rankings,
Indian Overseas Bank,Universitat Hohenheim,Germany,Top 300+ as per QS Rankings 2026,https://www.topuniversities.com/world-university-rankings,
Indian Overseas Bank,University of Rennes 1,France,Top 300+ as per QS Rankings 2026,https://www.topuniversities.com/world-university-rankings,
Indian Overseas Bank,University of Nebraska-Lincoln,United States of America,Top 300+ as per QS Rankings 2026,https://www.topuniversities.com/world-university-rankings,
Indian Overseas Bank,National University of Science and Technology MISiS,Russian Federation,Top 300+ as per QS Rankings 2026,https://www.topuniversities.com/world-university-rankings,
Indian Overseas Bank,National University of Uzbekistan,Uzbekistan,Top 300+ as per QS Rankings 2026,https://www.topuniversities.com/world-university-rankings,
Indian Overseas Bank,Pakistan Institute of Engineering and Applied Sciences (PIEAS),Pakistan,Top 300+ as per QS Rankings 2026,https://www.topuniversities.com/world-university-rankings,
Indian Overseas Bank,Prince Sattam Bin Abdulaziz University,Saudi Arabia,Top 300+ as per QS Rankings 2026,https://www.topuniversities.com/world-university-rankings,
Indian Overseas Bank,Taras Shevchenko National University of Kyiv,Ukraine,Top 300+ as per QS Rankings 2026,https://www.topuniversities.com/world-university-rankings,
Indian Overseas Bank,Temple University,United States of America,Top 300+ as per QS Rankings 2026,https://www.topuniversities.com/world-university-rankings,
Indian Overseas Bank,University of Cincinnati,United States of America,Top 300+ as per QS Rankings 2026,https://www.topuniversities.com/world-university-rankings,
Indian Overseas Bank,University of Patras,Greece,Top 300+ as per QS Rankings 2026,https://www.topuniversities.com/world-university-rankings,
Indian Overseas Bank,UWE Bristol (University of the West of England),United Kingdom,Top 300+ as per QS Rankings 2026,https://www.topuniversities.com/world-university-rankings,
Indian Overseas Bank,Auezov South Kazakhstan State University (SKSU),Kazakhstan,Top 300+ as per QS Rankings 2026,https://www.topuniversities.com/world-university-rankings,
Indian Overseas Bank,Far Eastern Federal University,Russian Federation,Top 300+ as per QS Rankings 2026,https://www.topuniversities.com/world-university-rankings,
Indian Overseas Bank,National Institute of Technology Tiruchirappalli,India,Top 300+ as per QS Rankings 2026,https://www.topuniversities.com/world-university-rankings,
Indian Overseas Bank,Princess Nourah bint Abdulrahman University,Saudi Arabia,Top 300+ as per QS Rankings 2026,https://www.topuniversities.com/world-university-rankings,
Indian Overseas Bank,SEGi University,Malaysia,Top 300+ as per QS Rankings 2026,https://www.topuniversities.com/world-university-rankings,
Indian Overseas Bank,"Sofia University ""St. Kliment Ohridski""",Bulgaria,Top 300+ as per QS Rankings 2026,https://www.topuniversities.com/world-university-rankings,
Indian Overseas Bank,Texas Tech University,United States of America,Top 300+ as per QS Rankings 2026,https://www.topuniversities.com/world-university-rankings,
Indian Overseas Bank,Universidad Central de Venezuela - UCV,Venezuela,Top 300+ as per QS Rankings 2026,https://www.topuniversities.com/world-university-rankings,
Indian Overseas Bank,University of Tunis El Manar,Tunisia,Top 300+ as per QS Rankings 2026,https://www.topuniversities.com/world-university-rankings,
Indian Overseas Bank,Yildiz Technical University,Türkiye,Top 300+ as per QS Rankings 2026,https://www.topuniversities.com/world-university-rankings,
Indian Overseas Bank,Aberystwyth University,United Kingdom,Top 300+ as per QS Rankings 2026,https://www.topuniversities.com/world-university-rankings,
Indian Overseas Bank,Adam Mickiewicz University,Poland,Top 300+ as per QS Rankings 2026,https://www.topuniversities.com/world-university-rankings,
Indian Overseas Bank,Brandeis University,United States of America,Top 300+ as per QS Rankings 2026,https://www.topuniversities.com/world-university-rankings,
Indian Overseas Bank,Kaunas University of Technology,Lithuania,Top 300+ as per QS Rankings 2026,https://www.topuniversities.com/world-university-rankings,
Indian Overseas Bank,Plekhanov Russian University of Economics,Russian Federation,Top 300+ as per QS Rankings 2026,https://www.topuniversities.com/world-university-rankings,
Indian Overseas Bank,Shahid Beheshti University (SBU),Iran,Top 300+ as per QS Rankings 2026,https://www.topuniversities.com/world-university-rankings,
Indian Overseas Bank,Syracuse University,United States of America,Top 300+ as per QS Rankings 2026,https://www.topuniversities.com/world-university-rankings,
Indian Overseas Bank,The Catholic University of Korea,South Korea,Top 300+ as per QS Rankings 2026,https://www.topuniversities.com/world-university-rankings,
Indian Overseas Bank,University of Baghdad,Iraq,Top 300+ as per QS Rankings 2026,https://www.topuniversities.com/world-university-rankings,
Indian Overseas Bank,University of Malta,Malta,Top 300+ as per QS Rankings 2026,https://www.topuniversities.com/world-university-rankings,
Indian Overseas Bank,University of Messina,Italy,Top 300+ as per QS Rankings 2026,https://www.topuniversities.com/world-university-rankings,
Indian Overseas Bank,University of Pecs,Hungary,Top 300+ as per QS Rankings 2026,https://www.topuniversities.com/world-university-rankings,
Indian Overseas Bank,Victoria University,Australia,Top 300+ as per QS Rankings 2026,https://www.topuniversities.com/world-university-rankings,
Indian Overseas Bank,Vytautas Magnus University,Lithuania,Top 300+ as per QS Rankings 2026,https://www.topuniversities.com/world-university-rankings,
Indian Overseas Bank,Martin-Luther-Universitat Halle-Wittenberg,Germany,Top 300+ as per QS Rankings 2026,https://www.topuniversities.com/world-university-rankings,
Indian Overseas Bank,University of Lorraine,France,Top 300+ as per QS Rankings 2026,https://www.topuniversities.com/world-university-rankings,
Indian Overseas Bank,University of New Mexico,United States of America,Top 300+ as per QS Rankings 2026,https://www.topuniversities.com/world-university-rankings,
Indian Overseas Bank,University of Oregon,United States of America,Top 300+ as per QS Rankings 2026,https://www.topuniversities.com/world-university-rankings,
Indian Overseas Bank,University of Trieste,Italy,Top 300+ as per QS Rankings 2026,https://www.topuniversities.com/world-university-rankings,
Indian Overseas Bank,Al-Ahliyya Amman University,Jordan,Top 300+ as per QS Rankings 2026,https://www.topuniversities.com/world-university-rankings,
Indian Overseas Bank,Babes-Bolyai University,Romania,Top 300+ as per QS Rankings 2026,https://www.topuniversities.com/world-university-rankings,
Indian Overseas Bank,Bangladesh University of Engineering and Technology,Bangladesh,Top 300+ as per QS Rankings 2026,https://www.topuniversities.com/world-university-rankings,
Indian Overseas Bank,Czech University of Life Sciences in Prague,Czechia,Top 300+ as per QS Rankings 2026,https://www.topuniversities.com/world-university-rankings,
Indian Overseas Bank,"Government College University, Faisalabad",Pakistan,Top 300+ as per QS Rankings 2026,https://www.topuniversities.com/world-university-rankings,
Indian Overseas Bank,"Jamia Millia Islamia, New Delhi",India,Top 300+ as per QS Rankings 2026,https://www.topuniversities.com/world-university-rankings,
Indian Overseas Bank,Khoja Akhmet Yassawi International Kazakh-Turkish University,Kazakhstan,Top 300+ as per QS Rankings 2026,https://www.topuniversities.com/world-university-rankings,
Indian Overseas Bank,Kaohsiung Medical University,Taiwan,Top 300+ as per QS Rankings 2026,https://www.topuniversities.com/world-university-rankings,
Indian Overseas Bank,New Jersey Institute of Technology (NJIT),United States of America,Top 300+ as per QS Rankings 2026,https://www.topuniversities.com/world-university-rankings,
Indian Overseas Bank,Riga Technical University,Latvia,Top 300+ as per QS Rankings 2026,https://www.topuniversities.com/world-university-rankings,
Indian Overseas Bank,University of Belgrade,Serbia,Top 300+ as per QS Rankings 2026,https://www.topuniversities.com/world-university-rankings,
Indian Overseas Bank,University of Bucharest,Romania,Top 300+ as per QS Rankings 2026,https://www.topuniversities.com/world-university-rankings,
Indian Overseas Bank,University of Nizwa,Oman,Top 300+ as per QS Rankings 2026,https://www.topuniversities.com/world-university-rankings,
Indian Overseas Bank,"Vietnam National University, Hanoi",Vietnam,Top 300+ as per QS Rankings 2026,https://www.topuniversities.com/world-university-rankings,
Indian Overseas Bank,Holy Spirit University of Kaslik,Lebanon,Top 300+ as per QS Rankings 2026,https://www.topuniversities.com/world-university-rankings,
Indian Overseas Bank,Philipps-Universitat Marburg,Germany,Top 300+ as per QS Rankings 2026,https://www.topuniversities.com/world-university-rankings,
Indian Overseas Bank,Rovira i Virgili University,Spain,Top 300+ as per QS Rankings 2026,https://www.topuniversities.com/world-university-rankings,
Indian Overseas Bank,Rutgers University - Newark,United States of America,Top 300+ as per QS Rankings 2026,https://www.topuniversities.com/world-university-rankings,
Indian Overseas Bank,Thapar Institute of Engineering & Technology,India,Top 300+ as per QS Rankings 2026,https://www.topuniversities.com/world-university-rankings,
Indian Overseas Bank,Universidad de Palermo,Argentina,Top 300+ as per QS Rankings 2026,https://www.topuniversities.com/world-university-rankings,
Indian Overseas Bank,University of Calcutta,India,Top 300+ as per QS Rankings 2026,https://www.topuniversities.com/world-university-rankings,
Indian Overseas Bank,University of Maynooth,Ireland,Top 300+ as per QS Rankings 2026,https://www.topuniversities.com/world-university-rankings,
Indian Overseas Bank,Alexandria University,Egypt,Top 300+ as per QS Rankings 2026,https://www.topuniversities.com/world-university-rankings,
Indian Overseas Bank,Carleton University,Canada,Top 300+ as per QS Rankings 2026,https://www.topuniversities.com/world-university-rankings,
Indian Overseas Bank,Georgia State University,United States of America,Top 300+ as per QS Rankings 2026,https://www.topuniversities.com/world-university-rankings,
Indian Overseas Bank,Hong Kong Metropolitan University,China,Top 300+ as per QS Rankings 2026,https://www.topuniversities.com/world-university-rankings,
Indian Overseas Bank,Kuwait University,Kuwait,Top 300+ as per QS Rankings 2026,https://www.topuniversities.com/world-university-rankings,
Indian Overseas Bank,Technological University of Dublin,Ireland,Top 300+ as per QS Rankings 2026,https://www.topuniversities.com/world-university-rankings,
Indian Overseas Bank,Universidad de Alicante,Spain,Top 300+ as per QS Rankings 2026,https://www.topuniversities.com/world-university-rankings,
Indian Overseas Bank,Universidad de Antioquia,Colombia,Top 300+ as per QS Rankings 2026,https://www.topuniversities.com/world-university-rankings,
Indian Overseas Bank,Universidad del Rosario,Colombia,Top 300+ as per QS Rankings 2026,https://www.topuniversities.com/world-university-rankings,
Indian Overseas Bank,"Universidade Catolica Portuguesa, UCP",Portugal,Top 300+ as per QS Rankings 2026,https://www.topuniversities.com/world-university-rankings,
Indian Overseas Bank,University of Kentucky,United States of America,Top 300+ as per QS Rankings 2026,https://www.topuniversities.com/world-university-rankings,
Indian Overseas Bank,University of Mons,Belgium,Top 300+ as per QS Rankings 2026,https://www.topuniversities.com/world-university-rankings,
Indian Overseas Bank,V.N. Karazin Kharkiv National University,Ukraine,Top 300+ as per QS Rankings 2026,https://www.topuniversities.com/world-university-rankings,
Indian Overseas Bank,Wayne State University,United States of America,Top 300+ as per QS Rankings 2026,https://www.topuniversities.com/world-university-rankings,
Indian Overseas Bank,Applied Science Private University - Jordan,Jordan,Top 300+ as per QS Rankings 2026,https://www.topuniversities.com/world-university-rankings,
Indian Overseas Bank,Beijing University of Technology,China,Top 300+ as per QS Rankings 2026,https://www.topuniversities.com/world-university-rankings,
Indian Overseas Bank,Chiba University,Japan,Top 300+ as per QS Rankings 2026,https://www.topuniversities.com/world-university-rankings,
Indian Overseas Bank,Lanzhou University,China,Top 300+ as per QS Rankings 2026,https://www.topuniversities.com/world-university-rankings,
Indian Overseas Bank,Norwegian University of Life Sciences (UMB),Norway,Top 300+ as per QS Rankings 2026,https://www.topuniversities.com/world-university-rankings,
Indian Overseas Bank,Pontificia Universidad Catolica de Valparaiso,Chile,Top 300+ as per QS Rankings 2026,https://www.topuniversities.com/world-university-rankings,
Indian Overseas Bank,Universiti Tunku Abdul Rahman (UTAR),Malaysia,Top 300+ as per QS Rankings 2026,https://www.topuniversities.com/world-university-rankings,
Indian Overseas Bank,Wake Forest University,United States of America,Top 300+ as per QS Rankings 2026,https://www.topuniversities.com/world-university-rankings,
Indian Overseas Bank,AGH University of Krakow,Poland,Top 300+ as per QS Rankings 2026,https://www.topuniversities.com/world-university-rankings,
Indian Overseas Bank,Ahlia University,Bahrain,Top 300+ as per QS Rankings 2026,https://www.topuniversities.com/world-university-rankings,
Indian Overseas Bank,Alfaisal University,Saudi Arabia,Top 300+ as per QS Rankings 2026,https://www.topuniversities.com/world-university-rankings,
Indian Overseas Bank,Azerbaijan State University of Economics,Azerbaijan,Top 300+ as per QS Rankings 2026,https://www.topuniversities.com/world-university-rankings,
Indian Overseas Bank,Bournemouth University,United Kingdom,Top 300+ as per QS Rankings 2026,https://www.topuniversities.com/world-university-rankings,
Indian Overseas Bank,De Montfort University,United Kingdom,Top 300+ as per QS Rankings 2026,https://www.topuniversities.com/world-university-rankings,
Indian Overseas Bank,Donghua University,China,Top 300+ as per QS Rankings 2026,https://www.topuniversities.com/world-university-rankings,
Indian Overseas Bank,Gdansk University of Technology,Poland,Top 300+ as per QS Rankings 2026,https://www.topuniversities.com/world-university-rankings,
Indian Overseas Bank,German Jordanian University,Jordan,Top 300+ as per QS Rankings 2026,https://www.topuniversities.com/world-university-rankings,
Indian Overseas Bank,IIT Gandhinagar,India,Top 300+ as per QS Rankings 2026,https://www.topuniversities.com/world-university-rankings,
Indian Overseas Bank,Instituto Tecnologico Autonomo de Mexico (ITAM),Mexico,Top 300+ as per QS Rankings 2026,https://www.topuniversities.com/world-university-rankings,
Indian Overseas Bank,Keele University,United Kingdom,Top 300+ as per QS Rankings 2026,https://www.topuniversities.com/world-university-rankings,
Indian Overseas Bank,Middlesex University,United Kingdom,Top 300+ as per QS Rankings 2026,https://www.topuniversities.com/world-university-rankings,
Indian Overseas Bank,"National Technical University of Ukraine ""Igor Sikorsky Kyiv Polytechnic Institute""",Ukraine,Top 300+ as per QS Rankings 2026,https://www.topuniversities.com/world-university-rankings,
Indian Overseas Bank,Northwest Agriculture and Forestry University,China,Top 300+ as per QS Rankings 2026,https://www.topuniversities.com/world-university-rankings,
Indian Overseas Bank,Ocean University of China,China,Top 300+ as per QS Rankings 2026,https://www.topuniversities.com/world-university-rankings,
Indian Overseas Bank,Perugia University,Italy,Top 300+ as per QS Rankings 2026,https://www.topuniversities.com/world-university-rankings,
Indian Overseas Bank,Politecnico di Bari,Italy,Top 300+ as per QS Rankings 2026,https://www.topuniversities.com/world-university-rankings,
Indian Overseas Bank,Qassim University,Saudi Arabia,Top 300+ as per QS Rankings 2026,https://www.topuniversities.com/world-university-rankings,
Indian Overseas Bank,Soochow University,China,Top 300+ as per QS Rankings 2026,https://www.topuniversities.com/world-university-rankings,
Indian Overseas Bank,"The New School, New York City and Paris",United States of America,Top 300+ as per QS Rankings 2026,https://www.topuniversities.com/world-university-rankings,
Indian Overseas Bank,Tokyo University of Science (RIKADAI),Japan,Top 300+ as per QS Rankings 2026,https://www.topuniversities.com/world-university-rankings,
Indian Overseas Bank,Universidad de la Habana,Cuba,Top 300+ as per QS Rankings 2026,https://www.topuniversities.com/world-university-rankings,
Indian Overseas Bank,Universidad de Montevideo,Uruguay,Top 300+ as per QS Rankings 2026,https://www.topuniversities.com/world-university-rankings,
Indian Overseas Bank,Universidad de San Francisco de Quito,Ecuador,Top 300+ as per QS Rankings 2026,https://www.topuniversities.com/world-university-rankings,
Indian Overseas Bank,Universidade de Brasilia (UnB),Brazil,Top 300+ as per QS Rankings 2026,https://www.topuniversities.com/world-university-rankings,
Indian Overseas Bank,Universidade Federal de Santa Catarina,Brazil,Top 300+ as per QS Rankings 2026,https://www.topuniversities.com/world-university-rankings,
Indian Overseas Bank,Universidade Federal de Sao Paulo (UNIFESP),Brazil,Top 300+ as per QS Rankings 2026,https://www.topuniversities.com/world-university-rankings,
Indian Overseas Bank,University of Salerno,Italy,Top 300+ as per QS Rankings 2026,https://www.topuniversities.com/world-university-rankings,
Indian Overseas Bank,Polytechnic University of Marche - UNIVPM,Italy,Top 300+ as per QS Rankings 2026,https://www.topuniversities.com/world-university-rankings,
Indian Overseas Bank,University of Palermo,Italy,Top 300+ as per QS Rankings 2026,https://www.topuniversities.com/world-university-rankings,
Indian Overseas Bank,Universitat Duisburg-Essen,Germany,Top 300+ as per QS Rankings 2026,https://www.topuniversities.com/world-university-rankings,
Indian Overseas Bank,Universiti Malaysia Terengganu (UMT),Malaysia,Top 300+ as per QS Rankings 2026,https://www.topuniversities.com/world-university-rankings,
Indian Overseas Bank,University of Bari,Italy,Top 300+ as per QS Rankings 2026,https://www.topuniversities.com/world-university-rankings,
Indian Overseas Bank,University of Brighton,United Kingdom,Top 300+ as per QS Rankings 2026,https://www.topuniversities.com/world-university-rankings,
Indian Overseas Bank,University of Engineering & Technology (UET) Lahore,Pakistan,Top 300+ as per QS Rankings 2026,https://www.topuniversities.com/world-university-rankings,
Indian Overseas Bank,University of Greenwich,United Kingdom,Top 300+ as per QS Rankings 2026,https://www.topuniversities.com/world-university-rankings,
Indian Overseas Bank,University of Hyderabad,India,Top 300+ as per QS Rankings 2026,https://www.topuniversities.com/world-university-rankings,
Indian Overseas Bank,University of Latvia,Latvia,Top 300+ as per QS Rankings 2026,https://www.topuniversities.com/world-university-rankings,
Indian Overseas Bank,University of Lincoln,United Kingdom,Top 300+ as per QS Rankings 2026,https://www.topuniversities.com/world-university-rankings,
Indian Overseas Bank,"University of Maryland, Baltimore",United States of America,Top 300+ as per QS Rankings 2026,https://www.topuniversities.com/world-university-rankings,
Indian Overseas Bank,"University of Maryland, Baltimore County",United States of America,Top 300+ as per QS Rankings 2026,https://www.topuniversities.com/world-university-rankings,
Indian Overseas Bank,University of Modena and Reggio Emilia,Italy,Top 300+ as per QS Rankings 2026,https://www.topuniversities.com/world-university-rankings,
Indian Overseas Bank,University of Namur,Belgium,Top 300+ as per QS Rankings 2026,https://www.topuniversities.com/world-university-rankings,
Indian Overseas Bank,University of Ulsan,South Korea,Top 300+ as per QS Rankings 2026,https://www.topuniversities.com/world-university-rankings,
Indian Overseas Bank,University of Westminster,United Kingdom,Top 300+ as per QS Rankings 2026,https://www.topuniversities.com/world-university-rankings,
Indian Overseas Bank,University of Wroclaw,Poland,Top 300+ as per QS Rankings 2026,https://www.topuniversities.com/world-university-rankings,
Indian Overseas Bank,Vietnam National University - Ho Chi Minh City (VNU-HCM),Vietnam,Top 300+ as per QS Rankings 2026,https://www.topuniversities.com/world-university-rankings,
Indian Overseas Bank,Zurich University of Applied Sciences (ZHAW),Switzerland,Top 300+ as per QS Rankings 2026,https://www.topuniversities.com/world-university-rankings,
Indian Overseas Bank,Addis Ababa University,Ethiopia,Top 300+ as per QS Rankings 2026,https://www.topuniversities.com/world-university-rankings,
Indian Overseas Bank,Altai State University,Russian Federation,Top 300+ as per QS Rankings 2026,https://www.topuniversities.com/world-university-rankings,
Indian Overseas Bank,Auburn University,United States of America,Top 300+ as per QS Rankings 2026,https://www.topuniversities.com/world-university-rankings,
Indian Overseas Bank,Australian Catholic University,Australia,Top 300+ as per QS Rankings 2026,https://www.topuniversities.com/world-university-rankings,
Indian Overseas Bank,Azerbaijan State Oil and Industry University,Azerbaijan,Top 300+ as per QS Rankings 2026,https://www.topuniversities.com/world-university-rankings,
Indian Overseas Bank,Azerbaijan Technical University,Azerbaijan,Top 300+ as per QS Rankings 2026,https://www.topuniversities.com/world-university-rankings,
Indian Overseas Bank,Beijing Jiaotong University,China,Top 300+ as per QS Rankings 2026,https://www.topuniversities.com/world-university-rankings,
Indian Overseas Bank,Belarusian National Technical University,Belarus,Top 300+ as per QS Rankings 2026,https://www.topuniversities.com/world-university-rankings,
Indian Overseas Bank,BINUS UNIVERSITY (Bina Nusantara University),Indonesia,Top 300+ as per QS Rankings 2026,https://www.topuniversities.com/world-university-rankings,
Indian Overseas Bank,Catania University,Italy,Top 300+ as per QS Rankings 2026,https://www.topuniversities.com/world-university-rankings,
Indian Overseas Bank,China University of Geosciences,China,Top 300+ as per QS Rankings 2026,https://www.topuniversities.com/world-university-rankings,
Indian Overseas Bank,Chungnam National University,South Korea,Top 300+ as per QS Rankings 2026,https://www.topuniversities.com/world-university-rankings,
Indian Overseas Bank,Dhofar University,Oman,Top 300+ as per QS Rankings 2026,https://www.topuniversities.com/world-university-rankings,
Indian Overseas Bank,Edinburgh Napier University,United Kingdom,Top 300+ as per QS Rankings 2026,https://www.topuniversities.com/world-university-rankings,
Indian Overseas Bank,Effat University,Saudi Arabia,Top 300+ as per QS Rankings 2026,https://www.topuniversities.com/world-university-rankings,
Indian Overseas Bank,European University of Lefke (EUL),Northern Cyprus,Top 300+ as per QS Rankings 2026,https://www.topuniversities.com/world-university-rankings,
Indian Overseas Bank,I.M. Sechenov First Moscow State Medical University,Russian Federation,Top 300+ as per QS Rankings 2026,https://www.topuniversities.com/world-university-rankings,
Indian Overseas Bank,Imam Muhammad Ibn Saud Islamic University - IMSIU,Saudi Arabia,Top 300+ as per QS Rankings 2026,https://www.topuniversities.com/world-university-rankings,
Indian Overseas Bank,Instituto Politecnico Nacional (IPN),Mexico,Top 300+ as per QS Rankings 2026,https://www.topuniversities.com/world-university-rankings,
Indian Overseas Bank,Jiangnan University,China,Top 300+ as per QS Rankings 2026,https://www.topuniversities.com/world-university-rankings,
Indian Overseas Bank,Liverpool John Moores University,United Kingdom,Top 300+ as per QS Rankings 2026,https://www.topuniversities.com/world-university-rankings,
Indian Overseas Bank,Louisiana State University,United States of America,Top 300+ as per QS Rankings 2026,https://www.topuniversities.com/world-university-rankings,
Indian Overseas Bank,Manipal Academy of Higher Education - Manipal University (MAHE),India,Top 300+ as per QS Rankings 2026,https://www.topuniversities.com/world-university-rankings,
Indian Overseas Bank,Mendel University in Brno,Czechia,Top 300+ as per QS Rankings 2026,https://www.topuniversities.com/world-university-rankings,
Indian Overseas Bank,Multimedia University (MMU),Malaysia,Top 300+ as per QS Rankings 2026,https://www.topuniversities.com/world-university-rankings,
Indian Overseas Bank,Nantes University,France,Top 300+ as per QS Rankings 2026,https://www.topuniversities.com/world-university-rankings,
Indian Overseas Bank,O. P. Jindal Global University (JGU),India,Top 300+ as per QS Rankings 2026,https://www.topuniversities.com/world-university-rankings,
Indian Overseas Bank,Oklahoma State University,United States of America,Top 300+ as per QS Rankings 2026,https://www.topuniversities.com/world-university-rankings,
Indian Overseas Bank,Prince of Songkla University,Thailand,Top 300+ as per QS Rankings 2026,https://www.topuniversities.com/world-university-rankings,
Indian Overseas Bank,Tokyo University of Agriculture and Technology,Japan,Top 300+ as per QS Rankings 2026,https://www.topuniversities.com/world-university-rankings,
Indian Overseas Bank,Universidad Anahuac,Mexico,Top 300+ as per QS Rankings 2026,https://www.topuniversities.com/world-university-rankings,
Indian Overseas Bank,Universidad Nacional de Cordoba,Argentina,Top 300+ as per QS Rankings 2026,https://www.topuniversities.com/world-university-rankings,
Indian Overseas Bank,Universidade de Vigo,Spain,Top 300+ as per QS Rankings 2026,https://www.topuniversities.com/world-university-rankings,
Indian Overseas Bank,University of Tuscia,Italy,Top 300+ as per QS Rankings 2026,https://www.topuniversities.com/world-university-rankings,
Indian Overseas Bank,Universitat Dusseldorf,Germany,Top 300+ as per QS Rankings 2026,https://www.topuniversities.com/world-university-rankings,
Indian Overseas Bank,Universitat Rostock,Germany,Top 300+ as per QS Rankings 2026,https://www.topuniversities.com/world-university-rankings,
Indian Overseas Bank,University of Franche-Comte,France,Top 300+ as per QS Rankings 2026,https://www.topuniversities.com/world-university-rankings,
Indian Overseas Bank,University du Quebec,Canada,Top 300+ as per QS Rankings 2026,https://www.topuniversities.com/world-university-rankings,
Indian Overseas Bank,Universiti Pendidikan Sultan Idris (UPSI),Malaysia,Top 300+ as per QS Rankings 2026,https://www.topuniversities.com/world-university-rankings,
Indian Overseas Bank,"University of Colorado, Denver",United States of America,Top 300+ as per QS Rankings 2026,https://www.topuniversities.com/world-university-rankings,
Indian Overseas Bank,University of Dubai,United Arab Emirates,Top 300+ as per QS Rankings 2026,https://www.topuniversities.com/world-university-rankings,
Indian Overseas Bank,University of Gdansk,Poland,Top 300+ as per QS Rankings 2026,https://www.topuniversities.com/world-university-rankings,
Indian Overseas Bank,University of Ghana,Ghana,Top 300+ as per QS Rankings 2026,https://www.topuniversities.com/world-university-rankings,
Indian Overseas Bank,University of Santo Tomas,Philippines,Top 300+ as per QS Rankings 2026,https://www.topuniversities.com/world-university-rankings,
Indian Overseas Bank,University of Seoul,South Korea,Top 300+ as per QS Rankings 2026,https://www.topuniversities.com/world-university-rankings,
Indian Overseas Bank,University of Stavanger,Norway,Top 300+ as per QS Rankings 2026,https://www.topuniversities.com/world-university-rankings,
Indian Overseas Bank,Verona University,Italy,Top 300+ as per QS Rankings 2026,https://www.topuniversities.com/world-university-rankings,
Indian Overseas Bank,Vilnius Gediminas Technical University,Lithuania,Top 300+ as per QS Rankings 2026,https://www.topuniversities.com/world-university-rankings,
Indian Overseas Bank,Worcester Polytechnic Institute,United States of America,Top 300+ as per QS Rankings 2026,https://www.topuniversities.com/world-university-rankings,
Indian Overseas Bank,Wroclaw University of Science and Technology (WUST),Poland,Top 300+ as per QS Rankings 2026,https://www.topuniversities.com/world-university-rankings,
Indian Overseas Bank,Yarmouk University,Jordan,Top 300+ as per QS Rankings 2026,https://www.topuniversities.com/world-university-rankings,
Indian Overseas Bank,Al Jouf University,Saudi Arabia,Top 300+ as per QS Rankings 2026,https://www.topuniversities.com/world-university-rankings,
Indian Overseas Bank,American University of Central Asia,Kyrgyzstan,Top 300+ as per QS Rankings 2026,https://www.topuniversities.com/world-university-rankings,
Indian Overseas Bank,Baku Engineering University,Azerbaijan,Top 300+ as per QS Rankings 2026,https://www.topuniversities.com/world-university-rankings,
Indian Overseas Bank,Chonnam National University,South Korea,Top 300+ as per QS Rankings 2026,https://www.topuniversities.com/world-university-rankings,
Indian Overseas Bank,Colegio de Mexico,Mexico,Top 300+ as per QS Rankings 2026,https://www.topuniversities.com/world-university-rankings,
Indian Overseas Bank,Future University in Egypt,Egypt,Top 300+ as per QS Rankings 2026,https://www.topuniversities.com/world-university-rankings,
Indian Overseas Bank,Gazi Universitesi,Türkiye,Top 300+ as per QS Rankings 2026,https://www.topuniversities.com/world-university-rankings,
Indian Overseas Bank,Gulf University for Science and Technology (GUST),Kuwait,Top 300+ as per QS Rankings 2026,https://www.topuniversities.com/world-university-rankings,
Indian Overseas Bank,Huazhong Agricultural University,China,Top 300+ as per QS Rankings 2026,https://www.topuniversities.com/world-university-rankings,
Indian Overseas Bank,Kanazawa University,Japan,Top 300+ as per QS Rankings 2026,https://www.topuniversities.com/world-university-rankings,
Indian Overseas Bank,Kansas State University,United States of America,Top 300+ as per QS Rankings 2026,https://www.topuniversities.com/world-university-rankings,
Indian Overseas Bank,Karaganda Buketov University,Kazakhstan,Top 300+ as per QS Rankings 2026,https://www.topuniversities.com/world-university-rankings,
Indian Overseas Bank,Khon Kaen University,Thailand,Top 300+ as per QS Rankings 2026,https://www.topuniversities.com/world-university-rankings,
Indian Overseas Bank,King Mongkuts University of Technology Thonburi,Thailand,Top 300+ as per QS Rankings 2026,https://www.topuniversities.com/world-university-rankings,
Indian Overseas Bank,London South Bank University,United Kingdom,Top 300+ as per QS Rankings 2026,https://www.topuniversities.com/world-university-rankings,
Indian Overseas Bank,Lovely Professional University (LPU),India,Top 300+ as per QS Rankings 2026,https://www.topuniversities.com/world-university-rankings,
Indian Overseas Bank,Macao Polytechnic University,China,Top 300+ as per QS Rankings 2026,https://www.topuniversities.com/world-university-rankings,
Indian Overseas Bank,Michigan Technological University,United States of America,Top 300+ as per QS Rankings 2026,https://www.topuniversities.com/world-university-rankings,
Indian Overseas Bank,Nagasaki University,Japan,Top 300+ as per QS Rankings 2026,https://www.topuniversities.com/world-university-rankings,
Indian Overseas Bank,Osaka Metropolitan University,Japan,Top 300+ as per QS Rankings 2026,https://www.topuniversities.com/world-university-rankings,
Indian Overseas Bank,Panjab University,India,Top 300+ as per QS Rankings 2026,https://www.topuniversities.com/world-university-rankings,
Indian Overseas Bank,Princess Sumaya University for Technology,Jordan,Top 300+ as per QS Rankings 2026,https://www.topuniversities.com/world-university-rankings,
Indian Overseas Bank,Saveetha Institute of Medical And Technical Sciences (SIMATS),India,Top 300+ as per QS Rankings 2026,https://www.topuniversities.com/world-university-rankings,
Indian Overseas Bank,Taif University,Saudi Arabia,Top 300+ as per QS Rankings 2026,https://www.topuniversities.com/world-university-rankings,
Indian Overseas Bank,Tallinn University,Estonia,Top 300+ as per QS Rankings 2026,https://www.topuniversities.com/world-university-rankings,
Indian Overseas Bank,Tashkent State Technical University,Uzbekistan,Top 300+ as per QS Rankings 2026,https://www.topuniversities.com/world-university-rankings,
Indian Overseas Bank,Universidad Catolica Andres Bello - UCAB,Venezuela,Top 300+ as per QS Rankings 2026,https://www.topuniversities.com/world-university-rankings,
Indian Overseas Bank,Universidad Catolica del Uruguay (UCU),Uruguay,Top 300+ as per QS Rankings 2026,https://www.topuniversities.com/world-university-rankings,
Indian Overseas Bank,Universidad de los Andes Chile,Chile,Top 300+ as per QS Rankings 2026,https://www.topuniversities.com/world-university-rankings,
Indian Overseas Bank,Universidad de Oviedo,Spain,Top 300+ as per QS Rankings 2026,https://www.topuniversities.com/world-university-rankings,
Indian Overseas Bank,Universidad de Valladolid,Spain,Top 300+ as per QS Rankings 2026,https://www.topuniversities.com/world-university-rankings,
Indian Overseas Bank,Universidad Europea de Madrid,Spain,Top 300+ as per QS Rankings 2026,https://www.topuniversities.com/world-university-rankings,
Indian Overseas Bank,Universidad Iberoamericana (UIA),Mexico,Top 300+ as per QS Rankings 2026,https://www.topuniversities.com/world-university-rankings,
Indian Overseas Bank,Universita degli Studi Roma Tre,Italy,Top 300+ as per QS Rankings 2026,https://www.topuniversities.com/world-university-rankings,
Indian Overseas Bank,University of Sherbrooke,Canada,Top 300+ as per QS Rankings 2026,https://www.topuniversities.com/world-university-rankings,
Indian Overseas Bank,University at Albany SUNY,United States of America,Top 300+ as per QS Rankings 2026,https://www.topuniversities.com/world-university-rankings,
Indian Overseas Bank,University of Alabama,United States of America,Top 300+ as per QS Rankings 2026,https://www.topuniversities.com/world-university-rankings,
Indian Overseas Bank,University of Alaska Fairbanks,United States of America,Top 300+ as per QS Rankings 2026,https://www.topuniversities.com/world-university-rankings,
Indian Overseas Bank,University of Hertfordshire,United Kingdom,Top 300+ as per QS Rankings 2026,https://www.topuniversities.com/world-university-rankings,
Indian Overseas Bank,University of Maribor,Slovenia,Top 300+ as per QS Rankings 2026,https://www.topuniversities.com/world-university-rankings,
Indian Overseas Bank,University of North Texas,United States of America,Top 300+ as per QS Rankings 2026,https://www.topuniversities.com/world-university-rankings,
Indian Overseas Bank,University of Peshawar,Pakistan,Top 300+ as per QS Rankings 2026,https://www.topuniversities.com/world-university-rankings,
Indian Overseas Bank,University of Petroleum and Energy Studies (UPES),India,Top 300+ as per QS Rankings 2026,https://www.topuniversities.com/world-university-rankings,
Indian Overseas Bank,University of Salford,United Kingdom,Top 300+ as per QS Rankings 2026,https://www.topuniversities.com/world-university-rankings,
Indian Overseas Bank,University of South Africa,South Africa,Top 300+ as per QS Rankings 2026,https://www.topuniversities.com/world-university-rankings,
Indian Overseas Bank,Virginia Commonwealth University,United States of America,Top 300+ as per QS Rankings 2026,https://www.topuniversities.com/world-university-rankings,
Indian Overseas Bank,Yeungnam University,South Korea,Top 300+ as per QS Rankings 2026,https://www.topuniversities.com/world-university-rankings,
Indian Overseas Bank,Abylkas Saginov Karaganda Technical University,Kazakhstan,Top 300+ as per QS Rankings 2026,https://www.topuniversities.com/world-university-rankings,
Indian Overseas Bank,Al Nahrain University,Iraq,Top 300+ as per QS Rankings 2026,https://www.topuniversities.com/world-university-rankings,
Indian Overseas Bank,Al-Quds University,Palestine,Top 300+ as per QS Rankings 2026,https://www.topuniversities.com/world-university-rankings,
Indian Overseas Bank,Amity University,India,Top 300+ as per QS Rankings 2026,https://www.topuniversities.com/world-university-rankings,
Indian Overseas Bank,Athens University of Economics And Business,Greece,Top 300+ as per QS Rankings 2026,https://www.topuniversities.com/world-university-rankings,
Indian Overseas Bank,Charles Sturt University,Australia,Top 300+ as per QS Rankings 2026,https://www.topuniversities.com/world-university-rankings,
Indian Overseas Bank,Clarkson University,United States of America,Top 300+ as per QS Rankings 2026,https://www.topuniversities.com/world-university-rankings,
Indian Overseas Bank,Clemson University,United States of America,Top 300+ as per QS Rankings 2026,https://www.topuniversities.com/world-university-rankings,
Indian Overseas Bank,CY Cergy Paris University,France,Top 300+ as per QS Rankings 2026,https://www.topuniversities.com/world-university-rankings,
Indian Overseas Bank,Escuela Superior Politecnica del Litoral - ESPOL,Ecuador,Top 300+ as per QS Rankings 2026,https://www.topuniversities.com/world-university-rankings,
Indian Overseas Bank,Ferdowsi University of Mashhad,Iran,Top 300+ as per QS Rankings 2026,https://www.topuniversities.com/world-university-rankings,
Indian Overseas Bank,George Mason University,United States of America,Top 300+ as per QS Rankings 2026,https://www.topuniversities.com/world-university-rankings,
Indian Overseas Bank,Guru Gobind Singh Indraprastha University,India,Top 300+ as per QS Rankings 2026,https://www.topuniversities.com/world-university-rankings,
Indian Overseas Bank,Hasanuddin University,Indonesia,Top 300+ as per QS Rankings 2026,https://www.topuniversities.com/world-university-rankings,
Indian Overseas Bank,Immanuel Kant Baltic Federal University,Russian Federation,Top 300+ as per QS Rankings 2026,https://www.topuniversities.com/world-university-rankings,
Indian Overseas Bank,Indian Institute of Technology Bhubaneswar (IIT BBS),India,Top 300+ as per QS Rankings 2026,https://www.topuniversities.com/world-university-rankings,
Indian Overseas Bank,Ivane Javakhishvili Tbilisi State University,Georgia,Top 300+ as per QS Rankings 2026,https://www.topuniversities.com/world-university-rankings,
Indian Overseas Bank,Khazar University,Azerbaijan,Top 300+ as per QS Rankings 2026,https://www.topuniversities.com/world-university-rankings,
Indian Overseas Bank,Kumamoto University,Japan,Top 300+ as per QS Rankings 2026,https://www.topuniversities.com/world-university-rankings,
Indian Overseas Bank,Kyrgyz-Turkish Manas University,Kyrgyzstan,Top 300+ as per QS Rankings 2026,https://www.topuniversities.com/world-university-rankings,
Indian Overseas Bank,Lodz University,Poland,Top 300+ as per QS Rankings 2026,https://www.topuniversities.com/world-university-rankings,
Indian Overseas Bank,Nanjing Agricultural University,China,Top 300+ as per QS Rankings 2026,https://www.topuniversities.com/world-university-rankings,
Indian Overseas Bank,Nanjing Normal University,China,Top 300+ as per QS Rankings 2026,https://www.topuniversities.com/world-university-rankings,
Indian Overseas Bank,National Chung Cheng University,Taiwan,Top 300+ as per QS Rankings 2026,https://www.topuniversities.com/world-university-rankings,
Indian Overseas Bank,North South University,Bangladesh,Top 300+ as per QS Rankings 2026,https://www.topuniversities.com/world-university-rankings,
Indian Overseas Bank,North-West University,South Africa,Top 300+ as per QS Rankings 2026,https://www.topuniversities.com/world-university-rankings,
Indian Overseas Bank,Okayama University,Japan,Top 300+ as per QS Rankings 2026,https://www.topuniversities.com/world-university-rankings,
Indian Overseas Bank,Rochester Institute of Technology (RIT),United States of America,Top 300+ as per QS Rankings 2026,https://www.topuniversities.com/world-university-rankings,
Indian Overseas Bank,Saint Louis University,United States of America,Top 300+ as per QS Rankings 2026,https://www.topuniversities.com/world-university-rankings,
Indian Overseas Bank,Sohar University,Oman,Top 300+ as per QS Rankings 2026,https://www.topuniversities.com/world-university-rankings,
Indian Overseas Bank,Sophia University,Japan,Top 300+ as per QS Rankings 2026,https://www.topuniversities.com/world-university-rankings,
Indian Overseas Bank,South Ural State University,Russian Federation,Top 300+ as per QS Rankings 2026,https://www.topuniversities.com/world-university-rankings,
Indian Overseas Bank,The Robert Gordon University,United Kingdom,Top 300+ as per QS Rankings 2026,https://www.topuniversities.com/world-university-rankings,
Indian Overseas Bank,Universidad Autonoma Metropolitana (UAM),Mexico,Top 300+ as per QS Rankings 2026,https://www.topuniversities.com/world-university-rankings,
Indian Overseas Bank,Universidad de Belgrano,Argentina,Top 300+ as per QS Rankings 2026,https://www.topuniversities.com/world-university-rankings,
Indian Overseas Bank,Universidad de Cordoba - Espana,Spain,Top 300+ as per QS Rankings 2026,https://www.topuniversities.com/world-university-rankings,
Indian Overseas Bank,Universidad de La Sabana,Colombia,Top 300+ as per QS Rankings 2026,https://www.topuniversities.com/world-university-rankings,
Indian Overseas Bank,Universidad EAFIT,Colombia,Top 300+ as per QS Rankings 2026,https://www.topuniversities.com/world-university-rankings,
Indian Overseas Bank,Universidad Espiritu Santo (UEES),Ecuador,Top 300+ as per QS Rankings 2026,https://www.topuniversities.com/world-university-rankings,
Indian Overseas Bank,Universidad Externado de Colombia,Colombia,Top 300+ as per QS Rankings 2026,https://www.topuniversities.com/world-university-rankings,
Indian Overseas Bank,Universidad Nacional Mayor de San Marcos,Peru,Top 300+ as per QS Rankings 2026,https://www.topuniversities.com/world-university-rankings,
Indian Overseas Bank,Universidad Torcuato Di Tella,Argentina,Top 300+ as per QS Rankings 2026,https://www.topuniversities.com/world-university-rankings,
Indian Overseas Bank,University of Ferrara,Italy,Top 300+ as per QS Rankings 2026,https://www.topuniversities.com/world-university-rankings,
Indian Overseas Bank,Universita della Calabria,Italy,Top 300+ as per QS Rankings 2026,https://www.topuniversities.com/world-university-rankings,
Indian Overseas Bank,University of Bahrain,Bahrain,Top 300+ as per QS Rankings 2026,https://www.topuniversities.com/world-university-rankings,
Indian Overseas Bank,University of Cyberjaya,Malaysia,Top 300+ as per QS Rankings 2026,https://www.topuniversities.com/world-university-rankings,
Indian Overseas Bank,University of Hail,Saudi Arabia,Top 300+ as per QS Rankings 2026,https://www.topuniversities.com/world-university-rankings,
Indian Overseas Bank,University of Lahore,Pakistan,Top 300+ as per QS Rankings 2026,https://www.topuniversities.com/world-university-rankings,
Indian Overseas Bank,University of Massachusetts Boston,United States of America,Top 300+ as per QS Rankings 2026,https://www.topuniversities.com/world-university-rankings,
Indian Overseas Bank,University of the Western Cape,South Africa,Top 300+ as per QS Rankings 2026,https://www.topuniversities.com/world-university-rankings,
Indian Overseas Bank,Wuhan University of Technology,China,Top 300+ as per QS Rankings 2026,https://www.topuniversities.com/world-university-rankings,
